{"stats":{"minecraft:mined":{"minecraft:dark_oak_planks":1,"pamhc2crops:pamguaranacrop":40,"minecraft:oak_sapling":1,"pamhc2crops:pamlettucecrop":46,"minecraft:white_bed":1,"butcher:skinned_cow_corpse":5,"minecraft:farmland":26,"minecraft:cobblestone_stairs":1,"minecraft:jungle_leaves":14,"pamhc2crops:pamelderberrycrop":14,"butcher:pigcorpse":5,"minecraft:granite":51,"minecraft:grass_block":768,"butcher:hanging_skinned_drained_sheep":2,"minecraft:spawner":8,"minecraft:smooth_stone":4,"pamhc2crops:pamkiwicrop":20,"minecraft:mossy_cobblestone_stairs":1,"pamhc2crops:pamamaranthcrop":32,"butcher:turtlecorpse":3,"minecraft:iron_ore":206,"minecraft:cobbled_deepslate":2,"minecraft:deepslate_lapis_ore":12,"minecraft:dark_oak_stairs":1,"pamhc2crops:pamblackberrycrop":1,"butcher:hangingcowheadless":1,"minecraft:dirt_path":3,"butcher:skinned_hanging_cow":2,"minecraft:spruce_slab":1,"travelersbackpack:gray_sleeping_bag":3,"pamhc2crops:pambarleycrop":26,"minecraft:deepslate_redstone_ore":4,"pamhc2crops:pamcorncrop":31,"minecraft:cyan_terracotta":2,"butcher:sheepcorpse":2,"butcher:hanging_drained_turtle_corpse":2,"minecraft:torch":25,"minecraft:chest":6,"pamhc2crops:pamparsnipcrop":26,"minecraft:cobblestone":148,"pamhc2crops:shadedgarden":10,"minecraft:oak_planks":48,"minecraft:wall_torch":12,"minecraft:deepslate_copper_ore":2,"minecraft:seagrass":1,"butcher:spitroast":5,"minecraft:chain":1,"butcher:saltblock":23,"minecraft:dark_oak_slab":2,"pamhc2crops:pamtarocrop":8,"minecraft:birch_log":12,"minecraft:wheat":563,"pamhc2crops:pamcantaloupecrop":22,"minecraft:smooth_stone_slab":4,"butcher:hanging_cow_corpse":2,"minecraft:grass":1771,"minecraft:oak_log":117,"pamhc2crops:pamgingercrop":4,"minecraft:sand":228,"minecraft:dirt":775,"minecraft:tripwire_hook":2,"create:crimsite":123,"minecraft:oak_leaves":63,"minecraft:deepslate":124,"create:zinc_ore":36,"minecraft:tuff":34,"minecraft:mossy_cobblestone":4,"pamhc2crops:pamkenafcrop":7,"butcher:hanging_chicken_skinned_corpse":1,"butcher:drained_turtle_corpse":1,"pamhc2crops:pambellpeppercrop":26,"pamhc2crops:tropicalgarden":32,"create:ochrum":72,"minecraft:polished_andesite_slab":2,"travelersbackpack:white_sleeping_bag":1,"minecraft:sandstone":36,"pamhc2crops:pamaloecrop":20,"minecraft:hay_block":11,"minecraft:redstone_ore":3,"minecraft:furnace":3,"butcher:chicken_drained_corpse":2,"create:layered_crimsite":6,"pamhc2crops:pamcucumbercrop":13,"minecraft:andesite":14,"minecraft:polished_deepslate":25,"pamhc2crops:pamsunchokecrop":5,"minecraft:deepslate_iron_ore":23,"minecraft:rail":1,"minecraft:lantern":2,"minecraft:packed_ice":3,"travelersbackpack:bee":1,"pamhc2crops:pamonioncrop":33,"minecraft:stone":906,"pamhc2crops:pampeanutcrop":6,"minecraft:white_wool":25,"create:crimsite_pillar":22,"pamhc2crops:pamcalabashcrop":53,"pamhc2crops:pamchilipeppercrop":17,"pamhc2crops:windygarden":48,"pamhc2crops:pamalfalfacrop":22,"minecraft:dandelion":2,"minecraft:oak_fence":54,"pamhc2crops:pamgrapecrop":44,"butcher:polarbearcorpse":1,"minecraft:crafting_table":1,"butcher:hanging_chicken_corpse":4,"butcher:chicken_corpse":8,"minecraft:campfire":1,"pamhc2crops:pamwintersquashcrop":7,"minecraft:copper_ore":15,"minecraft:tall_grass":240,"pamhc2crops:pamsoybeancrop":22,"pamhc2crops:pammustardseedscrop":16,"minecraft:lapis_ore":2,"minecraft:deepslate_gold_ore":12,"butcher:cowcorpse":5,"pamhc2crops:pamsesameseedscrop":12,"minecraft:diorite":20,"pamhc2trees:pamjackfruit":1,"minecraft:spruce_stairs":2,"butcher:drained_hanging_cow":3,"minecraft:coarse_dirt":1,"butcher:drained_skinned_hanging_pig":2,"pamhc2crops:pambokchoycrop":11,"minecraft:sweet_berry_bush":1,"minecraft:ice":1,"butcher:hook_block":1,"minecraft:coal_ore":179,"minecraft:gravel":39,"butcher:metal_tray":1,"minecraft:dripstone_block":18,"minecraft:cobweb":232,"pamhc2crops:pamartichokecrop":50,"minecraft:polished_andesite":7,"minecraft:gold_ore":5},"minecraft:crafted":{"minecraft:oak_planks":444,"butcher:hammer":1,"pamhc2crops:grapeseeditem":5,"minecraft:chain":4,"minecraft:cooked_chicken":1,"pamhc2crops:barleyseeditem":11,"minecraft:stone":8,"pamhc2crops:onionseeditem":20,"minecraft:cooked_mutton":4,"minecraft:iron_bars":16,"minecraft:glass":64,"minecraft:iron_boots":1,"minecraft:chest":21,"create:layered_crimsite":1,"storagedrawers:oak_full_drawers_4":8,"minecraft:stone_hoe":5,"minecraft:stone_bricks":3,"minecraft:oak_fence":75,"minecraft:deepslate":16,"butcher:pliers":1,"minecraft:crafting_table":13,"minecraft:spruce_planks":52,"travelersbackpack:standard":1,"minecraft:wooden_pickaxe":1,"minecraft:iron_helmet":1,"butcher:skinning_knife":1,"pamhc2foodcore:mayonaiseitem":2,"minecraft:birch_planks":48,"minecraft:campfire":2,"pamhc2crops:guaranaseeditem":11,"pamhc2crops:amaranthseeditem":16,"minecraft:iron_chestplate":1,"pamhc2crops:cucumberseeditem":5,"minecraft:shield":5,"minecraft:stick":248,"pamhc2crops:cantaloupeseeditem":6,"minecraft:iron_ingot":164,"minecraft:iron_pickaxe":7,"minecraft:iron_block":1,"minecraft:stone_sword":1,"butcher:butchers_knife":1,"pamhc2crops:lettuceseeditem":19,"mcdw:sword_claymore":1,"minecraft:shears":1,"pamhc2crops:parsnipseeditem":10,"pamhc2crops:alfalfaseeditem":8,"butcher:bloodgrate":4,"pamhc2crops:wintersquashseeditem":6,"pamhc2crops:taroseeditem":8,"minecraft:stone_shovel":1,"minecraft:stone_brick_wall":2,"minecraft:tripwire_hook":2,"pamhc2crops:bokchoyseeditem":3,"minecraft:iron_nugget":450,"butcher:rag":2,"pamhc2crops:mustardseedsseeditem":16,"minecraft:furnace":3,"pamhc2crops:flaxseeditem":1,"pamhc2crops:elderberryseeditem":14,"pamhc2crops:cornseeditem":17,"pamhc2crops:aloeseeditem":5,"minecraft:lantern":48,"travelersbackpack:white_sleeping_bag":1,"minecraft:polished_deepslate":253,"minecraft:iron_axe":1,"minecraft:iron_hoe":1,"minecraft:stone_pickaxe":4,"mcdw:sword_broadsword":1,"pamhc2crops:sesameseedsseeditem":2,"butcher:emptyskinrack":2,"pamhc2foodcore:fruitpunchitem":19,"pamhc2crops:kenafseeditem":7,"butcher:metal_tray":1,"minecraft:wheat":99,"minecraft:cooked_beef":4,"pamhc2crops:peanutseeditem":8,"minecraft:iron_trapdoor":3,"pamhc2trees:olive_sapling":3,"travelersbackpack:backpack_tank":2,"pamhc2crops:kiwiseeditem":6,"minecraft:iron_sword":4,"pamhc2crops:artichokeseeditem":29,"minecraft:bucket":1,"minecraft:stone_axe":1,"minecraft:air":0,"minecraft:bread":139,"pamhc2crops:chilipepperseeditem":10,"pamhc2crops:calabashseeditem":12,"minecraft:oak_boat":2,"pamhc2crops:gingerseeditem":4,"pamhc2crops:soybeanseeditem":13,"butcher:hook":4,"minecraft:iron_shovel":8,"minecraft:iron_leggings":1,"minecraft:stonecutter":1,"minecraft:white_bed":1,"butcher:spitroast":1,"pamhc2crops:bellpepperseeditem":10,"minecraft:torch":460,"butcher:butcherstable":1},"minecraft:dropped":{"minecraft:dark_oak_stairs":1,"butcher:salt":56,"minecraft:dark_oak_slab":4,"spartanweaponry:iron_glaive":2,"mcdw:sword_claymore":1,"create:crimsite":1,"travelersbackpack:standard":2,"minecraft:rail":3,"butcher:pig_corpse_item":1,"minecraft:flint":2,"minecraft:dirt":36,"pamhc2crops:gingeritem":2,"butcher:rag":1,"minecraft:dark_oak_planks":1,"minecraft:bone":4,"minecraft:gravel":29,"minecraft:cobbled_deepslate":9,"minecraft:rotten_flesh":7,"minecraft:oak_planks":68,"minecraft:salmon":1,"minecraft:carrot":1,"minecraft:spruce_slab":3,"darkestsouls:soul_fragment":5,"minecraft:egg":1,"minecraft:stone_hoe":1,"minecraft:bread":13,"minecraft:wheat_seeds":8,"pamhc2trees:oliveitem":3,"spartanweaponry:iron_boomerang":1,"minecraft:mossy_cobblestone":4,"minecraft:lead":2,"minecraft:feather":1,"minecraft:cobblestone":9,"minecraft:spruce_stairs":2,"minecraft:polished_andesite":1,"minecraft:diorite":28,"spartanweaponry:iron_battleaxe":1,"minecraft:pumpkin":1,"minecraft:smooth_stone":2,"minecraft:paper":11,"pamhc2crops:guaranaitem":9,"minecraft:dandelion":1,"spartanweaponry:iron_battle_hammer":1,"pamhc2crops:grapeitem":19,"minecraft:sweet_berries":24,"born_in_chaos_v1:rotten_fish":1,"minecraft:stone_sword":1,"minecraft:bowl":1,"pamhc2foodcore:fruitpunchitem":5,"minecraft:smooth_stone_slab":1,"minecraft:tuff":6,"pamhc2crops:leekitem":1,"travelersbackpack:magenta_sleeping_bag":1,"minecraft:filled_map":3,"minecraft:potato":7,"minecraft:andesite":4,"minecraft:oak_sapling":1,"pamhc2crops:flaxitem":2,"minecraft:spider_eye":2,"minecraft:bamboo":1,"minecraft:bow":1,"minecraft:stone_pickaxe":1,"minecraft:wooden_pickaxe":1},"minecraft:used":{"mcdw:sword_claymore":37,"pamhc2crops:kiwiitem":78,"minecraft:polished_deepslate":277,"pamhc2crops:cucumberseeditem":7,"minecraft:iron_shovel":1644,"butcher:polarbear_corpse_item":1,"butcher:skinned_drained_sheep_corpse_item":2,"pamhc2crops:calabashseeditem":17,"minecraft:shield":104,"minecraft:chest":18,"butcher:turtle_corpse_item":5,"pamhc2crops:peanutseeditem":8,"pamhc2crops:wintersquashitem":1,"minecraft:iron_sword":565,"pamhc2crops:elderberryseeditem":15,"butcher:chicken_corpse_item":14,"pamhc2crops:parsnipitem":27,"butcher:spitroast":6,"pamhc2crops:sesameseedsseeditem":2,"pamhc2crops:grapeitem":122,"pamhc2crops:soybeanitem":9,"butcher:emptyskinrack":2,"minecraft:lantern":85,"pamhc2crops:sesameseedsitem":15,"minecraft:iron_helmet":2,"pamhc2crops:onionseeditem":30,"pamhc2crops:peanutitem":2,"pamhc2crops:taroseeditem":8,"pamhc2crops:grapeseeditem":5,"minecraft:bow":16,"minecraft:oak_sapling":10,"pamhc2crops:cornseeditem":19,"minecraft:furnace":6,"minecraft:egg":3,"pamhc2crops:flaxseeditem":1,"pamhc2crops:barleyseeditem":11,"minecraft:diorite":6,"pamhc2trees:olive_sapling":3,"minecraft:stone_pickaxe":336,"minecraft:oak_planks":53,"create:crimsite":27,"minecraft:wooden_pickaxe":24,"travelersbackpack:iron_golem":2,"pamhc2crops:lettuceitem":27,"spartanweaponry:iron_boomerang":7,"pamhc2crops:eggplantitem":1,"pamhc2crops:kiwiseeditem":9,"pamhc2crops:cantaloupeseeditem":8,"pamhc2crops:amaranthseeditem":24,"travelersbackpack:bee":5,"pamhc2crops:strawberryitem":1,"pamhc2crops:soybeanseeditem":15,"pamhc2trees:cashewitem":1,"pamhc2crops:gingerseeditem":4,"create:layered_crimsite":70,"pamhc2crops:artichokeseeditem":36,"minecraft:bread":160,"minecraft:deepslate":1,"minecraft:gravel":2,"minecraft:diamond_sword":102,"pamhc2crops:alfalfaitem":25,"butcher:skinned_cow_corpse_item":10,"minecraft:andesite":49,"minecraft:chain":5,"pamhc2crops:sorghumitem":1,"minecraft:oak_boat":17,"minecraft:bone_meal":1,"butcher:drained_turtle_corpse_item":3,"pamhc2crops:amaranthitem":32,"pamhc2crops:bokchoyseeditem":3,"minecraft:oak_fence":121,"butcher:white_llama":1,"minecraft:stone_sword":79,"minecraft:stone_shovel":131,"pamhc2crops:chilipepperseeditem":11,"pamhc2crops:artichokeitem":22,"minecraft:stone_hoe":546,"minecraft:cooked_chicken":1,"minecraft:torch":452,"minecraft:dirt":1323,"travelersbackpack:gray_sleeping_bag":3,"butcher:sheep_corpse_item":3,"pamhc2crops:sunchokeitem":6,"butcher:cowcorpseitem":13,"create:crimsite_pillar":22,"pamhc2foodcore:mayonaiseitem":9,"pamhc2crops:chilipepperitem":8,"minecraft:iron_hoe":53,"pamhc2crops:cornitem":14,"pamhc2crops:bokchoyitem":10,"minecraft:iron_axe":162,"pamhc2crops:onionitem":18,"minecraft:iron_boots":3,"pamhc2crops:kenafseeditem":10,"minecraft:melon_seeds":3,"butcher:bloodgrate":4,"minecraft:tripwire_hook":2,"butcher:hook_block":1,"minecraft:cooked_beef":4,"butcher:metal_tray":1,"minecraft:cobbled_deepslate":1,"pamhc2crops:guaranaitem":121,"travelersbackpack:fox":7,"minecraft:iron_leggings":1,"minecraft:cooked_mutton":4,"minecraft:wheat_seeds":1048,"butcher:chicken_drained_corpse_item":4,"minecraft:water_bucket":39,"pamhc2crops:guaranaseeditem":12,"butcher:hammer":1,"pamhc2crops:cantaloupeitem":27,"pamhc2crops:aloeitem":15,"butcher:butchers_knife":51,"pamhc2crops:alfalfaseeditem":9,"pamhc2crops:bellpepperitem":16,"minecraft:stonecutter":1,"pamhc2crops:parsnipseeditem":13,"pamhc2crops:lettuceseeditem":27,"minecraft:rail":1,"minecraft:crafting_table":14,"butcher:pig_corpse_item":7,"minecraft:white_bed":2,"minecraft:campfire":2,"pamhc2crops:barleyitem":15,"butcher:skinning_knife":1,"pamhc2crops:aloeseeditem":5,"pamhc2crops:mustardseedsseeditem":17,"minecraft:iron_pickaxe":1808,"minecraft:suspicious_stew":1,"travelersbackpack:white_sleeping_bag":1,"pamhc2crops:blackberryitem":2,"pamhc2crops:calabashitem":41,"minecraft:stone_axe":120,"butcher:butcherstable":1,"pamhc2crops:wintersquashseeditem":9,"travelersbackpack:standard":11,"minecraft:cobblestone":444,"pamhc2crops:bellpepperseeditem":10,"storagedrawers:oak_full_drawers_4":8,"minecraft:white_banner":1,"butcher:pliers":2,"minecraft:bucket":43,"minecraft:splash_potion":1,"pamhc2crops:cucumberitem":8,"minecraft:smooth_stone":2},"minecraft:picked_up":{"pamhc2crops:cornitem":115,"pamhc2crops:wintersquashitem":25,"minecraft:seagrass":2,"minecraft:iron_chestplate":1,"minecraft:wheat":662,"pamhc2crops:elderberryitem":56,"pamhc2crops:cucumberitem":47,"pamhc2crops:eggplantitem":1,"minecraft:lead":2,"minecraft:diamond_sword":1,"born_in_chaos_v1:bloody_gadfly_eye":1,"darkestsouls:beast_blood_clump":1,"butcher:cowcorpseitem":13,"minecraft:polished_deepslate":23,"minecraft:string":270,"butcher:turtle_shell_fragment":12,"minecraft:raw_copper":68,"minecraft:smooth_stone_slab":1,"minecraft:iron_leggings":1,"butcher:wet_rag":1,"minecraft:beetroot":1,"minecraft:cobbled_deepslate":404,"butcher:turtle_meat":10,"minecraft:smooth_stone":4,"pamhc2trees:candlenutitem":5,"butcher:white_llama":1,"butcher:chicken_drained_corpse_item":3,"butcher:salt":103,"butcher:skinned_cow_corpse_item":10,"minecraft:furnace":3,"minecraft:iron_boots":1,"minecraft:golden_helmet":1,"minecraft:stick":59,"minecraft:oak_fence":56,"minecraft:torch":96,"minecraft:spruce_stairs":2,"minecraft:porkchop":4,"minecraft:diorite":52,"pamhc2crops:sorghumitem":1,"pamhc2crops:spiceleafitem":1,"minecraft:stone_sword":1,"pamhc2crops:chilipepperitem":59,"minecraft:rotten_flesh":79,"pamhc2crops:peanutitem":29,"create:ochrum":69,"darkestsouls:titanite_fragment":1,"butcher:chicken_corpse_item":14,"travelersbackpack:gray_sleeping_bag":4,"spartanweaponry:iron_glaive":1,"butcher:spitroast":5,"minecraft:snowball":45,"minecraft:cod":2,"butcher:chickenfoot":2,"minecraft:cobblestone":1073,"minecraft:birch_log":12,"minecraft:feather":5,"butcher:pig_corpse_item":8,"pamhc2trees:oliveitem":28,"minecraft:water_bucket":1,"minecraft:andesite":14,"spartanweaponry:iron_battleaxe":1,"minecraft:flint":10,"minecraft:tuff":68,"create:raw_zinc":36,"pamhc2foodcore:juiceritem":1,"butcher:drained_turtle_corpse_item":3,"minecraft:lapis_lazuli":208,"minecraft:dirt":1554,"minecraft:lantern":37,"born_in_chaos_v1:monster_skin":1,"butcher:cow_skin":6,"minecraft:bone":37,"travelersbackpack:backpack_tank":2,"butcher:raw_ribeye_steak":2,"minecraft:bow":2,"minecraft:wheat_seeds":2198,"butcher:raw_tbone_steak":2,"minecraft:raw_gold":35,"pamhc2crops:turnipitem":1,"travelersbackpack:bee":2,"minecraft:bamboo":1,"minecraft:oak_planks":195,"butcher:cow_headf":3,"travelersbackpack:magenta_sleeping_bag":1,"minecraft:sand":243,"pamhc2trees:cashewitem":3,"pamhc2crops:bokchoyitem":40,"minecraft:mossy_cobblestone":4,"travelersbackpack:white_sleeping_bag":1,"minecraft:polished_andesite":3,"create:crimsite":124,"pamhc2crops:strawberryitem":1,"minecraft:granite":54,"minecraft:bone_meal":1,"minecraft:golden_apple":1,"minecraft:bread":128,"born_in_chaos_v1:rotten_fish":4,"minecraft:oak_sapling":35,"minecraft:charcoal":2,"minecraft:crafting_table":1,"pamhc2foodcore:mayonaiseitem":64,"butcher:wishbone":1,"minecraft:chicken":3,"minecraft:leather_leggings":1,"minecraft:wooden_pickaxe":1,"pamhc2crops:amaranthitem":120,"pamhc2crops:grapeitem":190,"butcher:skinned_drained_sheep_corpse_item":2,"pamhc2crops:soybeanitem":83,"minecraft:chain":1,"pamhc2crops:parsnipitem":104,"minecraft:shield":1,"butcher:raw_sirloin_steak":2,"minecraft:iron_shovel":1,"minecraft:beef":12,"butcher:sheep_skin":2,"butcher:metal_tray":1,"minecraft:oak_boat":16,"born_in_chaos_v1:gnawed_bones":1,"minecraft:iron_nugget":3,"pamhc2crops:truffleitem":2,"minecraft:light_gray_wool":1,"minecraft:spruce_slab":3,"minecraft:sugar_cane":1,"minecraft:chest":6,"mcdw:sword_claymore":1,"minecraft:egg":23,"minecraft:raw_iron":266,"minecraft:sandstone":36,"darkestsouls:soul_fragment":6,"pamhc2crops:kiwiitem":79,"butcher:sheep_corpse_item":4,"pamhc2crops:alfalfaitem":83,"born_in_chaos_v1:pieceofdarkmetal":1,"minecraft:carrot":3,"minecraft:redstone":70,"minecraft:prismarine_crystals":3,"pamhc2foodcore:fruitpunchitem":1,"minecraft:dark_oak_planks":1,"create:layered_crimsite":6,"minecraft:arrow":32,"butcher:chicken_head":1,"minecraft:hay_block":11,"pamhc2crops:bellpepperitem":100,"pamhc2crops:cantaloupeitem":84,"pamhc2crops:lettuceitem":178,"pamhc2crops:artichokeitem":192,"pamhc2crops:aloeitem":77,"minecraft:mutton":13,"minecraft:rail":8,"minecraft:white_wool":29,"butcher:pig_skin":4,"butcher:turtle_empty_shell":2,"butcher:turtlehead":2,"darkestsouls:firebomb":4,"born_in_chaos_v1:monster_flesh":1,"minecraft:tripwire_hook":2,"minecraft:salmon":1,"pamhc2trees:papayaitem":3,"minecraft:leather":5,"pamhc2crops:barleyitem":99,"spartanweaponry:iron_longsword":1,"minecraft:red_mushroom":1,"minecraft:filled_map":2,"spartanweaponry:iron_spear":1,"minecraft:oak_log":134,"pamhc2trees:lemonitem":3,"pamhc2crops:sunchokeitem":16,"pamhc2crops:juteitem":1,"minecraft:gunpowder":4,"pamhc2crops:guaranaitem":162,"pamhc2crops:flaxitem":3,"pamhc2crops:nettlesitem":1,"minecraft:paper":11,"minecraft:white_banner":1,"pamhc2crops:tealeafitem":1,"pamhc2crops:leekitem":2,"minecraft:cooked_mutton":4,"butcher:polarbear_corpse_item":1,"minecraft:apple":5,"minecraft:kelp":24,"minecraft:stone_pickaxe":4,"pamhc2crops:blackberryitem":2,"butcher:hook_block":1,"butcher:raw_chuck_steak":2,"minecraft:polished_andesite_slab":2,"minecraft:iron_sword":3,"minecraft:dark_oak_stairs":1,"pamhc2crops:onionitem":124,"pamhc2crops:sesameseedsitem":46,"pamhc2crops:mustardseedsitem":66,"minecraft:dark_oak_slab":4,"minecraft:sweet_berries":15,"minecraft:dandelion":2,"minecraft:dripstone_block":17,"minecraft:gravel":93,"butcher:raw_rump_steak":2,"pamhc2crops:taroitem":32,"create:crimsite_pillar":22,"pamhc2crops:calabashitem":194,"minecraft:white_bed":1,"minecraft:spider_eye":4,"butcher:cowhoof":8,"travelersbackpack:standard":1,"travelersbackpack:fox":1,"minecraft:stone_axe":1,"minecraft:iron_helmet":1,"butcher:turtle_corpse_item":5,"pamhc2crops:kenafitem":25,"minecraft:coal":188,"pamhc2crops:gingeritem":17},"minecraft:killed_by":{"minecraft:creeper":2,"minecraft:zombie":1,"minecraft:skeleton":1,"darkestsouls:beast_patient":2,"darkestsouls:gravetender_hollow_longsword":1},"minecraft:broken":{"minecraft:iron_shovel":6,"minecraft:stone_pickaxe":1,"minecraft:iron_sword":3,"minecraft:stone_shovel":1,"minecraft:stone_sword":1,"minecraft:stone_hoe":4,"minecraft:iron_pickaxe":6},"minecraft:custom":{"minecraft:animals_bred":7,"minecraft:interact_with_crafting_table":159,"minecraft:open_barrel":7,"minecraft:leave_game":11,"minecraft:time_since_death":46936,"minecraft:sprint_one_cm":2621623,"minecraft:damage_blocked_by_shield":7237,"minecraft:drop":124,"minecraft:talked_to_villager":3,"minecraft:play_time":833843,"minecraft:deaths":8,"minecraft:jump":7018,"minecraft:walk_on_water_one_cm":100546,"minecraft:interact_with_furnace":75,"minecraft:sleep_in_bed":32,"minecraft:waystone_activated":1,"minecraft:damage_dealt":27513,"minecraft:crouch_one_cm":160142,"minecraft:mob_kills":180,"minecraft:damage_dealt_resisted":580,"minecraft:climb_one_cm":580,"minecraft:walk_one_cm":2792359,"minecraft:sneak_time":48710,"minecraft:walk_under_water_one_cm":110130,"minecraft:boat_one_cm":1605305,"minecraft:total_world_time":833843,"minecraft:interact_with_stonecutter":15,"minecraft:interact_with_grindstone":1,"minecraft:time_since_rest":15585,"minecraft:damage_taken":7834,"minecraft:swim_one_cm":124524,"minecraft:fly_one_cm":934192,"minecraft:open_chest":585,"minecraft:fall_one_cm":119348},"minecraft:killed":{"minecraft:cave_spider":10,"minecraft:spider":4,"minecraft:skeleton":19,"minecraft:chicken":1,"darkestsouls:church_doctor_pistol":1,"minecraft:turtle":2,"darkestsouls:hollow_longsword":3,"minecraft:creeper":1,"minecraft:sheep":6,"minecraft:trader_llama":2,"minecraft:pillager":3,"minecraft:zombie":97,"born_in_chaos_v1:dread_hound":1,"minecraft:cow":4,"darkestsouls:hollow_axe":1,"born_in_chaos_v1:corpse_fish":4,"minecraft:snow_golem":2,"born_in_chaos_v1:barrel_zombie":1,"born_in_chaos_v1:decrepit_skeleton":1,"minecraft:polar_bear":1,"born_in_chaos_v1:bloody_gadfly":1,"darkestsouls:cloaked_beast_patient":3,"minecraft:enderman":1}},"DataVersion":3465}