{"stats":{"minecraft:used":{"minecraft:oak_fence":21,"minecraft:stone_sword":79,"minecraft:iron_shovel":253,"pamhc2crops:chilipepperseeditem":1,"minecraft:chest":4,"minecraft:shield":46,"minecraft:iron_sword":134,"minecraft:cooked_chicken":1,"minecraft:stone_hoe":13,"minecraft:torch":318,"minecraft:dirt":86,"pamhc2crops:bokchoyitem":2,"minecraft:iron_boots":2,"minecraft:melon_seeds":3,"minecraft:furnace":3,"minecraft:oak_sapling":1,"minecraft:egg":2,"pamhc2crops:flaxseeditem":1,"minecraft:iron_leggings":1,"minecraft:wheat_seeds":57,"minecraft:cooked_mutton":1,"minecraft:water_bucket":4,"minecraft:diorite":6,"minecraft:stone_pickaxe":336,"create:crimsite":27,"minecraft:wooden_pickaxe":24,"minecraft:rail":1,"minecraft:crafting_table":7,"pamhc2crops:strawberryitem":1,"minecraft:white_bed":1,"minecraft:bread":51,"minecraft:iron_pickaxe":859,"minecraft:gravel":1,"minecraft:stone_axe":119,"minecraft:cobblestone":349,"minecraft:bucket":5,"minecraft:andesite":2},"minecraft:killed_by":{"minecraft:skeleton":1},"minecraft:broken":{"minecraft:iron_shovel":1,"minecraft:stone_sword":1,"minecraft:stone_pickaxe":1,"minecraft:iron_pickaxe":3},"minecraft:dropped":{"minecraft:bread":13,"minecraft:wheat_seeds":4,"minecraft:cobblestone":9,"create:crimsite":1,"minecraft:rail":3,"minecraft:flint":1,"pamhc2crops:gingeritem":2,"minecraft:dandelion":1,"minecraft:gravel":9,"minecraft:stone_sword":1,"minecraft:cobbled_deepslate":4,"minecraft:tuff":4,"minecraft:rotten_flesh":7,"minecraft:oak_planks":51,"minecraft:andesite":2,"minecraft:oak_sapling":1,"minecraft:spider_eye":2,"minecraft:wooden_pickaxe":1,"minecraft:stone_pickaxe":1,"minecraft:egg":1},"minecraft:killed":{"minecraft:cave_spider":2,"minecraft:skeleton":8,"minecraft:chicken":1,"minecraft:creeper":1,"minecraft:sheep":3,"minecraft:zombie":8},"minecraft:custom":{"minecraft:mob_kills":26,"minecraft:animals_bred":4,"minecraft:interact_with_crafting_table":33,"minecraft:leave_game":3,"minecraft:time_since_death":158772,"minecraft:climb_one_cm":580,"minecraft:sprint_one_cm":604104,"minecraft:walk_one_cm":722854,"minecraft:damage_blocked_by_shield":2880,"minecraft:drop":41,"minecraft:talked_to_villager":3,"minecraft:play_time":191321,"minecraft:deaths":1,"minecraft:sneak_time":5792,"minecraft:walk_under_water_one_cm":11431,"minecraft:jump":2302,"minecraft:walk_on_water_one_cm":30918,"minecraft:total_world_time":191321,"minecraft:interact_with_furnace":29,"minecraft:sleep_in_bed":4,"minecraft:time_since_rest":7577,"minecraft:damage_taken":1918,"minecraft:damage_dealt":5048,"minecraft:fly_one_cm":229892,"minecraft:swim_one_cm":5004,"minecraft:open_chest":50,"minecraft:crouch_one_cm":17140,"minecraft:fall_one_cm":39000},"minecraft:mined":{"create:zinc_ore":36,"minecraft:tuff":34,"minecraft:jungle_leaves":14,"minecraft:granite":10,"pamhc2crops:tropicalgarden":8,"minecraft:grass_block":159,"minecraft:spawner":2,"minecraft:redstone_ore":3,"minecraft:furnace":1,"minecraft:iron_ore":206,"minecraft:andesite":13,"minecraft:deepslate_lapis_ore":12,"minecraft:deepslate_iron_ore":23,"minecraft:dirt_path":1,"minecraft:rail":1,"minecraft:stone":415,"minecraft:deepslate_redstone_ore":4,"pamhc2crops:windygarden":18,"minecraft:dandelion":2,"minecraft:oak_fence":2,"minecraft:torch":7,"minecraft:tall_grass":103,"minecraft:copper_ore":3,"minecraft:cobblestone":20,"minecraft:lapis_ore":2,"minecraft:deepslate_gold_ore":12,"minecraft:oak_planks":2,"minecraft:diorite":16,"minecraft:wall_torch":8,"minecraft:deepslate_copper_ore":2,"minecraft:wheat":3,"minecraft:grass":688,"minecraft:oak_log":68,"minecraft:coal_ore":145,"minecraft:gravel":26,"minecraft:dirt":102,"minecraft:cobweb":116,"minecraft:gold_ore":5,"create:crimsite":123,"minecraft:oak_leaves":37,"minecraft:deepslate":123},"minecraft:picked_up":{"pamhc2crops:cornitem":1,"minecraft:iron_chestplate":1,"minecraft:wheat":1,"minecraft:chicken":2,"pamhc2crops:amaranthitem":3,"minecraft:wooden_pickaxe":1,"pamhc2crops:soybeanitem":1,"minecraft:shield":1,"minecraft:string":123,"minecraft:raw_copper":26,"minecraft:iron_leggings":1,"minecraft:iron_shovel":1,"minecraft:cobbled_deepslate":397,"minecraft:egg":16,"minecraft:furnace":1,"minecraft:iron_boots":1,"minecraft:stick":47,"minecraft:raw_iron":266,"minecraft:oak_fence":4,"minecraft:torch":60,"minecraft:diorite":23,"minecraft:redstone":70,"pamhc2crops:chilipepperitem":2,"minecraft:rotten_flesh":14,"minecraft:stone_sword":1,"minecraft:arrow":21,"pamhc2crops:peanutitem":1,"pamhc2crops:bellpepperitem":2,"pamhc2crops:cantaloupeitem":1,"pamhc2crops:lettuceitem":1,"pamhc2crops:artichokeitem":2,"pamhc2crops:aloeitem":1,"minecraft:mutton":8,"minecraft:rail":8,"minecraft:white_wool":3,"minecraft:cobblestone":469,"minecraft:feather":4,"pamhc2trees:oliveitem":4,"minecraft:water_bucket":1,"minecraft:andesite":12,"minecraft:flint":4,"minecraft:tuff":66,"create:raw_zinc":36,"minecraft:oak_log":85,"pamhc2crops:flaxitem":1,"minecraft:gunpowder":4,"minecraft:lapis_lazuli":208,"minecraft:dirt":272,"minecraft:cooked_mutton":4,"minecraft:bone":14,"minecraft:wheat_seeds":93,"minecraft:raw_gold":35,"minecraft:stone_pickaxe":4,"minecraft:oak_planks":134,"minecraft:iron_sword":2,"pamhc2crops:onionitem":2,"pamhc2crops:sesameseedsitem":2,"pamhc2crops:mustardseedsitem":2,"minecraft:dandelion":2,"minecraft:gravel":72,"pamhc2crops:calabashitem":1,"pamhc2crops:bokchoyitem":1,"minecraft:spider_eye":3,"create:crimsite":124,"minecraft:stone_axe":1,"pamhc2crops:strawberryitem":1,"minecraft:iron_helmet":1,"minecraft:granite":12,"minecraft:golden_apple":1,"minecraft:bread":128,"minecraft:oak_sapling":22,"minecraft:coal":154,"pamhc2crops:gingeritem":2},"minecraft:crafted":{"minecraft:oak_planks":172,"minecraft:cooked_chicken":1,"minecraft:furnace":2,"pamhc2crops:flaxseeditem":1,"minecraft:cooked_mutton":4,"minecraft:iron_boots":1,"minecraft:stone_pickaxe":4,"minecraft:chest":4,"minecraft:stone_hoe":1,"minecraft:oak_fence":21,"minecraft:crafting_table":7,"minecraft:wooden_pickaxe":1,"minecraft:iron_helmet":1,"minecraft:iron_sword":2,"minecraft:bucket":1,"minecraft:stone_axe":1,"pamhc2crops:chilipepperseeditem":1,"minecraft:air":0,"minecraft:iron_chestplate":1,"minecraft:shield":2,"minecraft:stick":144,"minecraft:iron_ingot":70,"minecraft:iron_pickaxe":5,"minecraft:stone_sword":1,"minecraft:iron_shovel":1,"minecraft:iron_leggings":1,"minecraft:white_bed":1,"minecraft:torch":344}},"DataVersion":3465}