{"stats":{"minecraft:used":{"minecraft:oak_fence":48,"pamhc2crops:cucumberseeditem":1,"minecraft:stone_sword":79,"minecraft:iron_shovel":253,"minecraft:stone_shovel":5,"pamhc2crops:chilipepperseeditem":3,"minecraft:chest":15,"minecraft:shield":46,"pamhc2crops:calabashseeditem":3,"minecraft:iron_sword":156,"pamhc2crops:peanutseeditem":1,"pamhc2crops:elderberryseeditem":4,"minecraft:cooked_chicken":1,"minecraft:stone_hoe":197,"minecraft:torch":329,"minecraft:dirt":159,"pamhc2crops:sesameseedsseeditem":2,"pamhc2crops:sunchokeitem":1,"pamhc2crops:bokchoyitem":2,"minecraft:lantern":14,"minecraft:iron_axe":60,"pamhc2crops:onionseeditem":4,"minecraft:iron_boots":2,"pamhc2crops:kenafseeditem":2,"minecraft:melon_seeds":3,"pamhc2crops:taroseeditem":2,"pamhc2crops:grapeseeditem":1,"pamhc2crops:cornseeditem":5,"minecraft:oak_sapling":1,"minecraft:furnace":6,"pamhc2crops:barleyseeditem":2,"minecraft:egg":2,"pamhc2crops:flaxseeditem":1,"minecraft:cooked_beef":4,"minecraft:iron_leggings":1,"minecraft:wheat_seeds":206,"minecraft:cooked_mutton":4,"minecraft:water_bucket":15,"minecraft:diorite":6,"pamhc2crops:guaranaseeditem":2,"minecraft:oak_planks":41,"minecraft:stone_pickaxe":336,"pamhc2crops:alfalfaseeditem":2,"create:crimsite":27,"minecraft:wooden_pickaxe":24,"pamhc2crops:parsnipseeditem":2,"pamhc2crops:kiwiseeditem":1,"pamhc2crops:lettuceseeditem":4,"pamhc2crops:cantaloupeseeditem":1,"pamhc2crops:amaranthseeditem":3,"minecraft:rail":1,"minecraft:crafting_table":8,"minecraft:white_bed":2,"pamhc2crops:strawberryitem":1,"pamhc2crops:soybeanseeditem":3,"pamhc2trees:cashewitem":1,"pamhc2crops:gingerseeditem":1,"pamhc2crops:aloeseeditem":1,"pamhc2crops:artichokeseeditem":6,"pamhc2crops:mustardseedsseeditem":4,"minecraft:bread":55,"minecraft:iron_pickaxe":893,"minecraft:gravel":1,"minecraft:stone_axe":120,"pamhc2crops:wintersquashseeditem":1,"minecraft:cobblestone":349,"pamhc2crops:bellpepperseeditem":2,"minecraft:andesite":2,"minecraft:bucket":16,"pamhc2crops:bokchoyseeditem":1},"minecraft:killed_by":{"minecraft:skeleton":1},"minecraft:broken":{"minecraft:iron_shovel":1,"minecraft:stone_sword":1,"minecraft:stone_hoe":1,"minecraft:stone_pickaxe":1,"minecraft:iron_pickaxe":3},"minecraft:dropped":{"minecraft:stone_hoe":1,"minecraft:bread":13,"pamhc2trees:oliveitem":3,"minecraft:wheat_seeds":4,"minecraft:cobblestone":9,"create:crimsite":1,"minecraft:rail":3,"minecraft:flint":1,"minecraft:dirt":14,"pamhc2crops:gingeritem":2,"minecraft:dandelion":1,"minecraft:gravel":14,"minecraft:stone_sword":1,"minecraft:cobbled_deepslate":4,"minecraft:tuff":4,"minecraft:rotten_flesh":7,"minecraft:oak_planks":51,"minecraft:andesite":2,"pamhc2crops:flaxitem":2,"minecraft:oak_sapling":1,"minecraft:spider_eye":2,"minecraft:wooden_pickaxe":1,"minecraft:stone_pickaxe":1,"minecraft:egg":1},"minecraft:killed":{"minecraft:cave_spider":2,"minecraft:skeleton":8,"minecraft:chicken":1,"minecraft:creeper":1,"minecraft:sheep":3,"minecraft:zombie":12,"minecraft:cow":2},"minecraft:custom":{"minecraft:mob_kills":33,"minecraft:animals_bred":7,"minecraft:interact_with_crafting_table":56,"minecraft:leave_game":4,"minecraft:time_since_death":236566,"minecraft:climb_one_cm":580,"minecraft:sprint_one_cm":970599,"minecraft:walk_one_cm":1032312,"minecraft:damage_blocked_by_shield":2880,"minecraft:drop":46,"minecraft:talked_to_villager":3,"minecraft:play_time":269115,"minecraft:sneak_time":10150,"minecraft:deaths":1,"minecraft:walk_under_water_one_cm":12936,"minecraft:jump":2916,"minecraft:walk_on_water_one_cm":33145,"minecraft:total_world_time":269115,"minecraft:interact_with_furnace":34,"minecraft:sleep_in_bed":9,"minecraft:time_since_rest":1972,"minecraft:damage_taken":2202,"minecraft:damage_dealt":6106,"minecraft:swim_one_cm":5051,"minecraft:fly_one_cm":309925,"minecraft:open_chest":115,"minecraft:crouch_one_cm":29310,"minecraft:fall_one_cm":49984},"minecraft:mined":{"create:zinc_ore":36,"pamhc2crops:pamlettucecrop":1,"minecraft:tuff":34,"minecraft:white_bed":1,"minecraft:jungle_leaves":14,"pamhc2crops:pamelderberrycrop":3,"pamhc2crops:pambellpeppercrop":1,"minecraft:granite":10,"pamhc2crops:tropicalgarden":21,"minecraft:grass_block":165,"minecraft:spawner":2,"pamhc2crops:pamaloecrop":1,"pamhc2crops:pamkiwicrop":1,"minecraft:redstone_ore":3,"minecraft:furnace":3,"pamhc2crops:pamamaranthcrop":3,"minecraft:iron_ore":206,"pamhc2crops:pamcucumbercrop":1,"minecraft:andesite":13,"minecraft:deepslate_lapis_ore":12,"pamhc2crops:pamsunchokecrop":1,"minecraft:deepslate_iron_ore":23,"minecraft:dirt_path":1,"minecraft:rail":1,"minecraft:lantern":1,"pamhc2crops:pamonioncrop":4,"minecraft:stone":430,"pamhc2crops:pampeanutcrop":1,"pamhc2crops:pambarleycrop":2,"minecraft:deepslate_redstone_ore":4,"pamhc2crops:pamcalabashcrop":3,"pamhc2crops:pamcorncrop":4,"pamhc2crops:pamchilipeppercrop":2,"pamhc2crops:windygarden":48,"pamhc2crops:pamalfalfacrop":2,"minecraft:dandelion":2,"pamhc2crops:pamgrapecrop":1,"minecraft:crafting_table":1,"minecraft:oak_fence":21,"minecraft:torch":11,"minecraft:chest":4,"pamhc2crops:pamparsnipcrop":2,"pamhc2crops:pamwintersquashcrop":1,"minecraft:tall_grass":209,"minecraft:copper_ore":3,"minecraft:cobblestone":20,"pamhc2crops:pammustardseedscrop":3,"minecraft:lapis_ore":2,"minecraft:deepslate_gold_ore":12,"minecraft:oak_planks":43,"pamhc2crops:pamsesameseedscrop":2,"minecraft:diorite":16,"minecraft:wall_torch":8,"pamhc2trees:pamjackfruit":1,"minecraft:deepslate_copper_ore":2,"pamhc2crops:pamtarocrop":2,"pamhc2crops:pambokchoycrop":1,"minecraft:wheat":27,"pamhc2crops:pamcantaloupecrop":1,"minecraft:grass":1504,"minecraft:oak_log":71,"minecraft:coal_ore":161,"pamhc2crops:pamgingercrop":1,"minecraft:gravel":26,"minecraft:dirt":118,"minecraft:cobweb":116,"pamhc2crops:pamartichokecrop":2,"pamhc2crops:pamkenafcrop":1,"pamhc2crops:pamguaranacrop":2,"minecraft:gold_ore":5,"create:crimsite":123,"minecraft:oak_leaves":43,"minecraft:deepslate":123},"minecraft:picked_up":{"pamhc2crops:cornitem":17,"minecraft:crafting_table":1,"pamhc2crops:wintersquashitem":6,"minecraft:iron_chestplate":1,"minecraft:wheat":23,"pamhc2crops:elderberryitem":14,"minecraft:chicken":2,"pamhc2crops:cucumberitem":5,"minecraft:wooden_pickaxe":1,"pamhc2crops:amaranthitem":16,"pamhc2crops:grapeitem":5,"pamhc2crops:soybeanitem":3,"pamhc2crops:parsnipitem":10,"minecraft:shield":1,"minecraft:string":123,"minecraft:raw_copper":26,"minecraft:iron_leggings":1,"minecraft:iron_shovel":1,"minecraft:cobbled_deepslate":397,"minecraft:beef":4,"minecraft:chest":4,"minecraft:furnace":3,"minecraft:egg":19,"minecraft:iron_boots":1,"minecraft:stick":47,"minecraft:raw_iron":266,"minecraft:oak_fence":23,"minecraft:torch":64,"pamhc2crops:kiwiitem":6,"pamhc2crops:alfalfaitem":8,"minecraft:diorite":23,"minecraft:redstone":70,"minecraft:stone_sword":1,"pamhc2crops:chilipepperitem":10,"minecraft:arrow":23,"minecraft:rotten_flesh":19,"pamhc2crops:peanutitem":6,"pamhc2crops:bellpepperitem":6,"pamhc2crops:cantaloupeitem":5,"pamhc2crops:lettuceitem":6,"pamhc2crops:artichokeitem":13,"pamhc2crops:aloeitem":5,"minecraft:mutton":8,"minecraft:rail":8,"minecraft:white_wool":3,"minecraft:cobblestone":484,"minecraft:feather":4,"pamhc2trees:oliveitem":9,"minecraft:water_bucket":1,"minecraft:andesite":12,"minecraft:leather":2,"pamhc2crops:barleyitem":10,"minecraft:flint":4,"minecraft:tuff":66,"create:raw_zinc":36,"minecraft:oak_log":88,"pamhc2crops:sunchokeitem":5,"pamhc2crops:flaxitem":3,"pamhc2crops:guaranaitem":11,"minecraft:gunpowder":4,"minecraft:lantern":6,"minecraft:lapis_lazuli":208,"minecraft:dirt":294,"minecraft:cooked_mutton":4,"minecraft:bone":14,"minecraft:wheat_seeds":246,"minecraft:raw_gold":35,"minecraft:stone_pickaxe":4,"minecraft:iron_sword":3,"minecraft:oak_planks":175,"pamhc2crops:onionitem":20,"pamhc2crops:sesameseedsitem":10,"pamhc2crops:mustardseedsitem":13,"minecraft:dandelion":2,"minecraft:gravel":77,"pamhc2crops:taroitem":8,"pamhc2crops:calabashitem":12,"pamhc2trees:cashewitem":1,"minecraft:white_bed":1,"pamhc2crops:bokchoyitem":4,"minecraft:spider_eye":3,"create:crimsite":124,"minecraft:stone_axe":1,"pamhc2crops:strawberryitem":1,"minecraft:iron_helmet":1,"minecraft:granite":12,"minecraft:golden_apple":1,"minecraft:bread":128,"minecraft:oak_sapling":22,"pamhc2crops:kenafitem":5,"minecraft:coal":170,"pamhc2crops:gingeritem":6},"minecraft:crafted":{"minecraft:oak_planks":284,"minecraft:stone_shovel":1,"pamhc2crops:taroseeditem":2,"pamhc2crops:wintersquashseeditem":1,"pamhc2crops:bokchoyseeditem":1,"minecraft:iron_nugget":117,"pamhc2crops:grapeseeditem":1,"minecraft:cooked_chicken":1,"pamhc2crops:barleyseeditem":2,"pamhc2crops:mustardseedsseeditem":4,"minecraft:furnace":3,"pamhc2crops:flaxseeditem":1,"pamhc2crops:elderberryseeditem":3,"pamhc2crops:cornseeditem":4,"pamhc2crops:onionseeditem":4,"pamhc2crops:aloeseeditem":1,"minecraft:cooked_mutton":4,"minecraft:lantern":14,"minecraft:iron_boots":1,"minecraft:iron_axe":1,"minecraft:stone_pickaxe":4,"pamhc2crops:sesameseedsseeditem":2,"minecraft:chest":11,"pamhc2crops:kenafseeditem":2,"minecraft:stone_hoe":3,"minecraft:oak_fence":33,"minecraft:cooked_beef":4,"pamhc2crops:peanutseeditem":1,"minecraft:crafting_table":7,"minecraft:wooden_pickaxe":1,"minecraft:iron_helmet":1,"pamhc2crops:kiwiseeditem":1,"minecraft:iron_sword":2,"pamhc2crops:artichokeseeditem":6,"minecraft:bucket":1,"minecraft:stone_axe":1,"minecraft:air":0,"pamhc2crops:chilipepperseeditem":3,"pamhc2crops:calabashseeditem":3,"pamhc2crops:guaranaseeditem":2,"pamhc2crops:amaranthseeditem":3,"pamhc2crops:gingerseeditem":1,"minecraft:iron_chestplate":1,"pamhc2crops:cucumberseeditem":1,"minecraft:shield":3,"pamhc2crops:soybeanseeditem":3,"minecraft:stick":144,"pamhc2crops:cantaloupeseeditem":1,"minecraft:iron_ingot":99,"minecraft:iron_pickaxe":5,"minecraft:stone_sword":1,"minecraft:iron_shovel":1,"minecraft:iron_leggings":1,"pamhc2crops:lettuceseeditem":4,"minecraft:white_bed":1,"pamhc2crops:bellpepperseeditem":2,"minecraft:torch":344,"pamhc2crops:parsnipseeditem":2,"pamhc2crops:alfalfaseeditem":2}},"DataVersion":3465}