{"stats":{"minecraft:used":{"minecraft:oak_fence":21,"pamhc2crops:cucumberseeditem":1,"minecraft:stone_sword":79,"minecraft:iron_shovel":253,"pamhc2crops:chilipepperseeditem":3,"minecraft:chest":5,"minecraft:shield":46,"pamhc2crops:calabashseeditem":3,"minecraft:iron_sword":139,"pamhc2crops:peanutseeditem":1,"pamhc2crops:elderberryseeditem":4,"minecraft:cooked_chicken":1,"minecraft:stone_hoe":155,"minecraft:torch":327,"minecraft:dirt":142,"pamhc2crops:sesameseedsseeditem":2,"pamhc2crops:sunchokeitem":1,"pamhc2crops:bokchoyitem":2,"pamhc2crops:onionseeditem":4,"minecraft:iron_boots":2,"pamhc2crops:kenafseeditem":2,"minecraft:melon_seeds":3,"pamhc2crops:taroseeditem":2,"pamhc2crops:grapeseeditem":1,"pamhc2crops:cornseeditem":5,"minecraft:oak_sapling":1,"minecraft:furnace":4,"pamhc2crops:barleyseeditem":2,"minecraft:egg":2,"pamhc2crops:flaxseeditem":1,"minecraft:iron_leggings":1,"minecraft:wheat_seeds":118,"minecraft:cooked_mutton":3,"minecraft:water_bucket":12,"minecraft:diorite":6,"pamhc2crops:guaranaseeditem":2,"minecraft:stone_pickaxe":336,"pamhc2crops:alfalfaseeditem":2,"create:crimsite":27,"minecraft:wooden_pickaxe":24,"pamhc2crops:parsnipseeditem":2,"pamhc2crops:kiwiseeditem":1,"pamhc2crops:lettuceseeditem":4,"pamhc2crops:cantaloupeseeditem":1,"pamhc2crops:amaranthseeditem":3,"minecraft:rail":1,"minecraft:crafting_table":7,"minecraft:white_bed":2,"pamhc2crops:strawberryitem":1,"pamhc2crops:soybeanseeditem":3,"pamhc2trees:cashewitem":1,"pamhc2crops:gingerseeditem":1,"pamhc2crops:aloeseeditem":1,"pamhc2crops:artichokeseeditem":6,"pamhc2crops:mustardseedsseeditem":4,"minecraft:bread":55,"minecraft:iron_pickaxe":890,"minecraft:gravel":1,"minecraft:stone_axe":119,"pamhc2crops:wintersquashseeditem":1,"minecraft:cobblestone":349,"pamhc2crops:bellpepperseeditem":2,"minecraft:andesite":2,"minecraft:bucket":13,"pamhc2crops:bokchoyseeditem":1},"minecraft:killed_by":{"minecraft:skeleton":1},"minecraft:broken":{"minecraft:iron_shovel":1,"minecraft:stone_sword":1,"minecraft:stone_hoe":1,"minecraft:stone_pickaxe":1,"minecraft:iron_pickaxe":3},"minecraft:dropped":{"minecraft:stone_hoe":1,"minecraft:bread":13,"minecraft:wheat_seeds":4,"minecraft:cobblestone":9,"create:crimsite":1,"minecraft:rail":3,"minecraft:flint":1,"minecraft:dirt":14,"pamhc2crops:gingeritem":2,"minecraft:dandelion":1,"minecraft:gravel":14,"minecraft:stone_sword":1,"minecraft:cobbled_deepslate":4,"minecraft:tuff":4,"minecraft:rotten_flesh":7,"minecraft:oak_planks":51,"minecraft:andesite":2,"pamhc2crops:flaxitem":2,"minecraft:oak_sapling":1,"minecraft:spider_eye":2,"minecraft:wooden_pickaxe":1,"minecraft:stone_pickaxe":1,"minecraft:egg":1},"minecraft:killed":{"minecraft:cave_spider":2,"minecraft:skeleton":8,"minecraft:chicken":1,"minecraft:creeper":1,"minecraft:sheep":3,"minecraft:zombie":8,"minecraft:cow":2},"minecraft:custom":{"minecraft:mob_kills":28,"minecraft:animals_bred":7,"minecraft:interact_with_crafting_table":40,"minecraft:leave_game":4,"minecraft:time_since_death":188566,"minecraft:climb_one_cm":580,"minecraft:sprint_one_cm":796168,"minecraft:walk_one_cm":828191,"minecraft:damage_blocked_by_shield":2880,"minecraft:drop":45,"minecraft:talked_to_villager":3,"minecraft:play_time":221115,"minecraft:sneak_time":5806,"minecraft:deaths":1,"minecraft:walk_under_water_one_cm":12936,"minecraft:jump":2568,"minecraft:walk_on_water_one_cm":33063,"minecraft:total_world_time":221115,"minecraft:interact_with_furnace":30,"minecraft:sleep_in_bed":5,"minecraft:time_since_rest":8789,"minecraft:damage_taken":2018,"minecraft:damage_dealt":5248,"minecraft:swim_one_cm":5051,"minecraft:fly_one_cm":268454,"minecraft:open_chest":57,"minecraft:crouch_one_cm":17140,"minecraft:fall_one_cm":44582},"minecraft:mined":{"create:zinc_ore":36,"minecraft:tuff":34,"minecraft:white_bed":1,"minecraft:jungle_leaves":14,"minecraft:granite":10,"pamhc2crops:tropicalgarden":21,"minecraft:grass_block":162,"minecraft:spawner":2,"minecraft:redstone_ore":3,"minecraft:furnace":1,"minecraft:iron_ore":206,"minecraft:andesite":13,"minecraft:deepslate_lapis_ore":12,"minecraft:deepslate_iron_ore":23,"minecraft:dirt_path":1,"minecraft:rail":1,"minecraft:stone":430,"minecraft:deepslate_redstone_ore":4,"pamhc2crops:windygarden":48,"minecraft:dandelion":2,"minecraft:oak_fence":2,"minecraft:torch":7,"minecraft:tall_grass":153,"minecraft:copper_ore":3,"minecraft:cobblestone":20,"minecraft:lapis_ore":2,"minecraft:deepslate_gold_ore":12,"minecraft:oak_planks":2,"minecraft:diorite":16,"minecraft:wall_torch":8,"pamhc2trees:pamjackfruit":1,"minecraft:deepslate_copper_ore":2,"minecraft:wheat":4,"minecraft:grass":1099,"minecraft:oak_log":71,"minecraft:coal_ore":161,"minecraft:gravel":26,"minecraft:dirt":102,"minecraft:cobweb":116,"minecraft:gold_ore":5,"create:crimsite":123,"minecraft:oak_leaves":40,"minecraft:deepslate":123},"minecraft:picked_up":{"pamhc2crops:cornitem":4,"pamhc2crops:wintersquashitem":1,"minecraft:iron_chestplate":1,"minecraft:wheat":1,"pamhc2crops:elderberryitem":3,"minecraft:chicken":2,"pamhc2crops:cucumberitem":1,"minecraft:wooden_pickaxe":1,"pamhc2crops:amaranthitem":3,"pamhc2crops:grapeitem":1,"pamhc2crops:soybeanitem":3,"pamhc2crops:parsnipitem":2,"minecraft:shield":1,"minecraft:string":123,"minecraft:raw_copper":26,"minecraft:iron_leggings":1,"minecraft:iron_shovel":1,"minecraft:cobbled_deepslate":397,"minecraft:beef":4,"minecraft:furnace":1,"minecraft:egg":16,"minecraft:iron_boots":1,"minecraft:stick":47,"minecraft:raw_iron":266,"minecraft:oak_fence":4,"minecraft:torch":60,"pamhc2crops:kiwiitem":1,"pamhc2crops:alfalfaitem":2,"minecraft:diorite":23,"minecraft:redstone":70,"minecraft:stone_sword":1,"pamhc2crops:chilipepperitem":3,"minecraft:arrow":23,"minecraft:rotten_flesh":14,"pamhc2crops:peanutitem":1,"pamhc2crops:bellpepperitem":2,"pamhc2crops:cantaloupeitem":1,"pamhc2crops:lettuceitem":4,"pamhc2crops:artichokeitem":6,"pamhc2crops:aloeitem":1,"minecraft:mutton":8,"minecraft:rail":8,"minecraft:white_wool":3,"minecraft:cobblestone":484,"minecraft:feather":4,"pamhc2trees:oliveitem":6,"minecraft:water_bucket":1,"minecraft:andesite":12,"minecraft:leather":2,"pamhc2crops:barleyitem":2,"minecraft:flint":4,"minecraft:tuff":66,"create:raw_zinc":36,"minecraft:oak_log":88,"pamhc2crops:sunchokeitem":1,"pamhc2crops:flaxitem":3,"pamhc2crops:guaranaitem":2,"minecraft:gunpowder":4,"minecraft:lapis_lazuli":208,"minecraft:dirt":275,"minecraft:cooked_mutton":4,"minecraft:bone":14,"minecraft:wheat_seeds":141,"minecraft:raw_gold":35,"minecraft:stone_pickaxe":4,"minecraft:iron_sword":3,"minecraft:oak_planks":134,"pamhc2crops:onionitem":4,"pamhc2crops:sesameseedsitem":2,"pamhc2crops:mustardseedsitem":4,"minecraft:dandelion":2,"minecraft:gravel":77,"pamhc2crops:taroitem":2,"pamhc2crops:calabashitem":3,"pamhc2trees:cashewitem":1,"minecraft:white_bed":1,"pamhc2crops:bokchoyitem":2,"minecraft:spider_eye":3,"create:crimsite":124,"minecraft:stone_axe":1,"pamhc2crops:strawberryitem":1,"minecraft:iron_helmet":1,"minecraft:granite":12,"minecraft:golden_apple":1,"minecraft:bread":128,"minecraft:oak_sapling":22,"pamhc2crops:kenafitem":2,"minecraft:coal":170,"pamhc2crops:gingeritem":3},"minecraft:crafted":{"minecraft:oak_planks":184,"pamhc2crops:taroseeditem":2,"pamhc2crops:wintersquashseeditem":1,"pamhc2crops:bokchoyseeditem":1,"pamhc2crops:grapeseeditem":1,"minecraft:cooked_chicken":1,"pamhc2crops:barleyseeditem":2,"pamhc2crops:mustardseedsseeditem":4,"minecraft:furnace":3,"pamhc2crops:flaxseeditem":1,"pamhc2crops:elderberryseeditem":3,"pamhc2crops:cornseeditem":4,"pamhc2crops:onionseeditem":4,"pamhc2crops:aloeseeditem":1,"minecraft:cooked_mutton":4,"minecraft:iron_boots":1,"minecraft:stone_pickaxe":4,"pamhc2crops:sesameseedsseeditem":2,"minecraft:chest":5,"pamhc2crops:kenafseeditem":2,"minecraft:stone_hoe":3,"minecraft:oak_fence":21,"pamhc2crops:peanutseeditem":1,"minecraft:crafting_table":7,"minecraft:wooden_pickaxe":1,"minecraft:iron_helmet":1,"pamhc2crops:kiwiseeditem":1,"minecraft:iron_sword":2,"pamhc2crops:artichokeseeditem":6,"minecraft:bucket":1,"minecraft:stone_axe":1,"minecraft:air":0,"pamhc2crops:chilipepperseeditem":3,"pamhc2crops:calabashseeditem":3,"pamhc2crops:guaranaseeditem":2,"pamhc2crops:amaranthseeditem":3,"pamhc2crops:gingerseeditem":1,"minecraft:iron_chestplate":1,"pamhc2crops:cucumberseeditem":1,"minecraft:shield":2,"pamhc2crops:soybeanseeditem":3,"minecraft:stick":144,"pamhc2crops:cantaloupeseeditem":1,"minecraft:iron_ingot":70,"minecraft:iron_pickaxe":5,"minecraft:stone_sword":1,"minecraft:iron_shovel":1,"minecraft:iron_leggings":1,"pamhc2crops:lettuceseeditem":4,"minecraft:white_bed":1,"pamhc2crops:bellpepperseeditem":2,"minecraft:torch":344,"pamhc2crops:parsnipseeditem":2,"pamhc2crops:alfalfaseeditem":2}},"DataVersion":3465}