{"stats":{"minecraft:picked_up":{"minecraft:feather":4,"minecraft:chicken":2,"minecraft:andesite":8,"minecraft:wooden_pickaxe":1,"minecraft:tuff":10,"create:raw_zinc":35,"minecraft:oak_log":31,"minecraft:gunpowder":4,"minecraft:lapis_lazuli":12,"minecraft:string":116,"minecraft:dirt":9,"minecraft:raw_copper":14,"minecraft:bone":7,"minecraft:wheat_seeds":17,"minecraft:cobbled_deepslate":7,"minecraft:raw_gold":5,"minecraft:stone_pickaxe":3,"minecraft:oak_planks":112,"minecraft:egg":13,"minecraft:stick":37,"minecraft:raw_iron":193,"minecraft:oak_fence":4,"minecraft:torch":46,"minecraft:dandelion":2,"minecraft:gravel":14,"minecraft:diorite":11,"minecraft:spider_eye":2,"create:crimsite":124,"minecraft:stone_sword":1,"minecraft:arrow":6,"minecraft:rotten_flesh":7,"minecraft:stone_axe":1,"minecraft:granite":4,"minecraft:bread":117,"minecraft:oak_sapling":2,"minecraft:mutton":8,"minecraft:coal":122,"minecraft:rail":4,"minecraft:white_wool":3,"minecraft:cobblestone":412},"minecraft:custom":{"minecraft:interact_with_furnace":21,"minecraft:mob_kills":19,"minecraft:animals_bred":2,"minecraft:interact_with_crafting_table":21,"minecraft:leave_game":2,"minecraft:time_since_death":86937,"minecraft:sleep_in_bed":2,"minecraft:time_since_rest":87044,"minecraft:sprint_one_cm":321235,"minecraft:damage_taken":1636,"minecraft:walk_one_cm":456314,"minecraft:damage_blocked_by_shield":2010,"minecraft:drop":16,"minecraft:damage_dealt":4017,"minecraft:talked_to_villager":1,"minecraft:swim_one_cm":1818,"minecraft:fly_one_cm":111141,"minecraft:open_chest":5,"minecraft:crouch_one_cm":14610,"minecraft:play_time":119486,"minecraft:deaths":1,"minecraft:sneak_time":4744,"minecraft:walk_under_water_one_cm":10062,"minecraft:jump":1392,"minecraft:walk_on_water_one_cm":23153,"minecraft:total_world_time":119486,"minecraft:fall_one_cm":20323},"minecraft:crafted":{"minecraft:oak_planks":124,"minecraft:crafting_table":5,"minecraft:wooden_pickaxe":1,"minecraft:cooked_chicken":1,"minecraft:iron_helmet":1,"minecraft:iron_sword":1,"minecraft:furnace":2,"minecraft:bucket":1,"minecraft:stone_axe":1,"minecraft:cooked_mutton":4,"minecraft:air":0,"minecraft:iron_chestplate":1,"minecraft:iron_boots":1,"minecraft:shield":1,"minecraft:stick":76,"minecraft:iron_ingot":57,"minecraft:iron_pickaxe":2,"minecraft:stone_pickaxe":4,"minecraft:chest":1,"minecraft:stone_sword":1,"minecraft:iron_leggings":1,"minecraft:white_bed":1,"minecraft:torch":232},"minecraft:dropped":{"minecraft:gravel":4,"minecraft:wheat_seeds":4,"minecraft:stone_sword":1,"minecraft:cobbled_deepslate":4,"minecraft:tuff":4,"minecraft:cobblestone":1,"minecraft:oak_planks":49,"create:crimsite":1,"minecraft:rail":3,"minecraft:spider_eye":1,"minecraft:wooden_pickaxe":1,"minecraft:stone_pickaxe":1,"minecraft:dandelion":1},"minecraft:killed_by":{"minecraft:skeleton":1},"minecraft:broken":{"minecraft:stone_pickaxe":1,"minecraft:stone_sword":1,"minecraft:iron_pickaxe":2},"minecraft:killed":{"minecraft:cave_spider":2,"minecraft:creeper":1,"minecraft:skeleton":5,"minecraft:sheep":3,"minecraft:zombie":6,"minecraft:chicken":1},"minecraft:used":{"minecraft:diorite":6,"minecraft:stone_sword":79,"minecraft:stone_pickaxe":334,"create:crimsite":27,"minecraft:chest":1,"minecraft:shield":31,"minecraft:wooden_pickaxe":24,"minecraft:iron_sword":112,"minecraft:cooked_chicken":1,"minecraft:torch":255,"minecraft:rail":1,"minecraft:crafting_table":5,"minecraft:white_bed":1,"minecraft:bread":37,"minecraft:iron_pickaxe":542,"minecraft:iron_boots":1,"minecraft:gravel":1,"minecraft:stone_axe":53,"minecraft:cobblestone":294,"minecraft:oak_sapling":1,"minecraft:furnace":2,"minecraft:bucket":1,"minecraft:andesite":2,"minecraft:egg":2},"minecraft:mined":{"create:zinc_ore":36,"minecraft:tuff":6,"minecraft:dandelion":1,"minecraft:oak_fence":2,"minecraft:torch":6,"minecraft:granite":6,"minecraft:grass_block":6,"minecraft:cobblestone":14,"minecraft:tall_grass":12,"minecraft:copper_ore":3,"minecraft:lapis_ore":2,"minecraft:oak_planks":2,"minecraft:diorite":10,"minecraft:wall_torch":2,"minecraft:spawner":2,"minecraft:iron_ore":192,"minecraft:andesite":10,"minecraft:grass":95,"minecraft:coal_ore":127,"minecraft:oak_log":31,"minecraft:rail":1,"minecraft:gravel":5,"minecraft:dirt":3,"minecraft:cobweb":116,"minecraft:stone":353,"minecraft:gold_ore":5,"create:crimsite":123,"minecraft:deepslate":3,"minecraft:oak_leaves":9}},"DataVersion":3465}