{"stats":{"minecraft:picked_up":{"minecraft:iron_chestplate":1,"minecraft:chicken":2,"minecraft:wooden_pickaxe":1,"minecraft:shield":1,"minecraft:string":123,"minecraft:raw_copper":26,"minecraft:iron_leggings":1,"minecraft:iron_shovel":1,"minecraft:cobbled_deepslate":397,"minecraft:furnace":1,"minecraft:egg":15,"minecraft:iron_boots":1,"minecraft:raw_iron":266,"minecraft:stick":46,"minecraft:oak_fence":4,"minecraft:torch":60,"minecraft:diorite":23,"minecraft:redstone":70,"minecraft:stone_sword":1,"minecraft:arrow":16,"minecraft:rotten_flesh":10,"minecraft:mutton":8,"minecraft:rail":8,"minecraft:white_wool":3,"minecraft:cobblestone":469,"minecraft:feather":4,"minecraft:water_bucket":1,"minecraft:andesite":12,"minecraft:flint":4,"minecraft:tuff":66,"create:raw_zinc":36,"minecraft:oak_log":83,"minecraft:gunpowder":4,"minecraft:lapis_lazuli":208,"minecraft:dirt":260,"minecraft:cooked_mutton":4,"minecraft:bone":11,"minecraft:wheat_seeds":22,"minecraft:raw_gold":35,"minecraft:stone_pickaxe":4,"minecraft:oak_planks":133,"minecraft:iron_sword":2,"minecraft:dandelion":2,"minecraft:gravel":72,"minecraft:spider_eye":3,"create:crimsite":124,"minecraft:stone_axe":1,"minecraft:iron_helmet":1,"minecraft:granite":12,"minecraft:golden_apple":1,"minecraft:bread":128,"minecraft:oak_sapling":22,"minecraft:coal":154},"minecraft:custom":{"minecraft:mob_kills":23,"minecraft:animals_bred":4,"minecraft:interact_with_crafting_table":31,"minecraft:leave_game":3,"minecraft:time_since_death":140282,"minecraft:climb_one_cm":580,"minecraft:sprint_one_cm":499435,"minecraft:walk_one_cm":614068,"minecraft:damage_blocked_by_shield":2235,"minecraft:drop":31,"minecraft:talked_to_villager":3,"minecraft:play_time":172831,"minecraft:deaths":1,"minecraft:sneak_time":5792,"minecraft:walk_under_water_one_cm":11035,"minecraft:jump":2125,"minecraft:walk_on_water_one_cm":29923,"minecraft:total_world_time":172831,"minecraft:interact_with_furnace":29,"minecraft:sleep_in_bed":3,"minecraft:time_since_rest":4722,"minecraft:damage_taken":1825,"minecraft:damage_dealt":4727,"minecraft:fly_one_cm":199531,"minecraft:swim_one_cm":4128,"minecraft:open_chest":48,"minecraft:crouch_one_cm":17140,"minecraft:fall_one_cm":37268},"minecraft:crafted":{"minecraft:oak_planks":164,"minecraft:cooked_chicken":1,"minecraft:furnace":2,"minecraft:cooked_mutton":4,"minecraft:iron_boots":1,"minecraft:stone_pickaxe":4,"minecraft:chest":3,"minecraft:stone_hoe":1,"minecraft:oak_fence":15,"minecraft:crafting_table":7,"minecraft:wooden_pickaxe":1,"minecraft:iron_helmet":1,"minecraft:iron_sword":2,"minecraft:bucket":1,"minecraft:stone_axe":1,"minecraft:air":0,"minecraft:iron_chestplate":1,"minecraft:shield":2,"minecraft:stick":128,"minecraft:iron_ingot":70,"minecraft:iron_pickaxe":5,"minecraft:stone_sword":1,"minecraft:iron_shovel":1,"minecraft:iron_leggings":1,"minecraft:white_bed":1,"minecraft:torch":344},"minecraft:dropped":{"minecraft:bread":13,"minecraft:wheat_seeds":4,"minecraft:cobblestone":1,"create:crimsite":1,"minecraft:rail":3,"minecraft:dandelion":1,"minecraft:gravel":4,"minecraft:stone_sword":1,"minecraft:cobbled_deepslate":4,"minecraft:tuff":4,"minecraft:oak_planks":49,"minecraft:andesite":2,"minecraft:oak_sapling":1,"minecraft:spider_eye":1,"minecraft:stone_pickaxe":1,"minecraft:wooden_pickaxe":1},"minecraft:killed_by":{"minecraft:skeleton":1},"minecraft:broken":{"minecraft:iron_shovel":1,"minecraft:stone_sword":1,"minecraft:stone_pickaxe":1,"minecraft:iron_pickaxe":3},"minecraft:killed":{"minecraft:cave_spider":2,"minecraft:skeleton":6,"minecraft:chicken":1,"minecraft:creeper":1,"minecraft:sheep":3,"minecraft:zombie":8},"minecraft:used":{"minecraft:oak_fence":8,"minecraft:stone_sword":79,"minecraft:iron_shovel":253,"minecraft:chest":3,"minecraft:shield":35,"minecraft:iron_sword":126,"minecraft:stone_hoe":9,"minecraft:cooked_chicken":1,"minecraft:torch":318,"minecraft:dirt":75,"minecraft:iron_boots":2,"minecraft:furnace":3,"minecraft:oak_sapling":1,"minecraft:egg":2,"minecraft:iron_leggings":1,"minecraft:cooked_mutton":1,"minecraft:water_bucket":4,"minecraft:diorite":6,"minecraft:stone_pickaxe":336,"create:crimsite":27,"minecraft:wooden_pickaxe":24,"minecraft:rail":1,"minecraft:crafting_table":7,"minecraft:white_bed":1,"minecraft:bread":47,"minecraft:iron_pickaxe":859,"minecraft:gravel":1,"minecraft:stone_axe":119,"minecraft:cobblestone":349,"minecraft:bucket":4,"minecraft:andesite":2},"minecraft:mined":{"create:zinc_ore":36,"minecraft:tuff":34,"minecraft:granite":10,"minecraft:grass_block":148,"minecraft:spawner":2,"minecraft:redstone_ore":3,"minecraft:furnace":1,"minecraft:iron_ore":206,"minecraft:andesite":13,"minecraft:deepslate_lapis_ore":12,"minecraft:dirt_path":1,"minecraft:deepslate_iron_ore":23,"minecraft:rail":1,"minecraft:stone":415,"minecraft:deepslate_redstone_ore":4,"minecraft:dandelion":1,"minecraft:oak_fence":2,"minecraft:torch":7,"minecraft:tall_grass":23,"minecraft:copper_ore":3,"minecraft:cobblestone":20,"minecraft:lapis_ore":2,"minecraft:deepslate_gold_ore":12,"minecraft:oak_planks":2,"minecraft:diorite":16,"minecraft:wall_torch":8,"minecraft:deepslate_copper_ore":2,"minecraft:grass":158,"minecraft:coal_ore":145,"minecraft:oak_log":66,"minecraft:dirt":101,"minecraft:gravel":26,"minecraft:cobweb":116,"minecraft:gold_ore":5,"create:crimsite":123,"minecraft:oak_leaves":37,"minecraft:deepslate":123}},"DataVersion":3465}