{"stats":{"minecraft:picked_up":{"minecraft:stick":37,"minecraft:raw_iron":16,"minecraft:feather":4,"minecraft:chicken":2,"minecraft:andesite":1,"minecraft:torch":38,"minecraft:wooden_pickaxe":1,"minecraft:dandelion":2,"minecraft:gravel":10,"minecraft:oak_log":27,"minecraft:gunpowder":2,"minecraft:diorite":4,"minecraft:dirt":2,"minecraft:raw_copper":6,"minecraft:stone_axe":1,"minecraft:wheat_seeds":13,"minecraft:stone_pickaxe":3,"minecraft:bread":117,"minecraft:oak_sapling":2,"minecraft:mutton":8,"minecraft:oak_planks":58,"minecraft:coal":55,"minecraft:white_wool":3,"minecraft:cobblestone":199,"minecraft:egg":10},"minecraft:custom":{"minecraft:time_since_rest":9044,"minecraft:interact_with_furnace":3,"minecraft:sprint_one_cm":108301,"minecraft:damage_taken":695,"minecraft:walk_one_cm":146761,"minecraft:mob_kills":5,"minecraft:animals_bred":2,"minecraft:damage_dealt":979,"minecraft:swim_one_cm":229,"minecraft:interact_with_crafting_table":7,"minecraft:fly_one_cm":55321,"minecraft:open_chest":1,"minecraft:crouch_one_cm":1429,"minecraft:play_time":41486,"minecraft:deaths":1,"minecraft:sneak_time":479,"minecraft:walk_under_water_one_cm":638,"minecraft:jump":636,"minecraft:walk_on_water_one_cm":1345,"minecraft:leave_game":2,"minecraft:time_since_death":8937,"minecraft:sleep_in_bed":2,"minecraft:total_world_time":41486,"minecraft:fall_one_cm":12536},"minecraft:crafted":{"minecraft:oak_planks":108,"minecraft:iron_boots":1,"minecraft:crafting_table":3,"minecraft:stick":72,"minecraft:iron_ingot":4,"minecraft:wooden_pickaxe":1,"minecraft:stone_pickaxe":4,"minecraft:stone_sword":1,"minecraft:furnace":1,"minecraft:white_bed":1,"minecraft:torch":100,"minecraft:stone_axe":1,"minecraft:air":0},"minecraft:killed_by":{"minecraft:skeleton":1},"minecraft:broken":{"minecraft:stone_pickaxe":1},"minecraft:used":{"minecraft:bread":12,"minecraft:stone_pickaxe":201,"minecraft:wooden_pickaxe":24,"minecraft:iron_boots":1,"minecraft:gravel":1,"minecraft:stone_axe":45,"minecraft:torch":80,"minecraft:cobblestone":74,"minecraft:crafting_table":3,"minecraft:furnace":1,"minecraft:oak_sapling":1,"minecraft:white_bed":1,"minecraft:egg":2},"minecraft:killed":{"minecraft:sheep":3,"minecraft:chicken":1,"minecraft:creeper":1},"minecraft:mined":{"minecraft:iron_ore":13,"minecraft:andesite":1,"minecraft:dandelion":1,"minecraft:torch":2,"minecraft:grass":95,"minecraft:oak_log":27,"minecraft:coal_ore":57,"minecraft:gravel":5,"minecraft:dirt":2,"minecraft:copper_ore":1,"minecraft:tall_grass":12,"minecraft:cobblestone":2,"minecraft:stone":146,"minecraft:wall_torch":1,"minecraft:diorite":3,"minecraft:oak_leaves":9}},"DataVersion":3465}