{"stats":{"minecraft:picked_up":{"minecraft:stick":1,"minecraft:feather":2,"minecraft:chicken":1,"minecraft:oak_sapling":1,"minecraft:egg":2},"minecraft:custom":{"minecraft:jump":61,"minecraft:time_since_rest":6312,"minecraft:damage_dealt":79,"minecraft:damage_taken":160,"minecraft:leave_game":2,"minecraft:play_time":6312,"minecraft:sprint_one_cm":13053,"minecraft:time_since_death":6312,"minecraft:walk_one_cm":19324,"minecraft:total_world_time":6312,"minecraft:mob_kills":1,"minecraft:fall_one_cm":2395,"minecraft:fly_one_cm":8919},"minecraft:killed":{"minecraft:chicken":1},"minecraft:mined":{"minecraft:grass":5}},"DataVersion":3465}