{"stats":{"minecraft:broken":{"minecraft:iron_shovel":5,"minecraft:stone_pickaxe":1,"minecraft:iron_sword":2,"minecraft:stone_shovel":1,"minecraft:stone_sword":1,"minecraft:stone_hoe":4,"minecraft:iron_pickaxe":6},"minecraft:picked_up":{"pamhc2crops:cornitem":59,"pamhc2crops:wintersquashitem":25,"minecraft:iron_chestplate":1,"minecraft:wheat":413,"pamhc2crops:elderberryitem":56,"pamhc2crops:cucumberitem":19,"minecraft:lead":2,"minecraft:polished_deepslate":23,"minecraft:string":270,"minecraft:raw_copper":68,"minecraft:iron_leggings":1,"minecraft:cobbled_deepslate":401,"butcher:white_llama":1,"butcher:chicken_drained_corpse_item":2,"minecraft:iron_boots":1,"minecraft:furnace":3,"minecraft:stick":55,"minecraft:oak_fence":56,"minecraft:torch":87,"minecraft:porkchop":2,"minecraft:diorite":23,"pamhc2crops:spiceleafitem":1,"pamhc2crops:chilipepperitem":30,"minecraft:stone_sword":1,"minecraft:rotten_flesh":33,"create:ochrum":69,"pamhc2crops:peanutitem":25,"spartanweaponry:iron_glaive":1,"butcher:chicken_corpse_item":10,"butcher:spitroast":1,"travelersbackpack:gray_sleeping_bag":3,"minecraft:cod":2,"minecraft:cobblestone":1007,"minecraft:feather":4,"butcher:pig_corpse_item":4,"minecraft:andesite":14,"minecraft:water_bucket":1,"pamhc2trees:oliveitem":20,"minecraft:flint":4,"minecraft:tuff":68,"create:raw_zinc":36,"pamhc2foodcore:juiceritem":1,"minecraft:lapis_lazuli":208,"minecraft:dirt":1391,"minecraft:lantern":37,"travelersbackpack:backpack_tank":2,"minecraft:bone":22,"minecraft:bow":2,"minecraft:wheat_seeds":1498,"minecraft:raw_gold":35,"pamhc2crops:turnipitem":1,"minecraft:oak_planks":180,"minecraft:sand":64,"pamhc2trees:cashewitem":3,"pamhc2crops:bokchoyitem":12,"create:crimsite":124,"pamhc2crops:strawberryitem":1,"minecraft:granite":53,"minecraft:golden_apple":1,"minecraft:bread":128,"minecraft:oak_sapling":34,"minecraft:charcoal":2,"minecraft:crafting_table":1,"minecraft:chicken":2,"pamhc2crops:amaranthitem":60,"minecraft:wooden_pickaxe":1,"pamhc2crops:grapeitem":89,"butcher:skinned_drained_sheep_corpse_item":2,"pamhc2crops:soybeanitem":43,"minecraft:chain":1,"pamhc2crops:parsnipitem":38,"minecraft:shield":1,"minecraft:iron_shovel":1,"minecraft:beef":6,"butcher:sheep_skin":2,"minecraft:oak_boat":5,"pamhc2crops:truffleitem":2,"minecraft:light_gray_wool":1,"minecraft:chest":4,"minecraft:egg":19,"minecraft:raw_iron":266,"pamhc2crops:kiwiitem":27,"butcher:sheep_corpse_item":3,"pamhc2crops:alfalfaitem":32,"minecraft:redstone":70,"pamhc2foodcore:fruitpunchitem":1,"create:layered_crimsite":6,"minecraft:arrow":28,"pamhc2crops:bellpepperitem":36,"pamhc2crops:cantaloupeitem":24,"pamhc2crops:lettuceitem":121,"pamhc2crops:artichokeitem":188,"pamhc2crops:aloeitem":20,"minecraft:mutton":13,"minecraft:white_wool":28,"minecraft:rail":8,"butcher:pig_skin":2,"minecraft:tripwire_hook":2,"minecraft:salmon":1,"pamhc2trees:papayaitem":3,"minecraft:leather":4,"pamhc2crops:barleyitem":41,"pamhc2crops:juteitem":1,"spartanweaponry:iron_spear":1,"pamhc2crops:nettlesitem":1,"minecraft:oak_log":129,"pamhc2trees:lemonitem":1,"pamhc2crops:sunchokeitem":16,"pamhc2crops:flaxitem":3,"pamhc2crops:guaranaitem":52,"minecraft:gunpowder":4,"minecraft:white_banner":1,"pamhc2crops:tealeafitem":1,"pamhc2crops:leekitem":2,"butcher:polarbear_corpse_item":1,"minecraft:cooked_mutton":4,"minecraft:apple":5,"minecraft:stone_pickaxe":4,"pamhc2crops:blackberryitem":1,"butcher:hook_block":1,"minecraft:iron_sword":3,"pamhc2crops:onionitem":75,"pamhc2crops:sesameseedsitem":46,"pamhc2crops:mustardseedsitem":61,"minecraft:sweet_berries":15,"minecraft:dandelion":2,"minecraft:dripstone_block":17,"minecraft:gravel":77,"pamhc2crops:taroitem":19,"create:crimsite_pillar":22,"pamhc2crops:calabashitem":141,"minecraft:white_bed":1,"minecraft:spider_eye":4,"minecraft:stone_axe":1,"minecraft:iron_helmet":1,"pamhc2crops:kenafitem":25,"minecraft:coal":188,"pamhc2crops:gingeritem":17},"minecraft:custom":{"minecraft:animals_bred":7,"minecraft:interact_with_crafting_table":128,"minecraft:leave_game":7,"minecraft:time_since_death":79984,"minecraft:sprint_one_cm":1970276,"minecraft:damage_blocked_by_shield":4455,"minecraft:drop":71,"minecraft:talked_to_villager":3,"minecraft:play_time":583880,"minecraft:deaths":3,"minecraft:jump":5560,"minecraft:walk_on_water_one_cm":52013,"minecraft:interact_with_furnace":74,"minecraft:sleep_in_bed":22,"minecraft:damage_dealt":12094,"minecraft:crouch_one_cm":123172,"minecraft:mob_kills":71,"minecraft:climb_one_cm":580,"minecraft:walk_one_cm":2258254,"minecraft:sneak_time":32911,"minecraft:walk_under_water_one_cm":19533,"minecraft:boat_one_cm":136054,"minecraft:total_world_time":583880,"minecraft:interact_with_grindstone":1,"minecraft:interact_with_stonecutter":15,"minecraft:time_since_rest":62713,"minecraft:damage_taken":4278,"minecraft:swim_one_cm":15905,"minecraft:fly_one_cm":683403,"minecraft:open_chest":371,"minecraft:fall_one_cm":85202},"minecraft:killed":{"minecraft:cave_spider":10,"minecraft:spider":4,"minecraft:skeleton":10,"minecraft:chicken":1,"minecraft:creeper":1,"minecraft:sheep":5,"minecraft:trader_llama":2,"minecraft:pillager":3,"minecraft:zombie":26,"minecraft:cow":3,"minecraft:polar_bear":1,"minecraft:enderman":1},"minecraft:crafted":{"minecraft:oak_planks":344,"pamhc2crops:grapeseeditem":5,"minecraft:cooked_chicken":1,"minecraft:chain":4,"pamhc2crops:barleyseeditem":11,"minecraft:stone":8,"pamhc2crops:onionseeditem":20,"minecraft:iron_bars":16,"minecraft:cooked_mutton":4,"minecraft:glass":64,"minecraft:iron_boots":1,"minecraft:chest":12,"create:layered_crimsite":1,"minecraft:stone_hoe":5,"minecraft:stone_bricks":3,"minecraft:oak_fence":75,"minecraft:deepslate":16,"butcher:pliers":1,"minecraft:crafting_table":8,"minecraft:spruce_planks":12,"minecraft:wooden_pickaxe":1,"minecraft:iron_helmet":1,"butcher:skinning_knife":1,"minecraft:campfire":2,"pamhc2crops:guaranaseeditem":11,"pamhc2crops:amaranthseeditem":16,"minecraft:iron_chestplate":1,"pamhc2crops:cucumberseeditem":5,"minecraft:shield":3,"minecraft:stick":216,"pamhc2crops:cantaloupeseeditem":6,"minecraft:iron_ingot":164,"minecraft:iron_pickaxe":6,"minecraft:stone_sword":1,"butcher:butchers_knife":1,"pamhc2crops:lettuceseeditem":19,"pamhc2crops:parsnipseeditem":10,"pamhc2crops:alfalfaseeditem":8,"butcher:bloodgrate":4,"pamhc2crops:taroseeditem":8,"minecraft:stone_shovel":1,"pamhc2crops:wintersquashseeditem":6,"minecraft:stone_brick_wall":2,"minecraft:tripwire_hook":2,"pamhc2crops:bokchoyseeditem":3,"minecraft:iron_nugget":450,"pamhc2crops:mustardseedsseeditem":16,"minecraft:furnace":3,"pamhc2crops:flaxseeditem":1,"pamhc2crops:elderberryseeditem":14,"pamhc2crops:cornseeditem":17,"pamhc2crops:aloeseeditem":5,"minecraft:lantern":48,"minecraft:polished_deepslate":253,"minecraft:iron_axe":1,"minecraft:iron_hoe":1,"minecraft:stone_pickaxe":4,"pamhc2crops:sesameseedsseeditem":2,"butcher:emptyskinrack":2,"pamhc2foodcore:fruitpunchitem":9,"pamhc2crops:kenafseeditem":7,"minecraft:cooked_beef":4,"pamhc2crops:peanutseeditem":8,"minecraft:iron_trapdoor":3,"travelersbackpack:backpack_tank":2,"pamhc2trees:olive_sapling":1,"pamhc2crops:kiwiseeditem":6,"minecraft:iron_sword":3,"pamhc2crops:artichokeseeditem":29,"minecraft:bucket":1,"minecraft:stone_axe":1,"minecraft:air":0,"minecraft:bread":92,"pamhc2crops:chilipepperseeditem":10,"pamhc2crops:calabashseeditem":12,"pamhc2crops:gingerseeditem":4,"pamhc2crops:soybeanseeditem":13,"butcher:hook":4,"minecraft:iron_shovel":7,"minecraft:iron_leggings":1,"minecraft:stonecutter":1,"minecraft:white_bed":1,"butcher:spitroast":1,"pamhc2crops:bellpepperseeditem":10,"minecraft:torch":408,"butcher:butcherstable":1},"minecraft:dropped":{"spartanweaponry:iron_glaive":2,"create:crimsite":1,"minecraft:rail":3,"butcher:pig_corpse_item":1,"minecraft:flint":1,"minecraft:dirt":14,"pamhc2crops:gingeritem":2,"minecraft:bone":4,"minecraft:gravel":14,"minecraft:cobbled_deepslate":6,"minecraft:rotten_flesh":7,"minecraft:oak_planks":51,"minecraft:salmon":1,"minecraft:egg":1,"minecraft:stone_hoe":1,"minecraft:bread":13,"minecraft:wheat_seeds":4,"pamhc2trees:oliveitem":3,"spartanweaponry:iron_boomerang":1,"minecraft:feather":1,"minecraft:lead":2,"minecraft:cobblestone":9,"pamhc2crops:guaranaitem":9,"minecraft:dandelion":1,"spartanweaponry:iron_battle_hammer":1,"pamhc2crops:grapeitem":19,"minecraft:sweet_berries":24,"minecraft:stone_sword":1,"pamhc2foodcore:fruitpunchitem":5,"minecraft:tuff":6,"pamhc2crops:leekitem":1,"minecraft:potato":7,"minecraft:andesite":4,"minecraft:oak_sapling":1,"pamhc2crops:flaxitem":2,"minecraft:spider_eye":2,"minecraft:bow":1,"minecraft:stone_pickaxe":1,"minecraft:wooden_pickaxe":1},"minecraft:used":{"pamhc2crops:kiwiitem":19,"pamhc2crops:cucumberseeditem":7,"minecraft:iron_shovel":1321,"minecraft:polished_deepslate":277,"butcher:polarbear_corpse_item":1,"butcher:skinned_drained_sheep_corpse_item":2,"minecraft:shield":69,"minecraft:chest":16,"pamhc2crops:calabashseeditem":17,"minecraft:iron_sword":379,"pamhc2crops:wintersquashitem":1,"pamhc2crops:peanutseeditem":8,"pamhc2crops:elderberryseeditem":15,"butcher:chicken_corpse_item":10,"pamhc2crops:parsnipitem":27,"butcher:spitroast":2,"pamhc2crops:sesameseedsseeditem":2,"pamhc2crops:grapeitem":33,"pamhc2crops:soybeanitem":9,"butcher:emptyskinrack":2,"minecraft:lantern":85,"pamhc2crops:sesameseedsitem":15,"minecraft:iron_helmet":2,"pamhc2crops:onionseeditem":30,"pamhc2crops:peanutitem":2,"pamhc2crops:grapeseeditem":5,"pamhc2crops:taroseeditem":8,"minecraft:bow":16,"minecraft:furnace":6,"pamhc2crops:cornseeditem":19,"minecraft:oak_sapling":1,"minecraft:egg":2,"pamhc2crops:barleyseeditem":11,"pamhc2crops:flaxseeditem":1,"minecraft:diorite":6,"pamhc2trees:olive_sapling":1,"minecraft:stone_pickaxe":336,"minecraft:oak_planks":53,"create:crimsite":27,"minecraft:wooden_pickaxe":24,"spartanweaponry:iron_boomerang":6,"pamhc2crops:lettuceitem":27,"pamhc2crops:kiwiseeditem":9,"pamhc2crops:cantaloupeseeditem":8,"pamhc2crops:amaranthseeditem":24,"pamhc2crops:strawberryitem":1,"pamhc2crops:soybeanseeditem":15,"pamhc2trees:cashewitem":1,"create:layered_crimsite":70,"pamhc2crops:gingerseeditem":4,"pamhc2crops:artichokeseeditem":36,"minecraft:bread":117,"minecraft:deepslate":1,"minecraft:gravel":1,"pamhc2crops:alfalfaitem":25,"minecraft:andesite":2,"minecraft:chain":5,"minecraft:oak_boat":4,"pamhc2crops:amaranthitem":16,"pamhc2crops:bokchoyseeditem":3,"butcher:white_llama":1,"minecraft:oak_fence":121,"minecraft:stone_sword":79,"minecraft:stone_shovel":131,"pamhc2crops:chilipepperseeditem":11,"pamhc2crops:artichokeitem":22,"minecraft:stone_hoe":546,"minecraft:cooked_chicken":1,"minecraft:torch":391,"minecraft:dirt":1229,"travelersbackpack:gray_sleeping_bag":2,"butcher:sheep_corpse_item":3,"pamhc2crops:sunchokeitem":6,"create:crimsite_pillar":22,"pamhc2crops:chilipepperitem":8,"minecraft:iron_hoe":53,"pamhc2crops:cornitem":14,"pamhc2crops:bokchoyitem":10,"minecraft:iron_axe":141,"pamhc2crops:onionitem":18,"minecraft:iron_boots":2,"pamhc2crops:kenafseeditem":10,"minecraft:melon_seeds":3,"butcher:bloodgrate":4,"minecraft:tripwire_hook":2,"butcher:hook_block":1,"minecraft:cooked_beef":4,"minecraft:cobbled_deepslate":1,"pamhc2crops:guaranaitem":15,"minecraft:iron_leggings":1,"minecraft:wheat_seeds":796,"minecraft:cooked_mutton":4,"butcher:chicken_drained_corpse_item":3,"minecraft:water_bucket":32,"pamhc2crops:guaranaseeditem":12,"butcher:butchers_knife":30,"pamhc2crops:alfalfaseeditem":9,"pamhc2crops:cantaloupeitem":27,"pamhc2crops:aloeitem":15,"minecraft:stonecutter":1,"pamhc2crops:parsnipseeditem":13,"pamhc2crops:bellpepperitem":16,"pamhc2crops:lettuceseeditem":27,"minecraft:rail":1,"minecraft:crafting_table":9,"minecraft:campfire":2,"minecraft:white_bed":2,"butcher:skinning_knife":1,"butcher:pig_corpse_item":3,"pamhc2crops:barleyitem":15,"pamhc2crops:aloeseeditem":5,"pamhc2crops:mustardseedsseeditem":17,"minecraft:iron_pickaxe":1658,"pamhc2crops:calabashitem":41,"butcher:butcherstable":1,"minecraft:stone_axe":120,"pamhc2crops:wintersquashseeditem":9,"minecraft:cobblestone":364,"pamhc2crops:bellpepperseeditem":10,"minecraft:white_banner":1,"butcher:pliers":2,"minecraft:bucket":33,"minecraft:splash_potion":1,"pamhc2crops:cucumberitem":8},"minecraft:mined":{"pamhc2crops:pamguaranacrop":11,"pamhc2crops:pamlettucecrop":31,"minecraft:white_bed":1,"minecraft:farmland":26,"minecraft:jungle_leaves":14,"pamhc2crops:pamelderberrycrop":14,"butcher:pigcorpse":2,"minecraft:granite":51,"minecraft:grass_block":756,"butcher:hanging_skinned_drained_sheep":2,"minecraft:spawner":5,"pamhc2crops:pamkiwicrop":6,"pamhc2crops:pamamaranthcrop":16,"minecraft:iron_ore":206,"minecraft:cobbled_deepslate":1,"minecraft:deepslate_lapis_ore":12,"minecraft:dirt_path":3,"travelersbackpack:gray_sleeping_bag":2,"pamhc2crops:pambarleycrop":11,"minecraft:deepslate_redstone_ore":4,"pamhc2crops:pamcorncrop":17,"butcher:sheepcorpse":2,"minecraft:torch":19,"minecraft:chest":4,"pamhc2crops:pamparsnipcrop":10,"minecraft:cobblestone":123,"pamhc2crops:shadedgarden":10,"minecraft:oak_planks":48,"minecraft:wall_torch":10,"minecraft:deepslate_copper_ore":2,"butcher:spitroast":1,"minecraft:chain":1,"pamhc2crops:pamtarocrop":5,"minecraft:wheat":313,"pamhc2crops:pamcantaloupecrop":6,"minecraft:grass":1697,"minecraft:oak_log":112,"pamhc2crops:pamgingercrop":4,"minecraft:sand":65,"minecraft:dirt":642,"minecraft:tripwire_hook":2,"create:crimsite":123,"minecraft:oak_leaves":62,"minecraft:deepslate":124,"create:zinc_ore":36,"minecraft:tuff":34,"pamhc2crops:pamkenafcrop":7,"pamhc2crops:pambellpeppercrop":10,"pamhc2crops:tropicalgarden":21,"create:ochrum":72,"pamhc2crops:pamaloecrop":5,"minecraft:redstone_ore":3,"minecraft:furnace":3,"butcher:chicken_drained_corpse":2,"create:layered_crimsite":6,"pamhc2crops:pamcucumbercrop":5,"minecraft:andesite":14,"minecraft:polished_deepslate":25,"pamhc2crops:pamsunchokecrop":5,"minecraft:deepslate_iron_ore":23,"minecraft:rail":1,"minecraft:lantern":2,"minecraft:packed_ice":3,"pamhc2crops:pamonioncrop":20,"minecraft:stone":861,"minecraft:white_wool":25,"pamhc2crops:pampeanutcrop":5,"create:crimsite_pillar":22,"pamhc2crops:pamcalabashcrop":37,"pamhc2crops:pamchilipeppercrop":9,"pamhc2crops:windygarden":48,"pamhc2crops:pamalfalfacrop":8,"minecraft:dandelion":2,"butcher:polarbearcorpse":1,"pamhc2crops:pamgrapecrop":20,"minecraft:oak_fence":54,"minecraft:crafting_table":1,"butcher:hanging_chicken_corpse":2,"butcher:chicken_corpse":6,"minecraft:campfire":1,"pamhc2crops:pamwintersquashcrop":7,"pamhc2crops:pamsoybeancrop":12,"minecraft:tall_grass":234,"minecraft:copper_ore":15,"pamhc2crops:pammustardseedscrop":15,"minecraft:lapis_ore":2,"minecraft:deepslate_gold_ore":12,"minecraft:diorite":16,"pamhc2crops:pamsesameseedscrop":12,"pamhc2trees:pamjackfruit":1,"butcher:drained_skinned_hanging_pig":1,"pamhc2crops:pambokchoycrop":3,"minecraft:sweet_berry_bush":1,"minecraft:ice":1,"butcher:hook_block":1,"minecraft:coal_ore":179,"minecraft:dripstone_block":18,"minecraft:gravel":26,"minecraft:cobweb":232,"pamhc2crops:pamartichokecrop":49,"minecraft:gold_ore":5},"minecraft:killed_by":{"minecraft:creeper":2,"minecraft:skeleton":1}},"DataVersion":3465}