{"stats":{"minecraft:used":{"pamhc2crops:kiwiitem":19,"pamhc2crops:cucumberseeditem":7,"minecraft:iron_shovel":1256,"minecraft:polished_deepslate":277,"minecraft:chest":15,"minecraft:shield":61,"pamhc2crops:calabashseeditem":17,"minecraft:iron_sword":212,"pamhc2crops:wintersquashitem":1,"pamhc2crops:peanutseeditem":8,"pamhc2crops:elderberryseeditem":15,"pamhc2crops:parsnipitem":27,"pamhc2crops:sesameseedsseeditem":2,"pamhc2crops:grapeitem":16,"pamhc2crops:soybeanitem":9,"minecraft:lantern":85,"pamhc2crops:sesameseedsitem":15,"pamhc2crops:onionseeditem":30,"pamhc2crops:peanutitem":2,"pamhc2crops:grapeseeditem":5,"pamhc2crops:taroseeditem":8,"minecraft:furnace":6,"pamhc2crops:cornseeditem":19,"minecraft:oak_sapling":1,"pamhc2crops:barleyseeditem":11,"minecraft:egg":2,"pamhc2crops:flaxseeditem":1,"minecraft:diorite":6,"pamhc2trees:olive_sapling":1,"minecraft:stone_pickaxe":336,"minecraft:oak_planks":45,"create:crimsite":27,"minecraft:wooden_pickaxe":24,"pamhc2crops:lettuceitem":14,"pamhc2crops:kiwiseeditem":9,"pamhc2crops:cantaloupeseeditem":8,"pamhc2crops:amaranthseeditem":24,"pamhc2crops:strawberryitem":1,"pamhc2crops:soybeanseeditem":15,"pamhc2trees:cashewitem":1,"pamhc2crops:gingerseeditem":4,"create:layered_crimsite":70,"pamhc2crops:artichokeseeditem":36,"minecraft:bread":89,"minecraft:deepslate":1,"minecraft:gravel":1,"pamhc2crops:alfalfaitem":25,"minecraft:andesite":2,"pamhc2crops:amaranthitem":16,"pamhc2crops:bokchoyseeditem":3,"minecraft:oak_fence":119,"minecraft:stone_sword":79,"minecraft:stone_shovel":131,"pamhc2crops:chilipepperseeditem":11,"pamhc2crops:artichokeitem":22,"minecraft:stone_hoe":546,"minecraft:cooked_chicken":1,"minecraft:torch":352,"minecraft:dirt":1187,"travelersbackpack:gray_sleeping_bag":2,"pamhc2crops:sunchokeitem":6,"create:crimsite_pillar":22,"pamhc2crops:chilipepperitem":8,"minecraft:iron_hoe":53,"pamhc2crops:cornitem":14,"pamhc2crops:bokchoyitem":10,"minecraft:iron_axe":96,"pamhc2crops:onionitem":18,"minecraft:iron_boots":2,"pamhc2crops:kenafseeditem":10,"minecraft:melon_seeds":3,"minecraft:cooked_beef":4,"minecraft:cobbled_deepslate":1,"minecraft:iron_leggings":1,"minecraft:wheat_seeds":796,"minecraft:cooked_mutton":4,"minecraft:water_bucket":27,"pamhc2crops:guaranaseeditem":12,"pamhc2crops:alfalfaseeditem":9,"pamhc2crops:cantaloupeitem":27,"pamhc2crops:aloeitem":15,"pamhc2crops:bellpepperitem":16,"minecraft:stonecutter":1,"pamhc2crops:parsnipseeditem":13,"pamhc2crops:lettuceseeditem":27,"minecraft:rail":1,"minecraft:crafting_table":8,"minecraft:white_bed":2,"pamhc2crops:barleyitem":15,"pamhc2crops:aloeseeditem":5,"pamhc2crops:mustardseedsseeditem":17,"minecraft:iron_pickaxe":1363,"pamhc2crops:calabashitem":27,"minecraft:stone_axe":120,"pamhc2crops:wintersquashseeditem":9,"minecraft:cobblestone":349,"pamhc2crops:bellpepperseeditem":10,"minecraft:white_banner":1,"minecraft:bucket":28,"pamhc2crops:cucumberitem":8},"minecraft:killed_by":{"minecraft:creeper":1,"minecraft:skeleton":1},"minecraft:broken":{"minecraft:iron_shovel":5,"minecraft:stone_pickaxe":1,"minecraft:iron_sword":1,"minecraft:stone_shovel":1,"minecraft:stone_sword":1,"minecraft:stone_hoe":4,"minecraft:iron_pickaxe":5},"minecraft:dropped":{"create:crimsite":1,"minecraft:rail":3,"minecraft:flint":1,"minecraft:dirt":14,"pamhc2crops:gingeritem":2,"minecraft:gravel":14,"minecraft:cobbled_deepslate":4,"minecraft:rotten_flesh":7,"minecraft:oak_planks":51,"minecraft:egg":1,"minecraft:stone_hoe":1,"minecraft:bread":13,"minecraft:wheat_seeds":4,"pamhc2trees:oliveitem":3,"minecraft:cobblestone":9,"minecraft:dandelion":1,"minecraft:stone_sword":1,"minecraft:tuff":4,"minecraft:andesite":2,"minecraft:oak_sapling":1,"pamhc2crops:flaxitem":2,"minecraft:spider_eye":2,"minecraft:bow":1,"minecraft:stone_pickaxe":1,"minecraft:wooden_pickaxe":1},"minecraft:killed":{"minecraft:cave_spider":2,"minecraft:spider":1,"minecraft:skeleton":8,"minecraft:chicken":1,"minecraft:creeper":1,"minecraft:sheep":4,"minecraft:pillager":3,"minecraft:zombie":22,"minecraft:cow":2,"minecraft:enderman":1},"minecraft:custom":{"minecraft:animals_bred":7,"minecraft:interact_with_crafting_table":88,"minecraft:leave_game":7,"minecraft:time_since_death":179291,"minecraft:sprint_one_cm":1568222,"minecraft:damage_blocked_by_shield":4080,"minecraft:drop":47,"minecraft:talked_to_villager":3,"minecraft:play_time":467267,"minecraft:deaths":2,"minecraft:jump":4118,"minecraft:walk_on_water_one_cm":34819,"minecraft:interact_with_furnace":61,"minecraft:sleep_in_bed":18,"minecraft:damage_dealt":9075,"minecraft:crouch_one_cm":116157,"minecraft:mob_kills":49,"minecraft:climb_one_cm":580,"minecraft:walk_one_cm":1926072,"minecraft:sneak_time":27740,"minecraft:walk_under_water_one_cm":13653,"minecraft:total_world_time":467267,"minecraft:interact_with_stonecutter":11,"minecraft:time_since_rest":3291,"minecraft:damage_taken":3420,"minecraft:swim_one_cm":7414,"minecraft:fly_one_cm":522183,"minecraft:open_chest":241,"minecraft:fall_one_cm":72842},"minecraft:mined":{"pamhc2crops:pamguaranacrop":11,"pamhc2crops:pamlettucecrop":18,"minecraft:white_bed":1,"minecraft:farmland":26,"minecraft:jungle_leaves":14,"pamhc2crops:pamelderberrycrop":14,"minecraft:granite":10,"minecraft:grass_block":749,"minecraft:spawner":2,"pamhc2crops:pamkiwicrop":6,"pamhc2crops:pamamaranthcrop":16,"minecraft:iron_ore":206,"minecraft:cobbled_deepslate":1,"minecraft:deepslate_lapis_ore":12,"minecraft:dirt_path":3,"travelersbackpack:gray_sleeping_bag":2,"pamhc2crops:pambarleycrop":11,"minecraft:deepslate_redstone_ore":4,"pamhc2crops:pamcorncrop":17,"minecraft:torch":18,"minecraft:chest":4,"pamhc2crops:pamparsnipcrop":10,"minecraft:cobblestone":20,"minecraft:oak_planks":47,"minecraft:wall_torch":8,"minecraft:deepslate_copper_ore":2,"pamhc2crops:pamtarocrop":5,"minecraft:wheat":313,"pamhc2crops:pamcantaloupecrop":6,"minecraft:grass":1668,"minecraft:oak_log":78,"pamhc2crops:pamgingercrop":4,"minecraft:dirt":640,"create:crimsite":123,"minecraft:oak_leaves":58,"minecraft:deepslate":124,"create:zinc_ore":36,"minecraft:tuff":34,"pamhc2crops:pamkenafcrop":7,"pamhc2crops:pambellpeppercrop":10,"pamhc2crops:tropicalgarden":21,"pamhc2crops:pamaloecrop":5,"minecraft:redstone_ore":3,"minecraft:furnace":3,"create:layered_crimsite":6,"pamhc2crops:pamcucumbercrop":5,"minecraft:andesite":13,"minecraft:polished_deepslate":25,"pamhc2crops:pamsunchokecrop":5,"minecraft:deepslate_iron_ore":23,"minecraft:rail":1,"minecraft:lantern":2,"pamhc2crops:pamonioncrop":20,"minecraft:stone":832,"pamhc2crops:pampeanutcrop":5,"create:crimsite_pillar":22,"pamhc2crops:pamcalabashcrop":21,"pamhc2crops:pamchilipeppercrop":9,"pamhc2crops:windygarden":48,"pamhc2crops:pamalfalfacrop":8,"minecraft:dandelion":2,"pamhc2crops:pamgrapecrop":7,"minecraft:oak_fence":52,"minecraft:crafting_table":1,"pamhc2crops:pamwintersquashcrop":7,"pamhc2crops:pamsoybeancrop":12,"minecraft:tall_grass":234,"minecraft:copper_ore":15,"pamhc2crops:pammustardseedscrop":15,"minecraft:lapis_ore":2,"minecraft:deepslate_gold_ore":12,"minecraft:diorite":16,"pamhc2crops:pamsesameseedscrop":12,"pamhc2trees:pamjackfruit":1,"pamhc2crops:pambokchoycrop":3,"minecraft:coal_ore":161,"minecraft:gravel":26,"minecraft:cobweb":116,"pamhc2crops:pamartichokecrop":34,"minecraft:gold_ore":5},"minecraft:picked_up":{"pamhc2crops:cornitem":59,"pamhc2crops:wintersquashitem":25,"minecraft:iron_chestplate":1,"minecraft:wheat":413,"pamhc2crops:elderberryitem":56,"pamhc2crops:cucumberitem":19,"minecraft:polished_deepslate":23,"minecraft:string":126,"minecraft:raw_copper":68,"minecraft:iron_leggings":1,"minecraft:cobbled_deepslate":399,"minecraft:iron_boots":1,"minecraft:furnace":3,"minecraft:stick":55,"minecraft:oak_fence":54,"minecraft:torch":80,"minecraft:diorite":23,"pamhc2crops:chilipepperitem":30,"minecraft:stone_sword":1,"minecraft:rotten_flesh":27,"pamhc2crops:peanutitem":25,"travelersbackpack:gray_sleeping_bag":3,"minecraft:cobblestone":886,"minecraft:feather":4,"minecraft:water_bucket":1,"pamhc2trees:oliveitem":14,"minecraft:andesite":12,"minecraft:flint":4,"minecraft:tuff":66,"create:raw_zinc":36,"minecraft:lapis_lazuli":208,"minecraft:dirt":1368,"minecraft:lantern":37,"minecraft:bone":18,"minecraft:bow":2,"minecraft:wheat_seeds":1497,"minecraft:raw_gold":35,"minecraft:oak_planks":179,"pamhc2trees:cashewitem":3,"pamhc2crops:bokchoyitem":12,"create:crimsite":124,"pamhc2crops:strawberryitem":1,"minecraft:granite":12,"minecraft:golden_apple":1,"minecraft:bread":128,"minecraft:oak_sapling":34,"minecraft:crafting_table":1,"minecraft:chicken":2,"pamhc2crops:amaranthitem":60,"minecraft:wooden_pickaxe":1,"pamhc2crops:grapeitem":21,"pamhc2crops:soybeanitem":43,"pamhc2crops:parsnipitem":38,"minecraft:shield":1,"minecraft:iron_shovel":1,"minecraft:beef":4,"minecraft:chest":4,"minecraft:egg":19,"minecraft:raw_iron":266,"pamhc2crops:kiwiitem":27,"pamhc2crops:alfalfaitem":32,"minecraft:redstone":70,"create:layered_crimsite":6,"minecraft:arrow":25,"pamhc2crops:bellpepperitem":36,"pamhc2crops:cantaloupeitem":24,"pamhc2crops:lettuceitem":73,"pamhc2crops:artichokeitem":127,"pamhc2crops:aloeitem":20,"minecraft:mutton":9,"minecraft:white_wool":5,"minecraft:rail":8,"minecraft:leather":2,"pamhc2crops:barleyitem":41,"minecraft:oak_log":95,"pamhc2crops:sunchokeitem":16,"pamhc2crops:flaxitem":3,"pamhc2crops:guaranaitem":43,"minecraft:gunpowder":4,"minecraft:white_banner":1,"minecraft:cooked_mutton":4,"minecraft:apple":5,"minecraft:stone_pickaxe":4,"minecraft:iron_sword":3,"pamhc2crops:onionitem":75,"pamhc2crops:sesameseedsitem":46,"pamhc2crops:mustardseedsitem":61,"minecraft:dandelion":2,"minecraft:gravel":77,"pamhc2crops:taroitem":19,"create:crimsite_pillar":22,"pamhc2crops:calabashitem":80,"minecraft:white_bed":1,"minecraft:spider_eye":3,"minecraft:stone_axe":1,"minecraft:iron_helmet":1,"pamhc2crops:kenafitem":25,"minecraft:coal":170,"pamhc2crops:gingeritem":17},"minecraft:crafted":{"minecraft:oak_planks":312,"pamhc2crops:grapeseeditem":5,"minecraft:cooked_chicken":1,"pamhc2crops:barleyseeditem":11,"minecraft:stone":8,"pamhc2crops:onionseeditem":20,"minecraft:cooked_mutton":4,"minecraft:iron_boots":1,"minecraft:chest":11,"create:layered_crimsite":1,"minecraft:stone_hoe":5,"minecraft:oak_fence":69,"minecraft:deepslate":16,"minecraft:crafting_table":7,"minecraft:wooden_pickaxe":1,"minecraft:iron_helmet":1,"pamhc2crops:guaranaseeditem":11,"pamhc2crops:amaranthseeditem":16,"minecraft:iron_chestplate":1,"pamhc2crops:cucumberseeditem":5,"minecraft:shield":3,"minecraft:stick":176,"pamhc2crops:cantaloupeseeditem":6,"minecraft:iron_ingot":131,"minecraft:iron_pickaxe":6,"minecraft:stone_sword":1,"pamhc2crops:lettuceseeditem":19,"pamhc2crops:parsnipseeditem":10,"pamhc2crops:alfalfaseeditem":8,"pamhc2crops:taroseeditem":8,"minecraft:stone_shovel":1,"pamhc2crops:wintersquashseeditem":6,"pamhc2crops:bokchoyseeditem":3,"minecraft:iron_nugget":387,"pamhc2crops:mustardseedsseeditem":16,"minecraft:furnace":3,"pamhc2crops:flaxseeditem":1,"pamhc2crops:elderberryseeditem":14,"pamhc2crops:cornseeditem":17,"pamhc2crops:aloeseeditem":5,"minecraft:lantern":48,"minecraft:polished_deepslate":253,"minecraft:iron_axe":1,"minecraft:iron_hoe":1,"minecraft:stone_pickaxe":4,"pamhc2crops:sesameseedsseeditem":2,"pamhc2crops:kenafseeditem":7,"minecraft:cooked_beef":4,"pamhc2crops:peanutseeditem":8,"pamhc2trees:olive_sapling":1,"pamhc2crops:kiwiseeditem":6,"minecraft:iron_sword":3,"pamhc2crops:artichokeseeditem":29,"minecraft:bucket":1,"minecraft:stone_axe":1,"minecraft:air":0,"minecraft:bread":50,"pamhc2crops:chilipepperseeditem":10,"pamhc2crops:calabashseeditem":12,"pamhc2crops:gingerseeditem":4,"pamhc2crops:soybeanseeditem":13,"minecraft:iron_shovel":5,"minecraft:iron_leggings":1,"minecraft:stonecutter":1,"minecraft:white_bed":1,"pamhc2crops:bellpepperseeditem":10,"minecraft:torch":376}},"DataVersion":3465}