{"stats":{"minecraft:picked_up":{"minecraft:feather":4,"minecraft:chicken":2,"minecraft:andesite":5,"minecraft:wooden_pickaxe":1,"minecraft:oak_log":27,"minecraft:gunpowder":4,"minecraft:string":76,"minecraft:dirt":2,"minecraft:raw_copper":6,"minecraft:bone":1,"minecraft:wheat_seeds":13,"minecraft:stone_pickaxe":3,"minecraft:oak_planks":63,"minecraft:egg":10,"minecraft:stick":37,"minecraft:raw_iron":87,"minecraft:oak_fence":4,"minecraft:torch":39,"minecraft:dandelion":2,"minecraft:gravel":14,"minecraft:diorite":5,"minecraft:spider_eye":1,"minecraft:stone_sword":1,"minecraft:arrow":1,"minecraft:rotten_flesh":3,"minecraft:stone_axe":1,"minecraft:granite":4,"minecraft:bread":117,"minecraft:oak_sapling":2,"minecraft:mutton":8,"minecraft:coal":84,"minecraft:rail":1,"minecraft:white_wool":3,"minecraft:cobblestone":289},"minecraft:custom":{"minecraft:interact_with_furnace":17,"minecraft:mob_kills":9,"minecraft:animals_bred":2,"minecraft:interact_with_crafting_table":17,"minecraft:leave_game":2,"minecraft:time_since_death":38937,"minecraft:sleep_in_bed":2,"minecraft:time_since_rest":39044,"minecraft:sprint_one_cm":157998,"minecraft:damage_taken":1122,"minecraft:walk_one_cm":254575,"minecraft:damage_blocked_by_shield":480,"minecraft:drop":6,"minecraft:damage_dealt":1827,"minecraft:swim_one_cm":511,"minecraft:fly_one_cm":68736,"minecraft:open_chest":1,"minecraft:crouch_one_cm":10568,"minecraft:play_time":71486,"minecraft:deaths":1,"minecraft:sneak_time":3741,"minecraft:walk_under_water_one_cm":1063,"minecraft:jump":926,"minecraft:walk_on_water_one_cm":6723,"minecraft:total_world_time":71486,"minecraft:fall_one_cm":15917},"minecraft:crafted":{"minecraft:oak_planks":108,"minecraft:crafting_table":3,"minecraft:wooden_pickaxe":1,"minecraft:cooked_chicken":1,"minecraft:iron_helmet":1,"minecraft:iron_sword":1,"minecraft:furnace":1,"minecraft:bucket":1,"minecraft:stone_axe":1,"minecraft:cooked_mutton":4,"minecraft:air":0,"minecraft:iron_chestplate":1,"minecraft:iron_boots":1,"minecraft:shield":1,"minecraft:stick":72,"minecraft:iron_ingot":38,"minecraft:iron_pickaxe":1,"minecraft:stone_pickaxe":4,"minecraft:stone_sword":1,"minecraft:iron_leggings":1,"minecraft:white_bed":1,"minecraft:torch":152},"minecraft:dropped":{"minecraft:gravel":4,"minecraft:stone_sword":1,"minecraft:rail":1,"minecraft:wooden_pickaxe":1,"minecraft:stone_pickaxe":1,"minecraft:dandelion":1},"minecraft:killed_by":{"minecraft:skeleton":1},"minecraft:broken":{"minecraft:stone_pickaxe":1,"minecraft:stone_sword":1},"minecraft:killed":{"minecraft:cave_spider":1,"minecraft:creeper":1,"minecraft:skeleton":1,"minecraft:sheep":3,"minecraft:zombie":2,"minecraft:chicken":1},"minecraft:used":{"minecraft:stone_sword":79,"minecraft:stone_pickaxe":258,"minecraft:shield":7,"minecraft:wooden_pickaxe":24,"minecraft:iron_sword":27,"minecraft:cooked_chicken":1,"minecraft:torch":136,"minecraft:crafting_table":3,"minecraft:white_bed":1,"minecraft:bread":21,"minecraft:iron_pickaxe":157,"minecraft:iron_boots":1,"minecraft:gravel":1,"minecraft:stone_axe":49,"minecraft:cobblestone":201,"minecraft:oak_sapling":1,"minecraft:furnace":1,"minecraft:bucket":1,"minecraft:andesite":2,"minecraft:egg":2},"minecraft:mined":{"minecraft:dandelion":1,"minecraft:oak_fence":2,"minecraft:torch":3,"minecraft:granite":6,"minecraft:cobblestone":8,"minecraft:tall_grass":12,"minecraft:copper_ore":1,"minecraft:oak_planks":2,"minecraft:diorite":4,"minecraft:wall_torch":1,"minecraft:spawner":1,"minecraft:iron_ore":85,"minecraft:andesite":5,"minecraft:grass":95,"minecraft:coal_ore":89,"minecraft:oak_log":27,"minecraft:gravel":5,"minecraft:dirt":2,"minecraft:cobweb":79,"minecraft:stone":236,"minecraft:oak_leaves":9}},"DataVersion":3465}