{"stats":{"minecraft:broken":{"minecraft:iron_shovel":5,"minecraft:stone_pickaxe":1,"minecraft:iron_sword":3,"minecraft:stone_shovel":1,"minecraft:stone_sword":1,"minecraft:stone_hoe":4,"minecraft:iron_pickaxe":6},"minecraft:picked_up":{"pamhc2crops:cornitem":59,"minecraft:seagrass":2,"pamhc2crops:wintersquashitem":25,"minecraft:iron_chestplate":1,"minecraft:wheat":413,"pamhc2crops:elderberryitem":56,"pamhc2crops:cucumberitem":19,"pamhc2crops:eggplantitem":1,"minecraft:diamond_sword":1,"minecraft:lead":2,"butcher:cowcorpseitem":6,"minecraft:polished_deepslate":23,"minecraft:string":270,"minecraft:raw_copper":68,"minecraft:smooth_stone_slab":1,"minecraft:iron_leggings":1,"minecraft:smooth_stone":4,"minecraft:cobbled_deepslate":404,"pamhc2trees:candlenutitem":5,"butcher:white_llama":1,"butcher:chicken_drained_corpse_item":2,"butcher:salt":14,"minecraft:iron_boots":1,"minecraft:furnace":3,"minecraft:golden_helmet":1,"minecraft:stick":58,"minecraft:oak_fence":56,"minecraft:torch":90,"minecraft:porkchop":2,"minecraft:diorite":52,"pamhc2crops:sorghumitem":1,"pamhc2crops:spiceleafitem":1,"pamhc2crops:chilipepperitem":30,"minecraft:stone_sword":1,"minecraft:rotten_flesh":75,"create:ochrum":69,"pamhc2crops:peanutitem":25,"spartanweaponry:iron_glaive":1,"butcher:chicken_corpse_item":10,"butcher:spitroast":1,"travelersbackpack:gray_sleeping_bag":4,"minecraft:cod":2,"minecraft:cobblestone":1073,"minecraft:birch_log":12,"minecraft:feather":4,"butcher:pig_corpse_item":5,"minecraft:andesite":14,"minecraft:water_bucket":1,"pamhc2trees:oliveitem":20,"spartanweaponry:iron_battleaxe":1,"minecraft:flint":7,"minecraft:tuff":68,"create:raw_zinc":36,"pamhc2foodcore:juiceritem":1,"minecraft:lapis_lazuli":208,"minecraft:dirt":1500,"minecraft:lantern":37,"travelersbackpack:backpack_tank":2,"minecraft:bone":22,"minecraft:bow":2,"minecraft:wheat_seeds":1505,"minecraft:raw_gold":35,"pamhc2crops:turnipitem":1,"travelersbackpack:bee":2,"minecraft:oak_planks":188,"travelersbackpack:magenta_sleeping_bag":1,"minecraft:sand":64,"pamhc2trees:cashewitem":3,"pamhc2crops:bokchoyitem":13,"minecraft:mossy_cobblestone":4,"travelersbackpack:white_sleeping_bag":1,"minecraft:polished_andesite":3,"create:crimsite":124,"pamhc2crops:strawberryitem":1,"minecraft:granite":54,"minecraft:golden_apple":1,"minecraft:bread":128,"minecraft:oak_sapling":34,"minecraft:charcoal":2,"minecraft:crafting_table":1,"minecraft:chicken":2,"minecraft:leather_leggings":1,"pamhc2crops:amaranthitem":60,"minecraft:wooden_pickaxe":1,"pamhc2crops:grapeitem":90,"butcher:skinned_drained_sheep_corpse_item":2,"pamhc2crops:soybeanitem":43,"minecraft:chain":1,"pamhc2crops:parsnipitem":38,"minecraft:shield":1,"minecraft:iron_shovel":1,"minecraft:beef":9,"butcher:sheep_skin":2,"minecraft:oak_boat":14,"pamhc2crops:truffleitem":2,"minecraft:light_gray_wool":1,"minecraft:chest":4,"minecraft:egg":20,"minecraft:raw_iron":266,"pamhc2crops:kiwiitem":27,"butcher:sheep_corpse_item":3,"pamhc2crops:alfalfaitem":32,"minecraft:carrot":1,"minecraft:redstone":70,"pamhc2foodcore:fruitpunchitem":1,"create:layered_crimsite":6,"minecraft:arrow":28,"minecraft:hay_block":11,"pamhc2crops:bellpepperitem":36,"pamhc2crops:cantaloupeitem":26,"pamhc2crops:lettuceitem":121,"pamhc2crops:artichokeitem":188,"pamhc2crops:aloeitem":21,"minecraft:mutton":13,"minecraft:white_wool":28,"minecraft:rail":8,"butcher:pig_skin":2,"minecraft:tripwire_hook":2,"minecraft:salmon":1,"pamhc2trees:papayaitem":3,"minecraft:leather":5,"pamhc2crops:barleyitem":41,"minecraft:red_mushroom":1,"spartanweaponry:iron_longsword":1,"minecraft:filled_map":2,"pamhc2crops:juteitem":1,"spartanweaponry:iron_spear":1,"pamhc2crops:nettlesitem":1,"minecraft:oak_log":134,"pamhc2trees:lemonitem":1,"pamhc2crops:sunchokeitem":16,"pamhc2crops:flaxitem":3,"pamhc2crops:guaranaitem":53,"minecraft:gunpowder":4,"minecraft:white_banner":1,"pamhc2crops:tealeafitem":1,"pamhc2crops:leekitem":2,"butcher:polarbear_corpse_item":1,"minecraft:cooked_mutton":4,"minecraft:apple":5,"minecraft:kelp":24,"minecraft:stone_pickaxe":4,"pamhc2crops:blackberryitem":1,"butcher:hook_block":1,"minecraft:polished_andesite_slab":2,"minecraft:iron_sword":3,"pamhc2crops:onionitem":75,"pamhc2crops:sesameseedsitem":46,"pamhc2crops:mustardseedsitem":61,"minecraft:sweet_berries":15,"minecraft:dandelion":2,"minecraft:dripstone_block":17,"minecraft:gravel":91,"pamhc2crops:taroitem":20,"create:crimsite_pillar":22,"pamhc2crops:calabashitem":141,"minecraft:white_bed":1,"minecraft:spider_eye":4,"travelersbackpack:fox":1,"minecraft:stone_axe":1,"minecraft:iron_helmet":1,"butcher:turtle_corpse_item":2,"pamhc2crops:kenafitem":25,"minecraft:coal":188,"pamhc2crops:gingeritem":17},"minecraft:custom":{"minecraft:animals_bred":7,"minecraft:open_barrel":1,"minecraft:interact_with_crafting_table":137,"minecraft:leave_game":7,"minecraft:time_since_death":5650,"minecraft:sprint_one_cm":2235730,"minecraft:damage_blocked_by_shield":5530,"minecraft:drop":86,"minecraft:talked_to_villager":3,"minecraft:play_time":679880,"minecraft:deaths":5,"minecraft:jump":6198,"minecraft:walk_on_water_one_cm":77759,"minecraft:interact_with_furnace":74,"minecraft:sleep_in_bed":24,"minecraft:waystone_activated":1,"minecraft:damage_dealt":22990,"minecraft:crouch_one_cm":159592,"minecraft:mob_kills":152,"minecraft:climb_one_cm":580,"minecraft:walk_one_cm":2423602,"minecraft:sneak_time":47581,"minecraft:walk_under_water_one_cm":61079,"minecraft:boat_one_cm":870635,"minecraft:total_world_time":679880,"minecraft:interact_with_grindstone":1,"minecraft:interact_with_stonecutter":15,"minecraft:time_since_rest":5685,"minecraft:damage_taken":5693,"minecraft:swim_one_cm":48270,"minecraft:fly_one_cm":770061,"minecraft:open_chest":431,"minecraft:fall_one_cm":102869},"minecraft:killed":{"minecraft:cave_spider":10,"minecraft:spider":4,"minecraft:skeleton":16,"minecraft:chicken":1,"minecraft:turtle":2,"minecraft:creeper":1,"minecraft:sheep":5,"minecraft:trader_llama":2,"minecraft:pillager":3,"minecraft:zombie":93,"minecraft:cow":4,"minecraft:polar_bear":1,"minecraft:enderman":1},"minecraft:crafted":{"minecraft:oak_planks":368,"pamhc2crops:grapeseeditem":5,"minecraft:cooked_chicken":1,"minecraft:chain":4,"pamhc2crops:barleyseeditem":11,"minecraft:stone":8,"pamhc2crops:onionseeditem":20,"minecraft:iron_bars":16,"minecraft:cooked_mutton":4,"minecraft:glass":64,"minecraft:iron_boots":1,"minecraft:chest":13,"create:layered_crimsite":1,"minecraft:stone_hoe":5,"minecraft:stone_bricks":3,"minecraft:oak_fence":75,"minecraft:deepslate":16,"butcher:pliers":1,"minecraft:crafting_table":12,"minecraft:spruce_planks":20,"travelersbackpack:standard":1,"minecraft:wooden_pickaxe":1,"minecraft:iron_helmet":1,"butcher:skinning_knife":1,"minecraft:birch_planks":48,"minecraft:campfire":2,"pamhc2crops:guaranaseeditem":11,"pamhc2crops:amaranthseeditem":16,"minecraft:iron_chestplate":1,"pamhc2crops:cucumberseeditem":5,"minecraft:shield":4,"minecraft:stick":228,"pamhc2crops:cantaloupeseeditem":6,"minecraft:iron_ingot":164,"minecraft:iron_pickaxe":6,"minecraft:stone_sword":1,"butcher:butchers_knife":1,"pamhc2crops:lettuceseeditem":19,"pamhc2crops:parsnipseeditem":10,"pamhc2crops:alfalfaseeditem":8,"butcher:bloodgrate":4,"pamhc2crops:taroseeditem":8,"minecraft:stone_shovel":1,"pamhc2crops:wintersquashseeditem":6,"minecraft:stone_brick_wall":2,"minecraft:tripwire_hook":2,"pamhc2crops:bokchoyseeditem":3,"minecraft:iron_nugget":450,"pamhc2crops:mustardseedsseeditem":16,"minecraft:furnace":3,"pamhc2crops:flaxseeditem":1,"pamhc2crops:elderberryseeditem":14,"pamhc2crops:cornseeditem":17,"pamhc2crops:aloeseeditem":5,"minecraft:lantern":48,"travelersbackpack:white_sleeping_bag":1,"minecraft:polished_deepslate":253,"minecraft:iron_axe":1,"minecraft:iron_hoe":1,"minecraft:stone_pickaxe":4,"pamhc2crops:sesameseedsseeditem":2,"butcher:emptyskinrack":2,"pamhc2foodcore:fruitpunchitem":9,"pamhc2crops:kenafseeditem":7,"minecraft:wheat":99,"minecraft:cooked_beef":4,"pamhc2crops:peanutseeditem":8,"minecraft:iron_trapdoor":3,"travelersbackpack:backpack_tank":2,"pamhc2trees:olive_sapling":1,"pamhc2crops:kiwiseeditem":6,"minecraft:iron_sword":3,"pamhc2crops:artichokeseeditem":29,"minecraft:bucket":1,"minecraft:stone_axe":1,"minecraft:air":0,"minecraft:bread":139,"pamhc2crops:chilipepperseeditem":10,"pamhc2crops:calabashseeditem":12,"minecraft:oak_boat":2,"pamhc2crops:gingerseeditem":4,"pamhc2crops:soybeanseeditem":13,"butcher:hook":4,"minecraft:iron_shovel":7,"minecraft:iron_leggings":1,"minecraft:stonecutter":1,"minecraft:white_bed":1,"butcher:spitroast":1,"pamhc2crops:bellpepperseeditem":10,"minecraft:torch":432,"butcher:butcherstable":1},"minecraft:dropped":{"spartanweaponry:iron_glaive":2,"create:crimsite":1,"minecraft:rail":3,"butcher:pig_corpse_item":1,"minecraft:flint":2,"minecraft:dirt":14,"pamhc2crops:gingeritem":2,"minecraft:bone":4,"minecraft:gravel":15,"minecraft:cobbled_deepslate":9,"minecraft:rotten_flesh":7,"minecraft:oak_planks":62,"minecraft:salmon":1,"minecraft:egg":1,"minecraft:stone_hoe":1,"minecraft:bread":13,"minecraft:wheat_seeds":5,"pamhc2trees:oliveitem":3,"spartanweaponry:iron_boomerang":1,"minecraft:mossy_cobblestone":4,"minecraft:feather":1,"minecraft:lead":2,"minecraft:cobblestone":9,"minecraft:polished_andesite":1,"spartanweaponry:iron_battleaxe":1,"minecraft:smooth_stone":2,"pamhc2crops:guaranaitem":9,"minecraft:dandelion":1,"spartanweaponry:iron_battle_hammer":1,"pamhc2crops:grapeitem":19,"minecraft:sweet_berries":24,"minecraft:smooth_stone_slab":1,"minecraft:stone_sword":1,"pamhc2foodcore:fruitpunchitem":5,"minecraft:tuff":6,"pamhc2crops:leekitem":1,"travelersbackpack:magenta_sleeping_bag":1,"minecraft:filled_map":2,"minecraft:potato":7,"minecraft:andesite":4,"minecraft:oak_sapling":1,"pamhc2crops:flaxitem":2,"minecraft:spider_eye":2,"minecraft:bow":1,"minecraft:stone_pickaxe":1,"minecraft:wooden_pickaxe":1},"minecraft:used":{"pamhc2crops:kiwiitem":19,"pamhc2crops:cucumberseeditem":7,"minecraft:iron_shovel":1440,"minecraft:polished_deepslate":277,"butcher:polarbear_corpse_item":1,"butcher:skinned_drained_sheep_corpse_item":2,"minecraft:shield":79,"minecraft:chest":16,"pamhc2crops:calabashseeditem":17,"minecraft:iron_sword":565,"pamhc2crops:wintersquashitem":1,"pamhc2crops:peanutseeditem":8,"pamhc2crops:elderberryseeditem":15,"butcher:chicken_corpse_item":10,"pamhc2crops:parsnipitem":27,"butcher:spitroast":2,"pamhc2crops:sesameseedsseeditem":2,"pamhc2crops:grapeitem":33,"pamhc2crops:soybeanitem":9,"butcher:emptyskinrack":2,"minecraft:lantern":85,"pamhc2crops:sesameseedsitem":15,"minecraft:iron_helmet":2,"pamhc2crops:onionseeditem":30,"pamhc2crops:peanutitem":2,"pamhc2crops:grapeseeditem":5,"pamhc2crops:taroseeditem":8,"minecraft:bow":16,"minecraft:furnace":6,"pamhc2crops:cornseeditem":19,"minecraft:oak_sapling":1,"minecraft:egg":2,"pamhc2crops:barleyseeditem":11,"pamhc2crops:flaxseeditem":1,"minecraft:diorite":6,"pamhc2trees:olive_sapling":1,"minecraft:stone_pickaxe":336,"minecraft:oak_planks":53,"create:crimsite":27,"minecraft:wooden_pickaxe":24,"spartanweaponry:iron_boomerang":7,"pamhc2crops:lettuceitem":27,"pamhc2crops:kiwiseeditem":9,"pamhc2crops:cantaloupeseeditem":8,"pamhc2crops:amaranthseeditem":24,"travelersbackpack:bee":4,"pamhc2crops:strawberryitem":1,"pamhc2crops:soybeanseeditem":15,"pamhc2trees:cashewitem":1,"create:layered_crimsite":70,"pamhc2crops:gingerseeditem":4,"pamhc2crops:artichokeseeditem":36,"minecraft:bread":144,"minecraft:deepslate":1,"minecraft:gravel":2,"minecraft:diamond_sword":48,"pamhc2crops:alfalfaitem":25,"minecraft:andesite":49,"minecraft:chain":5,"minecraft:oak_boat":14,"pamhc2crops:amaranthitem":16,"pamhc2crops:bokchoyseeditem":3,"butcher:white_llama":1,"minecraft:oak_fence":121,"minecraft:stone_sword":79,"minecraft:stone_shovel":131,"pamhc2crops:chilipepperseeditem":11,"pamhc2crops:artichokeitem":22,"minecraft:stone_hoe":546,"minecraft:cooked_chicken":1,"minecraft:torch":445,"minecraft:dirt":1229,"travelersbackpack:gray_sleeping_bag":3,"butcher:sheep_corpse_item":3,"pamhc2crops:sunchokeitem":6,"butcher:cowcorpseitem":3,"create:crimsite_pillar":22,"pamhc2crops:chilipepperitem":8,"minecraft:iron_hoe":53,"pamhc2crops:cornitem":14,"pamhc2crops:bokchoyitem":10,"minecraft:iron_axe":153,"pamhc2crops:onionitem":18,"minecraft:iron_boots":2,"pamhc2crops:kenafseeditem":10,"minecraft:melon_seeds":3,"butcher:bloodgrate":4,"minecraft:tripwire_hook":2,"butcher:hook_block":1,"minecraft:cooked_beef":4,"minecraft:cobbled_deepslate":1,"pamhc2crops:guaranaitem":15,"travelersbackpack:fox":1,"minecraft:iron_leggings":1,"minecraft:wheat_seeds":796,"minecraft:cooked_mutton":4,"butcher:chicken_drained_corpse_item":3,"minecraft:water_bucket":33,"pamhc2crops:guaranaseeditem":12,"butcher:butchers_knife":49,"pamhc2crops:alfalfaseeditem":9,"pamhc2crops:cantaloupeitem":27,"pamhc2crops:aloeitem":15,"minecraft:stonecutter":1,"pamhc2crops:parsnipseeditem":13,"pamhc2crops:bellpepperitem":16,"pamhc2crops:lettuceseeditem":27,"minecraft:rail":1,"minecraft:crafting_table":13,"minecraft:campfire":2,"minecraft:white_bed":2,"butcher:skinning_knife":1,"butcher:pig_corpse_item":3,"pamhc2crops:barleyitem":15,"pamhc2crops:aloeseeditem":5,"pamhc2crops:mustardseedsseeditem":17,"minecraft:iron_pickaxe":1767,"travelersbackpack:white_sleeping_bag":1,"pamhc2crops:calabashitem":41,"butcher:butcherstable":1,"minecraft:stone_axe":120,"travelersbackpack:standard":6,"pamhc2crops:wintersquashseeditem":9,"minecraft:cobblestone":444,"pamhc2crops:bellpepperseeditem":10,"minecraft:white_banner":1,"butcher:pliers":2,"minecraft:bucket":37,"minecraft:smooth_stone":2,"minecraft:splash_potion":1,"pamhc2crops:cucumberitem":8},"minecraft:mined":{"pamhc2crops:pamguaranacrop":11,"pamhc2crops:pamlettucecrop":31,"minecraft:white_bed":1,"minecraft:farmland":26,"minecraft:cobblestone_stairs":1,"minecraft:jungle_leaves":14,"pamhc2crops:pamelderberrycrop":14,"butcher:pigcorpse":2,"minecraft:granite":51,"minecraft:grass_block":756,"butcher:hanging_skinned_drained_sheep":2,"minecraft:spawner":8,"minecraft:smooth_stone":4,"pamhc2crops:pamkiwicrop":6,"minecraft:mossy_cobblestone_stairs":1,"pamhc2crops:pamamaranthcrop":16,"minecraft:iron_ore":206,"minecraft:cobbled_deepslate":2,"minecraft:deepslate_lapis_ore":12,"minecraft:dirt_path":3,"travelersbackpack:gray_sleeping_bag":3,"pamhc2crops:pambarleycrop":11,"minecraft:deepslate_redstone_ore":4,"pamhc2crops:pamcorncrop":17,"minecraft:cyan_terracotta":2,"butcher:sheepcorpse":2,"minecraft:torch":20,"minecraft:chest":4,"pamhc2crops:pamparsnipcrop":10,"minecraft:cobblestone":148,"pamhc2crops:shadedgarden":10,"minecraft:oak_planks":48,"minecraft:wall_torch":11,"minecraft:deepslate_copper_ore":2,"butcher:spitroast":1,"minecraft:chain":1,"butcher:saltblock":8,"pamhc2crops:pamtarocrop":5,"minecraft:birch_log":12,"minecraft:wheat":313,"pamhc2crops:pamcantaloupecrop":6,"minecraft:smooth_stone_slab":4,"minecraft:grass":1754,"minecraft:oak_log":117,"pamhc2crops:pamgingercrop":4,"minecraft:sand":65,"minecraft:dirt":749,"minecraft:tripwire_hook":2,"create:crimsite":123,"minecraft:oak_leaves":63,"minecraft:deepslate":124,"create:zinc_ore":36,"minecraft:tuff":34,"minecraft:mossy_cobblestone":4,"pamhc2crops:pamkenafcrop":7,"pamhc2crops:pambellpeppercrop":10,"pamhc2crops:tropicalgarden":32,"create:ochrum":72,"travelersbackpack:white_sleeping_bag":1,"minecraft:polished_andesite_slab":2,"pamhc2crops:pamaloecrop":5,"minecraft:hay_block":11,"minecraft:redstone_ore":3,"minecraft:furnace":3,"butcher:chicken_drained_corpse":2,"create:layered_crimsite":6,"pamhc2crops:pamcucumbercrop":5,"minecraft:andesite":14,"minecraft:polished_deepslate":25,"pamhc2crops:pamsunchokecrop":5,"minecraft:deepslate_iron_ore":23,"minecraft:rail":1,"minecraft:lantern":2,"minecraft:packed_ice":3,"travelersbackpack:bee":1,"pamhc2crops:pamonioncrop":20,"minecraft:stone":906,"minecraft:white_wool":25,"pamhc2crops:pampeanutcrop":5,"create:crimsite_pillar":22,"pamhc2crops:pamcalabashcrop":37,"pamhc2crops:pamchilipeppercrop":9,"pamhc2crops:windygarden":48,"pamhc2crops:pamalfalfacrop":8,"minecraft:dandelion":2,"butcher:polarbearcorpse":1,"pamhc2crops:pamgrapecrop":20,"minecraft:oak_fence":54,"minecraft:crafting_table":1,"butcher:hanging_chicken_corpse":2,"butcher:chicken_corpse":6,"minecraft:campfire":1,"pamhc2crops:pamwintersquashcrop":7,"pamhc2crops:pamsoybeancrop":12,"minecraft:tall_grass":239,"minecraft:copper_ore":15,"pamhc2crops:pammustardseedscrop":15,"minecraft:lapis_ore":2,"minecraft:deepslate_gold_ore":12,"minecraft:diorite":20,"pamhc2crops:pamsesameseedscrop":12,"pamhc2trees:pamjackfruit":1,"minecraft:coarse_dirt":1,"butcher:drained_skinned_hanging_pig":1,"pamhc2crops:pambokchoycrop":3,"minecraft:sweet_berry_bush":1,"minecraft:ice":1,"butcher:hook_block":1,"minecraft:coal_ore":179,"minecraft:dripstone_block":18,"minecraft:gravel":34,"minecraft:cobweb":232,"pamhc2crops:pamartichokecrop":49,"minecraft:polished_andesite":7,"minecraft:gold_ore":5},"minecraft:killed_by":{"minecraft:creeper":2,"minecraft:zombie":1,"minecraft:skeleton":1}},"DataVersion":3465}