{"stats":{"minecraft:used":{"minecraft:bow":30,"minecraft:splash_potion":7},"minecraft:mined":{"minecraft:sand":6,"minecraft:fern":9},"minecraft:custom":{"minecraft:time_since_rest":5481,"minecraft:crouch_one_cm":535,"minecraft:sprint_one_cm":32113,"minecraft:play_time":33682,"minecraft:walk_one_cm":61336,"minecraft:damage_taken":790,"minecraft:deaths":4,"minecraft:sneak_time":222,"minecraft:walk_under_water_one_cm":7378,"minecraft:mob_kills":5,"minecraft:jump":514,"minecraft:damage_dealt":24,"minecraft:leave_game":1,"minecraft:walk_on_water_one_cm":6101,"minecraft:time_since_death":5426,"minecraft:total_world_time":33682,"minecraft:swim_one_cm":21438,"minecraft:fall_one_cm":7618,"minecraft:fly_one_cm":105200},"minecraft:picked_up":{"minecraft:stick":4,"minecraft:rotten_flesh":1,"minecraft:andesite":7,"minecraft:wheat_seeds":2,"minecraft:flint":1,"minecraft:granite":17,"minecraft:sand":6,"minecraft:soul_torch":3,"minecraft:diorite":11,"minecraft:coal":7,"minecraft:cobblestone":34,"minecraft:egg":1},"minecraft:killed":{"minecraft:chicken":5}},"DataVersion":3953}