{"stats":{"minecraft:used":{"minecraft:bow":28,"minecraft:splash_potion":7},"minecraft:mined":{"minecraft:sand":6,"minecraft:fern":9},"minecraft:custom":{"minecraft:time_since_rest":13627,"minecraft:crouch_one_cm":535,"minecraft:sprint_one_cm":28438,"minecraft:play_time":27385,"minecraft:walk_one_cm":57994,"minecraft:damage_taken":790,"minecraft:deaths":3,"minecraft:sneak_time":222,"minecraft:walk_under_water_one_cm":7378,"minecraft:mob_kills":5,"minecraft:jump":443,"minecraft:damage_dealt":24,"minecraft:leave_game":1,"minecraft:walk_on_water_one_cm":6101,"minecraft:time_since_death":13596,"minecraft:total_world_time":27385,"minecraft:swim_one_cm":21438,"minecraft:fall_one_cm":7618,"minecraft:fly_one_cm":88803},"minecraft:picked_up":{"minecraft:stick":4,"minecraft:rotten_flesh":1,"minecraft:andesite":7,"minecraft:wheat_seeds":2,"minecraft:flint":1,"minecraft:granite":17,"minecraft:sand":6,"minecraft:soul_torch":3,"minecraft:diorite":11,"minecraft:coal":7,"minecraft:cobblestone":18,"minecraft:egg":1},"minecraft:killed":{"minecraft:chicken":5}},"DataVersion":3953}