{"stats":{"minecraft:dropped":{"minecraft:soul_torch":3,"minecraft:diorite":1,"minecraft:torch":1,"minecraft:stick":4},"minecraft:used":{"minecraft:torch":34,"minecraft:diorite":1,"minecraft:sand":1,"minecraft:bow":47,"minecraft:flint_and_steel":3,"minecraft:tnt":185,"minecraft:crossbow":1,"minecraft:chicken_spawn_egg":760,"minecraft:spruce_trapdoor":1,"minecraft:stone":5,"minecraft:soul_torch":65},"minecraft:mined":{"minecraft:spruce_leaves":2,"minecraft:spruce_log":2},"minecraft:custom":{"minecraft:time_since_rest":20715,"minecraft:crouch_one_cm":133,"minecraft:play_time":20715,"minecraft:sprint_one_cm":9124,"minecraft:damage_taken":15,"minecraft:walk_one_cm":19447,"minecraft:sneak_time":395,"minecraft:walk_under_water_one_cm":13977,"minecraft:mob_kills":797,"minecraft:drop":4,"minecraft:jump":78,"minecraft:damage_dealt":48,"minecraft:time_since_death":20715,"minecraft:walk_on_water_one_cm":1678,"minecraft:total_world_time":20715,"minecraft:swim_one_cm":1392,"minecraft:fly_one_cm":157907},"minecraft:picked_up":{"minecraft:feather":1,"minecraft:rotten_flesh":1,"minecraft:wheat_seeds":2,"minecraft:sand":6,"minecraft:soul_torch":2,"minecraft:spruce_log":2,"minecraft:cobblestone":16},"minecraft:crafted":{"minecraft:crafting_table":1,"minecraft:spruce_planks":8,"minecraft:stick":4},"minecraft:killed":{"minecraft:spider":1,"minecraft:zombie":1,"minecraft:slime":1,"minecraft:chicken":794}},"DataVersion":3953}