{"stats":{"minecraft:used":{"minecraft:diorite":1,"minecraft:sand":1,"minecraft:chicken_spawn_egg":32,"minecraft:stone":5,"minecraft:soul_torch":5},"minecraft:mined":{"minecraft:spruce_leaves":2,"minecraft:spruce_log":2},"minecraft:custom":{"minecraft:time_since_rest":8715,"minecraft:crouch_one_cm":77,"minecraft:play_time":8715,"minecraft:sprint_one_cm":1955,"minecraft:damage_taken":15,"minecraft:walk_one_cm":10065,"minecraft:sneak_time":338,"minecraft:walk_under_water_one_cm":13977,"minecraft:jump":24,"minecraft:damage_dealt":48,"minecraft:time_since_death":8715,"minecraft:walk_on_water_one_cm":1678,"minecraft:total_world_time":8715,"minecraft:swim_one_cm":1392,"minecraft:fly_one_cm":2311},"minecraft:picked_up":{"minecraft:rotten_flesh":1,"minecraft:wheat_seeds":2,"minecraft:sand":6,"minecraft:soul_torch":2,"minecraft:spruce_log":2},"minecraft:crafted":{"minecraft:crafting_table":1,"minecraft:spruce_planks":8,"minecraft:stick":4}},"DataVersion":3953}