{"stats":{"minecraft:picked_up":{"minecraft:crafting_table":5,"minecraft:leather_chestplate":1,"minecraft:andesite":6,"pamhc2trees:bananaitem":1,"minecraft:tuff":1,"minecraft:oak_log":40,"minecraft:gunpowder":2,"minecraft:dirt":12,"minecraft:bone":4,"minecraft:apple":1,"pamhc2trees:tamarinditem":2,"minecraft:wheat_seeds":1,"minecraft:cobbled_deepslate":32,"minecraft:oak_planks":8,"minecraft:egg":1,"minecraft:stick":5,"minecraft:raw_iron":67,"pamhc2trees:figitem":2,"minecraft:torch":26,"pamhc2trees:lycheeitem":7,"minecraft:mossy_cobblestone":6,"minecraft:rotten_flesh":55,"minecraft:arrow":7,"create:ochrum":1,"minecraft:hay_block":71,"minecraft:granite":1,"minecraft:cyan_terracotta":1,"minecraft:bread":256,"minecraft:oak_sapling":1,"minecraft:coal":130,"pamhc2trees:coconutitem":8,"minecraft:cobblestone":236},"minecraft:custom":{"minecraft:interact_with_furnace":2,"minecraft:mob_kills":67,"minecraft:interact_with_crafting_table":12,"minecraft:time_since_death":57314,"minecraft:sleep_in_bed":7,"minecraft:time_since_rest":50984,"minecraft:waystone_activated":1,"minecraft:sprint_one_cm":296024,"minecraft:damage_taken":3710,"minecraft:walk_one_cm":418993,"minecraft:drop":8,"minecraft:damage_dealt":11382,"minecraft:swim_one_cm":38281,"minecraft:fly_one_cm":516666,"minecraft:player_kills":1,"minecraft:open_chest":33,"minecraft:crouch_one_cm":95549,"minecraft:play_time":155497,"minecraft:deaths":5,"minecraft:sneak_time":22155,"minecraft:walk_under_water_one_cm":11371,"minecraft:jump":2925,"minecraft:walk_on_water_one_cm":12603,"minecraft:total_world_time":155497,"minecraft:fall_one_cm":70985},"minecraft:crafted":{"minecraft:wooden_sword":1,"minecraft:oak_planks":108,"minecraft:crafting_table":2,"minecraft:wooden_pickaxe":2,"minecraft:iron_helmet":1,"minecraft:furnace":1,"minecraft:stone_axe":2,"minecraft:bread":213,"minecraft:air":0,"minecraft:iron_boots":1,"minecraft:shield":1,"minecraft:stick":72,"minecraft:iron_ingot":32,"minecraft:stone_pickaxe":4,"minecraft:wooden_axe":2,"minecraft:stone_sword":2,"minecraft:chest":1,"minecraft:torch":188,"minecraft:wheat":639},"minecraft:dropped":{"minecraft:bread":353,"minecraft:oak_sapling":1},"minecraft:killed_by":{"minecraft:player":2,"minecraft:skeleton":2},"minecraft:broken":{"minecraft:stone_pickaxe":2},"minecraft:killed":{"minecraft:spider":1,"minecraft:creeper":1,"minecraft:skeleton":9,"minecraft:zombie":51},"minecraft:used":{"minecraft:stone_sword":102,"minecraft:stone_pickaxe":379,"minecraft:oak_planks":14,"minecraft:shield":1,"minecraft:chest":1,"minecraft:wooden_pickaxe":89,"minecraft:iron_sword":112,"minecraft:rotten_flesh":4,"pamhc2trees:coconutitem":7,"minecraft:torch":177,"create:ochrum":1,"minecraft:dirt":2,"minecraft:crafting_table":7,"minecraft:carrot":11,"minecraft:wooden_axe":26,"minecraft:cyan_terracotta":1,"minecraft:apple":1,"pamhc2trees:lycheeitem":7,"minecraft:bread":38,"minecraft:iron_helmet":1,"minecraft:iron_boots":1,"minecraft:stone_axe":26,"minecraft:wooden_sword":20,"minecraft:cobblestone":81,"minecraft:furnace":1,"minecraft:andesite":1,"pamhc2trees:figitem":2,"minecraft:egg":1,"minecraft:potato":2,"minecraft:cobbled_deepslate":2},"minecraft:mined":{"minecraft:tuff":1,"minecraft:cyan_terracotta":1,"minecraft:mossy_cobblestone":6,"minecraft:crafting_table":5,"minecraft:torch":9,"minecraft:granite":1,"minecraft:grass_block":8,"create:ochrum":1,"minecraft:cobblestone":37,"minecraft:oak_planks":9,"minecraft:wall_torch":16,"minecraft:spawner":1,"minecraft:hay_block":71,"minecraft:iron_ore":48,"minecraft:birch_leaves":1,"minecraft:andesite":6,"minecraft:grass":12,"minecraft:oak_log":40,"minecraft:coal_ore":126,"minecraft:deepslate_iron_ore":19,"minecraft:dirt":4,"minecraft:stone":188,"minecraft:oak_leaves":4,"minecraft:deepslate":32}},"DataVersion":3465}