{"stats":{"minecraft:picked_up":{"minecraft:raw_iron":1,"minecraft:crafting_table":1,"minecraft:torch":3,"minecraft:oak_log":12,"minecraft:gunpowder":2,"minecraft:bone":1,"minecraft:arrow":3,"minecraft:rotten_flesh":13,"pamhc2trees:tamarinditem":2,"minecraft:wheat_seeds":1,"minecraft:hay_block":71,"minecraft:bread":256,"pamhc2trees:coconutitem":2,"minecraft:coal":60,"minecraft:cobblestone":78},"minecraft:custom":{"minecraft:time_since_rest":8342,"minecraft:waystone_activated":1,"minecraft:sprint_one_cm":140176,"minecraft:damage_taken":1349,"minecraft:walk_one_cm":155990,"minecraft:mob_kills":20,"minecraft:drop":7,"minecraft:damage_dealt":2989,"minecraft:swim_one_cm":6649,"minecraft:interact_with_crafting_table":6,"minecraft:fly_one_cm":349085,"minecraft:player_kills":1,"minecraft:open_chest":4,"minecraft:crouch_one_cm":8724,"minecraft:play_time":65497,"minecraft:deaths":1,"minecraft:sneak_time":1596,"minecraft:walk_under_water_one_cm":2680,"minecraft:jump":1599,"minecraft:time_since_death":62023,"minecraft:walk_on_water_one_cm":2373,"minecraft:sleep_in_bed":5,"minecraft:total_world_time":65497,"minecraft:fall_one_cm":43019},"minecraft:crafted":{"minecraft:wooden_sword":1,"minecraft:oak_planks":48,"minecraft:crafting_table":1,"minecraft:stick":44,"minecraft:wooden_pickaxe":1,"minecraft:stone_pickaxe":2,"minecraft:wooden_axe":1,"minecraft:stone_sword":1,"minecraft:torch":128,"minecraft:stone_axe":1,"minecraft:bread":213,"minecraft:wheat":639},"minecraft:dropped":{"minecraft:bread":353},"minecraft:used":{"minecraft:wooden_axe":9,"minecraft:stone_sword":28,"minecraft:bread":25,"minecraft:stone_pickaxe":72,"minecraft:wooden_pickaxe":51,"pamhc2trees:coconutitem":2,"minecraft:stone_axe":12,"minecraft:torch":21,"minecraft:wooden_sword":20,"minecraft:cobblestone":2,"minecraft:crafting_table":2},"minecraft:killed":{"minecraft:skeleton":2,"minecraft:zombie":13,"minecraft:creeper":1},"minecraft:mined":{"minecraft:hay_block":71,"minecraft:iron_ore":1,"minecraft:torch":1,"minecraft:crafting_table":1,"minecraft:grass":10,"minecraft:coal_ore":56,"minecraft:oak_log":12,"minecraft:stone":65,"minecraft:wall_torch":2,"minecraft:oak_leaves":2}},"DataVersion":3465}