{"stats":{"minecraft:picked_up":{"minecraft:rotten_flesh":2,"minecraft:wheat_seeds":1,"minecraft:hay_block":71,"minecraft:oak_log":12,"minecraft:crafting_table":1,"minecraft:coal":4},"minecraft:custom":{"minecraft:waystone_activated":1,"minecraft:time_since_rest":4645,"minecraft:open_chest":4,"minecraft:crouch_one_cm":7380,"minecraft:walk_one_cm":66063,"minecraft:play_time":29497,"minecraft:sprint_one_cm":84792,"minecraft:damage_taken":683,"minecraft:deaths":1,"minecraft:sneak_time":1254,"minecraft:walk_under_water_one_cm":262,"minecraft:mob_kills":3,"minecraft:drop":2,"minecraft:jump":933,"minecraft:damage_dealt":776,"minecraft:walk_on_water_one_cm":1307,"minecraft:time_since_death":26023,"minecraft:sleep_in_bed":2,"minecraft:total_world_time":29497,"minecraft:swim_one_cm":5880,"minecraft:interact_with_crafting_table":2,"minecraft:fall_one_cm":27100,"minecraft:fly_one_cm":235714,"minecraft:player_kills":1},"minecraft:crafted":{"minecraft:wooden_sword":1,"minecraft:oak_planks":48,"minecraft:crafting_table":1,"minecraft:stick":4,"minecraft:bread":75,"minecraft:wheat":225,"minecraft:wooden_axe":1},"minecraft:dropped":{"minecraft:bread":33},"minecraft:killed":{"minecraft:zombie":3},"minecraft:used":{"minecraft:wooden_axe":7,"minecraft:wooden_sword":16,"minecraft:crafting_table":2,"minecraft:bread":11},"minecraft:mined":{"minecraft:hay_block":71,"minecraft:grass":9,"minecraft:oak_log":12,"minecraft:crafting_table":1,"minecraft:oak_leaves":2}},"DataVersion":3465}