{"stats":{"minecraft:picked_up":{"minecraft:raw_iron":19,"minecraft:crafting_table":1,"minecraft:andesite":1,"minecraft:torch":13,"minecraft:oak_log":12,"minecraft:gunpowder":2,"minecraft:bone":1,"minecraft:arrow":5,"minecraft:rotten_flesh":15,"pamhc2trees:tamarinditem":2,"minecraft:wheat_seeds":1,"minecraft:cobbled_deepslate":29,"minecraft:hay_block":71,"minecraft:bread":256,"minecraft:oak_planks":8,"pamhc2trees:coconutitem":2,"minecraft:coal":80,"minecraft:cobblestone":82},"minecraft:custom":{"minecraft:time_since_rest":20342,"minecraft:waystone_activated":1,"minecraft:sprint_one_cm":162341,"minecraft:damage_taken":1989,"minecraft:walk_one_cm":210034,"minecraft:mob_kills":26,"minecraft:drop":7,"minecraft:damage_dealt":4036,"minecraft:swim_one_cm":6649,"minecraft:interact_with_crafting_table":6,"minecraft:fly_one_cm":364694,"minecraft:player_kills":1,"minecraft:open_chest":4,"minecraft:crouch_one_cm":15383,"minecraft:play_time":77497,"minecraft:deaths":1,"minecraft:sneak_time":4638,"minecraft:walk_under_water_one_cm":2680,"minecraft:jump":1811,"minecraft:time_since_death":74023,"minecraft:walk_on_water_one_cm":4328,"minecraft:sleep_in_bed":5,"minecraft:total_world_time":77497,"minecraft:fall_one_cm":45512},"minecraft:crafted":{"minecraft:wooden_sword":1,"minecraft:oak_planks":48,"minecraft:crafting_table":1,"minecraft:stick":44,"minecraft:wooden_pickaxe":1,"minecraft:stone_pickaxe":2,"minecraft:wooden_axe":1,"minecraft:stone_sword":1,"minecraft:torch":128,"minecraft:stone_axe":1,"minecraft:bread":213,"minecraft:wheat":639},"minecraft:dropped":{"minecraft:bread":353},"minecraft:broken":{"minecraft:stone_pickaxe":1},"minecraft:used":{"minecraft:wooden_axe":9,"minecraft:stone_sword":55,"minecraft:bread":36,"minecraft:stone_pickaxe":145,"minecraft:oak_planks":14,"minecraft:wooden_pickaxe":51,"pamhc2trees:coconutitem":2,"minecraft:stone_axe":24,"minecraft:torch":84,"minecraft:wooden_sword":20,"minecraft:cobblestone":7,"minecraft:crafting_table":2,"minecraft:andesite":1,"minecraft:cobbled_deepslate":1},"minecraft:killed":{"minecraft:skeleton":4,"minecraft:zombie":15,"minecraft:spider":1,"minecraft:creeper":1},"minecraft:mined":{"minecraft:hay_block":71,"minecraft:iron_ore":14,"minecraft:andesite":1,"minecraft:torch":4,"minecraft:crafting_table":1,"minecraft:deepslate_iron_ore":6,"minecraft:grass":10,"minecraft:coal_ore":76,"minecraft:oak_log":12,"minecraft:stone":69,"minecraft:oak_planks":9,"minecraft:deepslate":29,"minecraft:wall_torch":9,"minecraft:oak_leaves":2}},"DataVersion":3465}