{"stats":{"minecraft:broken":{"minecraft:iron_shovel":1,"minecraft:stone_pickaxe":3,"minecraft:stone_axe":1,"minecraft:iron_pickaxe":4},"minecraft:picked_up":{"minecraft:birch_door":10,"minecraft:iron_chestplate":3,"minecraft:wheat":124,"minecraft:diamond_sword":4,"minecraft:enchanted_book":4,"butcher:cowcorpseitem":4,"minecraft:string":86,"minecraft:raw_copper":108,"minecraft:smooth_stone_slab":34,"minecraft:iron_leggings":3,"minecraft:experience_bottle":1,"minecraft:smooth_stone":2,"minecraft:cobbled_deepslate":235,"minecraft:spruce_planks":3,"pamhc2crops:beanitem":1,"minecraft:cobblestone_slab":4,"butcher:chicken_drained_corpse_item":7,"minecraft:iron_pickaxe":1,"butcher:salt":38,"minecraft:melon_slice":19,"minecraft:iron_boots":1,"minecraft:stick":16,"minecraft:torch":276,"minecraft:diorite":51,"minecraft:stone_sword":1,"minecraft:rotten_flesh":194,"create:ochrum":65,"minecraft:cyan_terracotta":7,"butcher:chicken_corpse_item":4,"minecraft:obsidian":4,"butcher:chickenfoot":8,"minecraft:snowball":1,"minecraft:cobblestone":1512,"minecraft:birch_log":6,"minecraft:leather_chestplate":1,"minecraft:feather":4,"minecraft:birch_slab":1,"minecraft:andesite":72,"pamhc2trees:bananaitem":1,"spartanweaponry:iron_battleaxe":1,"minecraft:potato":9,"minecraft:flint":1,"minecraft:tuff":42,"create:raw_zinc":17,"pamhc2foodcore:juiceritem":1,"pamhc2trees:cherryitem":7,"minecraft:dirt":463,"minecraft:purple_carpet":5,"butcher:cow_skin":8,"minecraft:bone":57,"butcher:raw_ribeye_steak":4,"pamhc2trees:tamarinditem":6,"minecraft:wheat_seeds":163,"butcher:raw_tbone_steak":4,"minecraft:raw_gold":1,"minecraft:grindstone":1,"minecraft:oak_planks":22,"butcher:cow_headf":7,"travelersbackpack:magenta_sleeping_bag":1,"minecraft:sand":32,"minecraft:ink_sac":3,"pamhc2trees:lycheeitem":12,"minecraft:dead_bush":1,"minecraft:mossy_cobblestone":32,"travelersbackpack:white_sleeping_bag":4,"minecraft:iron_hoe":1,"minecraft:polished_andesite":13,"minecraft:diamond":2,"minecraft:granite":8,"minecraft:bone_meal":13,"minecraft:golden_apple":1,"minecraft:bread":256,"minecraft:oak_sapling":6,"minecraft:crafting_table":10,"minecraft:chicken":8,"minecraft:clay_ball":48,"pamhc2crops:grapeitem":24,"minecraft:shield":2,"butcher:raw_sirloin_steak":4,"minecraft:iron_axe":1,"minecraft:flint_and_steel":1,"minecraft:iron_shovel":1,"minecraft:beef":4,"minecraft:oak_boat":12,"pamhc2trees:cinnamonitem":2,"minecraft:birch_sapling":1,"minecraft:egg":84,"minecraft:raw_iron":126,"pamhc2trees:figitem":9,"butcher:bloodgrate":1,"minecraft:carrot":7,"minecraft:redstone":1,"pamhc2foodcore:fruitpunchitem":10,"minecraft:arrow":31,"butcher:chicken_head":3,"minecraft:hay_block":71,"minecraft:gold_ingot":5,"pamhc2crops:artichokeitem":4,"minecraft:skeleton_skull":6,"minecraft:white_wool":6,"minecraft:stripped_oak_log":2,"butcher:butchers_knife":2,"minecraft:salmon":1,"minecraft:filled_map":1,"minecraft:oak_log":207,"pamhc2trees:lemonitem":79,"pamhc2crops:guaranaitem":9,"minecraft:gunpowder":4,"minecraft:cobblestone_stairs":1,"butcher:polarbear_corpse_item":1,"minecraft:apple":11,"minecraft:iron_ingot":39,"butcher:raw_chuck_steak":4,"minecraft:iron_sword":5,"minecraft:polished_andesite_stairs":3,"minecraft:dripstone_block":21,"minecraft:gravel":20,"butcher:raw_rump_steak":4,"minecraft:blast_furnace":1,"minecraft:white_bed":1,"minecraft:spruce_log":6,"butcher:cowhoof":16,"pamhc2trees:peachitem":18,"minecraft:spider_eye":3,"minecraft:purple_bed":1,"minecraft:stone_axe":1,"minecraft:iron_helmet":3,"minecraft:mossy_cobblestone_stairs":2,"minecraft:melon_seeds":1,"pamhc2trees:coconutitem":8,"minecraft:coal":185,"butcher:chickenbeak":4},"minecraft:custom":{"minecraft:interact_with_crafting_table":80,"minecraft:bell_ring":12,"minecraft:leave_game":5,"minecraft:time_since_death":136348,"minecraft:sprint_one_cm":1293964,"minecraft:damage_blocked_by_shield":130,"minecraft:drop":73,"minecraft:talked_to_villager":14,"minecraft:play_time":704767,"minecraft:deaths":9,"minecraft:jump":13218,"minecraft:walk_on_water_one_cm":128050,"minecraft:interact_with_furnace":48,"minecraft:sleep_in_bed":35,"minecraft:waystone_activated":3,"minecraft:damage_dealt":37266,"minecraft:player_kills":1,"minecraft:crouch_one_cm":201938,"minecraft:mob_kills":201,"minecraft:climb_one_cm":8979,"minecraft:walk_one_cm":2103634,"minecraft:sneak_time":53338,"minecraft:walk_under_water_one_cm":195308,"minecraft:boat_one_cm":1436130,"minecraft:interact_with_blast_furnace":1,"minecraft:total_world_time":704767,"minecraft:interact_with_stonecutter":4,"minecraft:time_since_rest":19271,"minecraft:damage_taken":8379,"minecraft:swim_one_cm":373168,"minecraft:fly_one_cm":2150829,"minecraft:open_chest":305,"minecraft:fall_one_cm":250223},"minecraft:killed":{"minecraft:cave_spider":2,"minecraft:spider":8,"minecraft:skeleton":38,"minecraft:pig":1,"minecraft:creeper":2,"minecraft:zombie":138,"minecraft:drowned":3},"minecraft:crafted":{"minecraft:oak_planks":244,"minecraft:smooth_stone":44,"minecraft:oak_sign":3,"minecraft:chain":4,"minecraft:stone":71,"minecraft:iron_bars":16,"minecraft:iron_boots":1,"minecraft:chest":8,"minecraft:birch_door":12,"minecraft:oak_fence":6,"minecraft:stone_bricks":2,"minecraft:oak_slab":12,"minecraft:crafting_table":7,"minecraft:spruce_planks":24,"minecraft:wooden_pickaxe":2,"minecraft:iron_helmet":1,"butcher:skinning_knife":1,"minecraft:birch_planks":24,"spartanweaponry:iron_boomerang":3,"minecraft:shield":1,"minecraft:stick":152,"minecraft:iron_ingot":91,"minecraft:iron_pickaxe":5,"minecraft:stone_sword":2,"pamhc2foodcore:juiceritem":1,"butcher:butchers_knife":1,"minecraft:shears":1,"butcher:bloodgrate":4,"minecraft:wooden_sword":1,"minecraft:stone_brick_wall":2,"minecraft:iron_nugget":63,"minecraft:furnace":3,"minecraft:bone_meal":6,"minecraft:terracotta":8,"travelersbackpack:white_sleeping_bag":1,"minecraft:stone_pickaxe":8,"butcher:emptyskinrack":5,"pamhc2foodcore:fruitpunchitem":23,"minecraft:wheat":639,"storagedrawers:oak_half_drawers_4":4,"pamhc2trees:lemon_sapling":3,"minecraft:iron_trapdoor":3,"minecraft:bucket":1,"minecraft:stone_axe":2,"minecraft:bread":245,"minecraft:air":0,"minecraft:oak_boat":2,"butcher:hook":4,"minecraft:wooden_axe":2,"minecraft:iron_shovel":2,"minecraft:stonecutter":1,"butcher:spitroast":1,"minecraft:torch":292,"minecraft:clay":11,"butcher:butcherstable":1},"minecraft:used":{"minecraft:iron_shovel":390,"butcher:polarbear_corpse_item":1,"minecraft:oak_sign":1,"minecraft:chest":4,"minecraft:shield":5,"minecraft:iron_sword":139,"minecraft:rotten_flesh":12,"butcher:chicken_corpse_item":4,"minecraft:carrot":28,"pamhc2trees:tamarinditem":4,"butcher:emptyskinrack":5,"minecraft:cyan_terracotta":1,"pamhc2trees:lycheeitem":12,"butcher:cow_headf":7,"minecraft:birch_sapling":1,"minecraft:iron_helmet":1,"butcher:chicken_head":3,"minecraft:furnace":3,"minecraft:oak_sapling":1,"pamhc2trees:figitem":5,"minecraft:skeleton_skull":4,"minecraft:egg":48,"minecraft:potato":12,"minecraft:diorite":2,"pamhc2trees:cherryitem":4,"minecraft:stone_pickaxe":475,"minecraft:oak_planks":16,"minecraft:wooden_pickaxe":103,"pamhc2trees:lemon_sapling":3,"pamhc2foodcore:fruitpunchitem":13,"pamhc2trees:bananaitem":5,"spartanweaponry:iron_boomerang":14,"minecraft:sand":2,"minecraft:bread":83,"minecraft:melon_slice":3,"minecraft:diamond_sword":307,"minecraft:wooden_sword":20,"minecraft:andesite":4,"minecraft:chain":4,"minecraft:smooth_stone_slab":84,"minecraft:oak_boat":13,"minecraft:bone_meal":13,"storagedrawers:oak_half_drawers_4":4,"minecraft:oak_fence":6,"minecraft:stone_sword":114,"minecraft:spruce_planks":10,"pamhc2trees:coconutitem":8,"minecraft:torch":524,"create:ochrum":1,"minecraft:dirt":401,"butcher:cowcorpseitem":4,"minecraft:birch_door":14,"minecraft:wooden_axe":26,"minecraft:iron_axe":32,"minecraft:iron_boots":1,"butcher:bloodgrate":5,"minecraft:cobbled_deepslate":11,"minecraft:wheat_seeds":62,"butcher:chicken_drained_corpse_item":7,"minecraft:water_bucket":1,"butcher:butchers_knife":19,"minecraft:stonecutter":1,"minecraft:cobblestone_slab":8,"minecraft:mossy_cobblestone":4,"minecraft:crafting_table":16,"minecraft:spider_eye":1,"minecraft:white_bed":1,"minecraft:oak_log":2,"minecraft:apple":18,"minecraft:iron_pickaxe":1080,"travelersbackpack:white_sleeping_bag":3,"butcher:butcherstable":1,"minecraft:stone_axe":158,"minecraft:cobblestone":825,"minecraft:bucket":2,"minecraft:stripped_oak_log":2,"minecraft:purple_carpet":5},"minecraft:dropped":{"minecraft:iron_sword":1,"minecraft:oak_log":58,"minecraft:flint":1,"minecraft:dirt":7,"pamhc2trees:lemonitem":3,"minecraft:rotten_flesh":32,"travelersbackpack:white_sleeping_bag":1,"minecraft:birch_door":6,"minecraft:bread":353,"butcher:chickenbeak":4,"spartanweaponry:iron_boomerang":8,"butcher:butchers_knife":2,"minecraft:cobblestone":5,"minecraft:stick":1,"minecraft:ink_sac":3,"minecraft:torch":32,"minecraft:melon_slice":16,"pamhc2crops:guaranaitem":9,"pamhc2crops:grapeitem":24,"pamhc2foodcore:fruitpunchitem":19,"minecraft:chicken":1,"minecraft:clay_ball":4,"minecraft:iron_hoe":1,"travelersbackpack:magenta_sleeping_bag":1,"minecraft:filled_map":1,"minecraft:diamond_sword":2,"minecraft:oak_boat":1,"minecraft:oak_sapling":1,"pamhc2foodcore:juiceritem":2},"minecraft:mined":{"create:deepslate_zinc_ore":5,"minecraft:spruce_planks":2,"minecraft:white_bed":1,"minecraft:cobblestone_stairs":1,"minecraft:jungle_leaves":1,"minecraft:granite":1,"minecraft:grass_block":370,"minecraft:spawner":14,"minecraft:smooth_stone":2,"minecraft:tall_seagrass":2,"minecraft:mossy_cobblestone_stairs":1,"minecraft:cobbled_deepslate":1,"minecraft:iron_ore":89,"minecraft:fire":1,"minecraft:skeleton_wall_skull":1,"minecraft:dirt_path":4,"minecraft:purple_carpet":5,"minecraft:cyan_terracotta":7,"minecraft:clay":14,"minecraft:torch":12,"minecraft:blast_furnace":1,"minecraft:polished_andesite_stairs":1,"minecraft:melon":3,"minecraft:cobblestone":588,"minecraft:grindstone":1,"minecraft:sugar_cane":1,"minecraft:oak_planks":11,"minecraft:wall_torch":21,"minecraft:deepslate_copper_ore":4,"minecraft:skeleton_skull":3,"minecraft:seagrass":2,"butcher:saltblock":15,"minecraft:birch_log":6,"minecraft:wheat":241,"minecraft:birch_door":7,"minecraft:smooth_stone_slab":28,"minecraft:grass":23,"minecraft:oak_log":167,"minecraft:sand":40,"minecraft:dirt":61,"minecraft:oak_leaves":72,"minecraft:deepslate":207,"create:zinc_ore":12,"minecraft:tuff":29,"minecraft:mossy_cobblestone":37,"butcher:bloodgrate":1,"butcher:hanging_chicken_skinned_corpse":4,"butcher:cow_headf":3,"create:ochrum":1,"travelersbackpack:white_sleeping_bag":2,"minecraft:birch_slab":1,"minecraft:spruce_leaves":3,"minecraft:hay_block":71,"butcher:chicken_drained_corpse":3,"minecraft:andesite":20,"minecraft:cobblestone_slab":4,"minecraft:deepslate_iron_ore":37,"minecraft:stripped_oak_log":2,"minecraft:stone":317,"minecraft:white_wool":1,"butcher:chicken_head_beakless":4,"minecraft:crafting_table":8,"minecraft:copper_ore":28,"minecraft:deepslate_gold_ore":1,"minecraft:diorite":46,"minecraft:purple_bed":1,"minecraft:spruce_log":7,"minecraft:birch_leaves":4,"minecraft:coal_ore":144,"minecraft:gravel":23,"minecraft:dripstone_block":7,"minecraft:cobweb":41,"minecraft:polished_andesite":10},"minecraft:killed_by":{"minecraft:creeper":1,"minecraft:zombie":1,"minecraft:player":2,"minecraft:skeleton":4}},"DataVersion":3465}