{"stats":{"minecraft:broken":{"minecraft:iron_shovel":1,"minecraft:stone_pickaxe":3,"minecraft:stone_axe":1,"minecraft:iron_pickaxe":3},"minecraft:picked_up":{"minecraft:crafting_table":9,"minecraft:iron_chestplate":3,"minecraft:wheat":124,"minecraft:chicken":8,"minecraft:clay_ball":48,"minecraft:diamond_sword":4,"pamhc2crops:grapeitem":5,"minecraft:enchanted_book":4,"minecraft:shield":2,"butcher:cowcorpseitem":4,"butcher:raw_sirloin_steak":4,"minecraft:string":3,"minecraft:raw_copper":108,"minecraft:iron_axe":1,"minecraft:flint_and_steel":1,"minecraft:smooth_stone_slab":33,"minecraft:iron_leggings":3,"minecraft:iron_shovel":1,"minecraft:experience_bottle":1,"minecraft:cobbled_deepslate":207,"minecraft:smooth_stone":2,"minecraft:beef":4,"pamhc2trees:cinnamonitem":2,"minecraft:cobblestone_slab":4,"butcher:chicken_drained_corpse_item":7,"minecraft:iron_pickaxe":1,"minecraft:melon_slice":19,"minecraft:birch_sapling":1,"minecraft:iron_boots":1,"minecraft:egg":84,"minecraft:stick":16,"minecraft:raw_iron":126,"pamhc2trees:figitem":9,"butcher:bloodgrate":1,"minecraft:torch":258,"minecraft:diorite":51,"minecraft:carrot":7,"minecraft:stone_sword":1,"minecraft:arrow":31,"minecraft:rotten_flesh":155,"butcher:chicken_head":3,"create:ochrum":1,"minecraft:hay_block":71,"pamhc2crops:artichokeitem":4,"minecraft:cyan_terracotta":3,"butcher:chicken_corpse_item":4,"minecraft:gold_ingot":5,"minecraft:obsidian":4,"butcher:chickenfoot":8,"minecraft:skeleton_skull":6,"minecraft:cobblestone":1241,"minecraft:stripped_oak_log":2,"minecraft:leather_chestplate":1,"minecraft:feather":3,"butcher:butchers_knife":2,"minecraft:andesite":18,"pamhc2trees:bananaitem":1,"pamhc2foodcore:juiceritem":1,"minecraft:potato":9,"minecraft:tuff":26,"create:raw_zinc":17,"minecraft:oak_log":204,"pamhc2trees:lemonitem":78,"minecraft:gunpowder":2,"minecraft:cobblestone_stairs":1,"pamhc2trees:cherryitem":7,"minecraft:dirt":430,"minecraft:bone":55,"butcher:cow_skin":8,"butcher:raw_ribeye_steak":4,"minecraft:apple":11,"pamhc2trees:tamarinditem":6,"minecraft:wheat_seeds":163,"butcher:raw_tbone_steak":4,"minecraft:raw_gold":1,"minecraft:iron_ingot":39,"butcher:raw_chuck_steak":4,"minecraft:iron_sword":5,"minecraft:oak_planks":22,"butcher:cow_headf":7,"minecraft:polished_andesite_stairs":3,"butcher:raw_rump_steak":4,"minecraft:gravel":3,"pamhc2trees:lycheeitem":12,"minecraft:white_bed":1,"minecraft:dead_bush":1,"pamhc2trees:peachitem":18,"minecraft:mossy_cobblestone":28,"butcher:cowhoof":16,"minecraft:iron_hoe":1,"minecraft:polished_andesite":13,"minecraft:diamond":2,"minecraft:stone_axe":1,"minecraft:iron_helmet":3,"minecraft:granite":3,"minecraft:bone_meal":13,"minecraft:golden_apple":1,"minecraft:mossy_cobblestone_stairs":1,"minecraft:bread":256,"minecraft:oak_sapling":6,"minecraft:melon_seeds":1,"pamhc2trees:coconutitem":8,"minecraft:coal":183,"butcher:chickenbeak":4},"minecraft:custom":{"minecraft:mob_kills":150,"minecraft:interact_with_crafting_table":70,"minecraft:bell_ring":11,"minecraft:leave_game":4,"minecraft:time_since_death":140176,"minecraft:climb_one_cm":8473,"minecraft:sprint_one_cm":811203,"minecraft:walk_one_cm":1612857,"minecraft:damage_blocked_by_shield":130,"minecraft:drop":37,"minecraft:talked_to_villager":10,"minecraft:play_time":495199,"minecraft:sneak_time":39979,"minecraft:deaths":8,"minecraft:walk_under_water_one_cm":53986,"minecraft:boat_one_cm":158051,"minecraft:jump":9442,"minecraft:walk_on_water_one_cm":42644,"minecraft:total_world_time":495199,"minecraft:interact_with_furnace":46,"minecraft:interact_with_stonecutter":4,"minecraft:sleep_in_bed":30,"minecraft:waystone_activated":1,"minecraft:time_since_rest":2713,"minecraft:damage_taken":6283,"minecraft:damage_dealt":28552,"minecraft:player_kills":1,"minecraft:swim_one_cm":177687,"minecraft:fly_one_cm":1491393,"minecraft:open_chest":231,"minecraft:crouch_one_cm":162624,"minecraft:fall_one_cm":158577},"minecraft:killed":{"minecraft:spider":5,"minecraft:skeleton":27,"minecraft:pig":1,"minecraft:creeper":2,"minecraft:zombie":109},"minecraft:crafted":{"butcher:bloodgrate":4,"minecraft:wooden_sword":1,"minecraft:smooth_stone":44,"minecraft:oak_planks":232,"minecraft:oak_sign":3,"minecraft:stone_brick_wall":2,"minecraft:iron_nugget":63,"minecraft:chain":4,"minecraft:furnace":3,"minecraft:stone":71,"minecraft:bone_meal":6,"minecraft:iron_bars":16,"minecraft:terracotta":8,"minecraft:iron_boots":1,"minecraft:stone_pickaxe":8,"minecraft:chest":8,"butcher:emptyskinrack":5,"pamhc2foodcore:fruitpunchitem":23,"minecraft:oak_fence":6,"storagedrawers:oak_half_drawers_4":4,"minecraft:wheat":639,"pamhc2trees:lemon_sapling":3,"minecraft:oak_slab":12,"minecraft:iron_trapdoor":3,"minecraft:crafting_table":5,"minecraft:wooden_pickaxe":2,"minecraft:iron_helmet":1,"butcher:skinning_knife":1,"minecraft:stone_axe":2,"minecraft:bread":245,"minecraft:air":0,"minecraft:oak_boat":1,"minecraft:shield":1,"minecraft:stick":152,"butcher:hook":4,"minecraft:iron_ingot":91,"minecraft:iron_pickaxe":5,"minecraft:wooden_axe":2,"minecraft:stone_sword":2,"minecraft:iron_shovel":2,"pamhc2foodcore:juiceritem":1,"butcher:butchers_knife":1,"minecraft:stonecutter":1,"minecraft:torch":292,"minecraft:shears":1,"butcher:butcherstable":1,"minecraft:clay":11},"minecraft:used":{"minecraft:oak_fence":6,"minecraft:stone_sword":114,"minecraft:iron_shovel":314,"minecraft:oak_sign":1,"minecraft:chest":4,"minecraft:shield":5,"minecraft:iron_sword":139,"minecraft:rotten_flesh":12,"pamhc2trees:coconutitem":8,"butcher:chicken_corpse_item":4,"minecraft:torch":413,"create:ochrum":1,"minecraft:dirt":401,"butcher:cowcorpseitem":4,"minecraft:carrot":28,"pamhc2trees:tamarinditem":4,"butcher:emptyskinrack":5,"minecraft:wooden_axe":26,"minecraft:cyan_terracotta":1,"pamhc2trees:lycheeitem":12,"butcher:cow_headf":7,"minecraft:iron_axe":7,"minecraft:birch_sapling":1,"minecraft:iron_helmet":1,"minecraft:iron_boots":1,"butcher:chicken_head":3,"butcher:bloodgrate":5,"minecraft:oak_sapling":1,"minecraft:furnace":3,"minecraft:skeleton_skull":4,"pamhc2trees:figitem":5,"minecraft:egg":48,"minecraft:potato":3,"minecraft:cobbled_deepslate":11,"minecraft:wheat_seeds":62,"butcher:chicken_drained_corpse_item":7,"minecraft:diorite":2,"pamhc2trees:cherryitem":4,"pamhc2trees:bananaitem":5,"minecraft:stone_pickaxe":475,"minecraft:oak_planks":16,"butcher:butchers_knife":19,"pamhc2trees:lemon_sapling":3,"pamhc2foodcore:fruitpunchitem":5,"minecraft:wooden_pickaxe":103,"minecraft:cobblestone_slab":8,"minecraft:stonecutter":1,"minecraft:crafting_table":13,"minecraft:white_bed":1,"minecraft:oak_log":2,"minecraft:apple":11,"minecraft:melon_slice":3,"minecraft:bread":57,"minecraft:iron_pickaxe":942,"minecraft:stone_axe":158,"butcher:butcherstable":1,"minecraft:diamond_sword":162,"minecraft:wooden_sword":20,"minecraft:cobblestone":666,"minecraft:andesite":1,"minecraft:chain":4,"minecraft:smooth_stone_slab":84,"minecraft:oak_boat":1,"minecraft:stripped_oak_log":2,"storagedrawers:oak_half_drawers_4":4,"minecraft:bone_meal":13},"minecraft:dropped":{"butcher:chickenbeak":4,"minecraft:bread":353,"minecraft:iron_sword":1,"minecraft:oak_log":58,"butcher:butchers_knife":2,"minecraft:dirt":5,"minecraft:torch":32,"minecraft:melon_slice":16,"pamhc2trees:lemonitem":3,"pamhc2crops:grapeitem":5,"pamhc2foodcore:fruitpunchitem":7,"minecraft:chicken":1,"minecraft:rotten_flesh":1,"minecraft:clay_ball":4,"minecraft:iron_hoe":1,"minecraft:diamond_sword":2,"pamhc2foodcore:juiceritem":1,"minecraft:oak_sapling":1},"minecraft:mined":{"create:zinc_ore":12,"create:deepslate_zinc_ore":5,"minecraft:tuff":26,"minecraft:white_bed":1,"minecraft:mossy_cobblestone":22,"butcher:bloodgrate":1,"butcher:hanging_chicken_skinned_corpse":4,"minecraft:cobblestone_stairs":1,"minecraft:jungle_leaves":1,"minecraft:granite":1,"minecraft:grass_block":369,"butcher:cow_headf":3,"create:ochrum":1,"minecraft:spawner":8,"minecraft:hay_block":71,"minecraft:smooth_stone":2,"minecraft:tall_seagrass":1,"minecraft:mossy_cobblestone_stairs":1,"minecraft:iron_ore":89,"minecraft:fire":1,"butcher:chicken_drained_corpse":3,"minecraft:andesite":18,"minecraft:skeleton_wall_skull":1,"minecraft:dirt_path":4,"minecraft:deepslate_iron_ore":37,"minecraft:cobblestone_slab":4,"minecraft:stripped_oak_log":2,"minecraft:stone":297,"minecraft:cyan_terracotta":3,"butcher:chicken_head_beakless":4,"minecraft:clay":14,"minecraft:crafting_table":7,"minecraft:torch":10,"minecraft:melon":3,"minecraft:polished_andesite_stairs":1,"minecraft:copper_ore":28,"minecraft:cobblestone":521,"minecraft:deepslate_gold_ore":1,"minecraft:oak_planks":10,"minecraft:diorite":46,"minecraft:wall_torch":20,"minecraft:deepslate_copper_ore":4,"minecraft:skeleton_skull":3,"minecraft:seagrass":2,"minecraft:wheat":241,"minecraft:birch_leaves":4,"minecraft:smooth_stone_slab":22,"minecraft:grass":23,"minecraft:oak_log":164,"minecraft:coal_ore":144,"minecraft:gravel":3,"minecraft:dirt":45,"minecraft:polished_andesite":10,"minecraft:oak_leaves":72,"minecraft:deepslate":206},"minecraft:killed_by":{"minecraft:player":2,"minecraft:creeper":1,"minecraft:skeleton":4}},"DataVersion":3465}