{"stats":{"minecraft:used":{"minecraft:stone_sword":114,"minecraft:iron_shovel":314,"minecraft:chest":3,"minecraft:shield":5,"minecraft:iron_sword":139,"minecraft:rotten_flesh":12,"pamhc2trees:coconutitem":8,"minecraft:torch":406,"create:ochrum":1,"minecraft:dirt":395,"minecraft:carrot":28,"pamhc2trees:tamarinditem":4,"minecraft:wooden_axe":26,"minecraft:cyan_terracotta":1,"pamhc2trees:lycheeitem":12,"minecraft:iron_axe":1,"minecraft:birch_sapling":1,"minecraft:iron_helmet":1,"minecraft:iron_boots":1,"minecraft:oak_sapling":1,"minecraft:furnace":3,"minecraft:skeleton_skull":4,"pamhc2trees:figitem":5,"minecraft:egg":31,"minecraft:potato":3,"minecraft:cobbled_deepslate":11,"minecraft:wheat_seeds":62,"minecraft:diorite":2,"pamhc2trees:cherryitem":4,"minecraft:stone_pickaxe":475,"minecraft:oak_planks":16,"pamhc2trees:bananaitem":1,"pamhc2trees:lemon_sapling":3,"pamhc2foodcore:fruitpunchitem":3,"minecraft:wooden_pickaxe":103,"minecraft:cobblestone_slab":8,"minecraft:stonecutter":1,"minecraft:crafting_table":11,"minecraft:white_bed":1,"minecraft:apple":11,"minecraft:melon_slice":3,"minecraft:bread":45,"minecraft:iron_pickaxe":941,"minecraft:stone_axe":158,"minecraft:diamond_sword":139,"minecraft:wooden_sword":20,"minecraft:cobblestone":666,"minecraft:andesite":1,"minecraft:smooth_stone_slab":84,"storagedrawers:oak_half_drawers_4":4,"minecraft:bone_meal":13},"minecraft:killed_by":{"minecraft:player":2,"minecraft:creeper":1,"minecraft:skeleton":4},"minecraft:broken":{"minecraft:iron_shovel":1,"minecraft:stone_pickaxe":3,"minecraft:stone_axe":1,"minecraft:iron_pickaxe":3},"minecraft:dropped":{"minecraft:bread":353,"minecraft:iron_sword":1,"minecraft:oak_log":58,"minecraft:dirt":5,"minecraft:torch":32,"pamhc2foodcore:fruitpunchitem":1,"minecraft:rotten_flesh":1,"minecraft:iron_hoe":1,"minecraft:diamond_sword":1,"minecraft:oak_sapling":1},"minecraft:killed":{"minecraft:spider":5,"minecraft:skeleton":25,"minecraft:pig":1,"minecraft:creeper":2,"minecraft:zombie":100},"minecraft:custom":{"minecraft:mob_kills":139,"minecraft:interact_with_crafting_table":45,"minecraft:bell_ring":11,"minecraft:leave_game":4,"minecraft:time_since_death":28482,"minecraft:climb_one_cm":5548,"minecraft:sprint_one_cm":673397,"minecraft:walk_one_cm":1309900,"minecraft:damage_blocked_by_shield":130,"minecraft:drop":17,"minecraft:talked_to_villager":10,"minecraft:play_time":383505,"minecraft:deaths":8,"minecraft:sneak_time":37860,"minecraft:walk_under_water_one_cm":24970,"minecraft:jump":6687,"minecraft:walk_on_water_one_cm":28571,"minecraft:total_world_time":383505,"minecraft:interact_with_furnace":31,"minecraft:interact_with_stonecutter":3,"minecraft:sleep_in_bed":20,"minecraft:waystone_activated":1,"minecraft:time_since_rest":29966,"minecraft:damage_taken":5838,"minecraft:damage_dealt":25964,"minecraft:swim_one_cm":109870,"minecraft:fly_one_cm":1162000,"minecraft:player_kills":1,"minecraft:open_chest":172,"minecraft:crouch_one_cm":155034,"minecraft:fall_one_cm":132244},"minecraft:picked_up":{"minecraft:crafting_table":9,"minecraft:iron_chestplate":3,"minecraft:wheat":60,"minecraft:clay_ball":44,"minecraft:diamond_sword":3,"minecraft:enchanted_book":4,"minecraft:shield":2,"minecraft:string":3,"minecraft:raw_copper":108,"minecraft:iron_axe":1,"minecraft:flint_and_steel":1,"minecraft:smooth_stone_slab":33,"minecraft:iron_leggings":3,"minecraft:iron_shovel":1,"minecraft:experience_bottle":1,"minecraft:smooth_stone":2,"minecraft:cobbled_deepslate":207,"pamhc2trees:cinnamonitem":2,"minecraft:cobblestone_slab":4,"minecraft:iron_pickaxe":1,"minecraft:melon_slice":12,"minecraft:birch_sapling":1,"minecraft:egg":31,"minecraft:iron_boots":1,"minecraft:stick":16,"minecraft:raw_iron":126,"pamhc2trees:figitem":9,"minecraft:torch":258,"minecraft:diorite":51,"minecraft:carrot":7,"minecraft:rotten_flesh":153,"minecraft:stone_sword":1,"minecraft:arrow":31,"create:ochrum":1,"minecraft:hay_block":71,"minecraft:cyan_terracotta":3,"minecraft:gold_ingot":5,"minecraft:cobblestone":1241,"minecraft:skeleton_skull":6,"minecraft:leather_chestplate":1,"minecraft:andesite":18,"pamhc2trees:bananaitem":1,"minecraft:potato":9,"minecraft:tuff":26,"create:raw_zinc":17,"minecraft:oak_log":201,"pamhc2trees:lemonitem":42,"minecraft:gunpowder":2,"minecraft:cobblestone_stairs":1,"pamhc2trees:cherryitem":7,"minecraft:dirt":419,"minecraft:bone":51,"minecraft:apple":11,"pamhc2trees:tamarinditem":6,"minecraft:wheat_seeds":163,"minecraft:raw_gold":1,"minecraft:iron_ingot":39,"minecraft:iron_sword":5,"minecraft:oak_planks":22,"minecraft:polished_andesite_stairs":3,"minecraft:gravel":3,"pamhc2trees:lycheeitem":12,"minecraft:white_bed":1,"minecraft:dead_bush":1,"minecraft:mossy_cobblestone":28,"pamhc2trees:peachitem":12,"minecraft:iron_hoe":1,"minecraft:polished_andesite":13,"minecraft:diamond":2,"minecraft:stone_axe":1,"minecraft:iron_helmet":3,"minecraft:granite":3,"minecraft:bone_meal":13,"minecraft:golden_apple":1,"minecraft:mossy_cobblestone_stairs":1,"minecraft:bread":256,"minecraft:oak_sapling":6,"minecraft:melon_seeds":1,"minecraft:coal":183,"pamhc2trees:coconutitem":8},"minecraft:mined":{"create:zinc_ore":12,"create:deepslate_zinc_ore":5,"minecraft:tuff":26,"minecraft:white_bed":1,"minecraft:mossy_cobblestone":22,"minecraft:cobblestone_stairs":1,"minecraft:jungle_leaves":1,"minecraft:granite":1,"minecraft:grass_block":360,"create:ochrum":1,"minecraft:spawner":8,"minecraft:smooth_stone":2,"minecraft:hay_block":71,"minecraft:tall_seagrass":1,"minecraft:mossy_cobblestone_stairs":1,"minecraft:iron_ore":89,"minecraft:fire":1,"minecraft:andesite":18,"minecraft:skeleton_wall_skull":1,"minecraft:deepslate_iron_ore":37,"minecraft:cobblestone_slab":4,"minecraft:dirt_path":4,"minecraft:stone":297,"minecraft:cyan_terracotta":3,"minecraft:clay":13,"minecraft:crafting_table":7,"minecraft:torch":10,"minecraft:melon":2,"minecraft:polished_andesite_stairs":1,"minecraft:cobblestone":521,"minecraft:copper_ore":28,"minecraft:deepslate_gold_ore":1,"minecraft:oak_planks":10,"minecraft:diorite":46,"minecraft:wall_torch":20,"minecraft:deepslate_copper_ore":4,"minecraft:skeleton_skull":3,"minecraft:seagrass":2,"minecraft:wheat":61,"minecraft:birch_leaves":4,"minecraft:smooth_stone_slab":22,"minecraft:grass":22,"minecraft:oak_log":161,"minecraft:coal_ore":144,"minecraft:gravel":3,"minecraft:dirt":42,"minecraft:polished_andesite":10,"minecraft:oak_leaves":56,"minecraft:deepslate":206},"minecraft:crafted":{"minecraft:wooden_sword":1,"minecraft:oak_planks":180,"minecraft:smooth_stone":44,"minecraft:furnace":3,"minecraft:stone":47,"minecraft:bone_meal":6,"minecraft:terracotta":8,"minecraft:iron_boots":1,"minecraft:stone_pickaxe":8,"minecraft:chest":7,"pamhc2foodcore:fruitpunchitem":6,"storagedrawers:oak_half_drawers_4":4,"minecraft:wheat":639,"pamhc2trees:lemon_sapling":3,"minecraft:oak_slab":12,"minecraft:crafting_table":4,"minecraft:wooden_pickaxe":2,"minecraft:iron_helmet":1,"minecraft:stone_axe":2,"minecraft:bread":223,"minecraft:air":0,"minecraft:shield":1,"minecraft:stick":116,"minecraft:iron_ingot":32,"minecraft:iron_pickaxe":5,"minecraft:wooden_axe":2,"minecraft:stone_sword":2,"minecraft:iron_shovel":2,"pamhc2foodcore:juiceritem":1,"minecraft:stonecutter":1,"minecraft:torch":292,"minecraft:clay":11}},"DataVersion":3465}