{"stats":{"minecraft:picked_up":{"minecraft:crafting_table":4,"minecraft:leather_chestplate":1,"minecraft:andesite":6,"pamhc2trees:bananaitem":1,"minecraft:tuff":1,"minecraft:oak_log":40,"minecraft:gunpowder":2,"minecraft:dirt":12,"minecraft:bone":2,"minecraft:apple":1,"pamhc2trees:tamarinditem":2,"minecraft:wheat_seeds":1,"minecraft:cobbled_deepslate":32,"minecraft:oak_planks":8,"minecraft:egg":1,"minecraft:stick":5,"minecraft:raw_iron":64,"pamhc2trees:figitem":2,"minecraft:torch":19,"pamhc2trees:lycheeitem":7,"minecraft:mossy_cobblestone":1,"minecraft:rotten_flesh":46,"minecraft:arrow":6,"create:ochrum":1,"minecraft:hay_block":71,"minecraft:granite":1,"minecraft:bread":256,"minecraft:oak_sapling":1,"minecraft:coal":130,"pamhc2trees:coconutitem":8,"minecraft:cobblestone":199},"minecraft:custom":{"minecraft:mob_kills":46,"minecraft:interact_with_crafting_table":9,"minecraft:time_since_death":33314,"minecraft:sleep_in_bed":7,"minecraft:time_since_rest":26984,"minecraft:waystone_activated":1,"minecraft:sprint_one_cm":274045,"minecraft:damage_taken":3363,"minecraft:walk_one_cm":361166,"minecraft:drop":8,"minecraft:damage_dealt":8035,"minecraft:swim_one_cm":38281,"minecraft:fly_one_cm":516021,"minecraft:player_kills":1,"minecraft:open_chest":16,"minecraft:crouch_one_cm":32566,"minecraft:play_time":131497,"minecraft:deaths":5,"minecraft:sneak_time":11405,"minecraft:walk_under_water_one_cm":11371,"minecraft:jump":2818,"minecraft:walk_on_water_one_cm":12603,"minecraft:total_world_time":131497,"minecraft:fall_one_cm":70985},"minecraft:crafted":{"minecraft:wooden_sword":1,"minecraft:oak_planks":104,"minecraft:crafting_table":2,"minecraft:wooden_pickaxe":2,"minecraft:stone_axe":2,"minecraft:bread":213,"minecraft:stick":72,"minecraft:stone_pickaxe":4,"minecraft:wooden_axe":2,"minecraft:stone_sword":2,"minecraft:torch":188,"minecraft:wheat":639},"minecraft:dropped":{"minecraft:bread":353,"minecraft:oak_sapling":1},"minecraft:killed_by":{"minecraft:player":2,"minecraft:skeleton":2},"minecraft:broken":{"minecraft:stone_pickaxe":2},"minecraft:killed":{"minecraft:spider":1,"minecraft:creeper":1,"minecraft:skeleton":4,"minecraft:zombie":35},"minecraft:used":{"minecraft:stone_sword":102,"minecraft:stone_pickaxe":333,"minecraft:oak_planks":14,"minecraft:wooden_pickaxe":89,"minecraft:iron_sword":44,"minecraft:rotten_flesh":2,"pamhc2trees:coconutitem":2,"minecraft:torch":141,"create:ochrum":1,"minecraft:dirt":2,"minecraft:crafting_table":5,"minecraft:wooden_axe":26,"minecraft:apple":1,"pamhc2trees:lycheeitem":5,"minecraft:bread":38,"minecraft:stone_axe":25,"minecraft:wooden_sword":20,"minecraft:cobblestone":21,"minecraft:andesite":1,"pamhc2trees:figitem":2,"minecraft:egg":1,"minecraft:cobbled_deepslate":2},"minecraft:mined":{"minecraft:tuff":1,"minecraft:mossy_cobblestone":1,"minecraft:crafting_table":4,"minecraft:torch":6,"minecraft:granite":1,"minecraft:grass_block":8,"create:ochrum":1,"minecraft:cobblestone":7,"minecraft:oak_planks":9,"minecraft:wall_torch":12,"minecraft:spawner":1,"minecraft:hay_block":71,"minecraft:iron_ore":45,"minecraft:birch_leaves":1,"minecraft:andesite":6,"minecraft:grass":12,"minecraft:oak_log":40,"minecraft:coal_ore":126,"minecraft:deepslate_iron_ore":19,"minecraft:dirt":4,"minecraft:stone":181,"minecraft:oak_leaves":4,"minecraft:deepslate":32}},"DataVersion":3465}