{"stats":{"minecraft:used":{"minecraft:stone_sword":102,"minecraft:chest":1,"minecraft:shield":1,"minecraft:iron_sword":135,"pamhc2trees:coconutitem":8,"minecraft:rotten_flesh":4,"minecraft:torch":208,"create:ochrum":1,"minecraft:dirt":2,"minecraft:carrot":28,"minecraft:wooden_axe":26,"minecraft:cyan_terracotta":1,"pamhc2trees:lycheeitem":12,"minecraft:birch_sapling":1,"minecraft:iron_helmet":1,"minecraft:iron_boots":1,"minecraft:furnace":1,"minecraft:oak_sapling":1,"pamhc2trees:figitem":2,"minecraft:skeleton_skull":2,"minecraft:egg":1,"minecraft:potato":2,"minecraft:cobbled_deepslate":2,"minecraft:stone_pickaxe":426,"minecraft:oak_planks":16,"minecraft:wooden_pickaxe":103,"minecraft:crafting_table":8,"minecraft:apple":5,"minecraft:bread":38,"minecraft:iron_pickaxe":98,"minecraft:stone_axe":158,"minecraft:diamond_sword":90,"minecraft:wooden_sword":20,"minecraft:cobblestone":177,"minecraft:andesite":1},"minecraft:killed_by":{"minecraft:player":2,"minecraft:skeleton":3},"minecraft:broken":{"minecraft:stone_pickaxe":3,"minecraft:stone_axe":1},"minecraft:dropped":{"minecraft:bread":353,"minecraft:torch":32,"minecraft:iron_hoe":1,"minecraft:diamond_sword":1,"minecraft:oak_sapling":1},"minecraft:killed":{"minecraft:spider":1,"minecraft:skeleton":24,"minecraft:creeper":1,"minecraft:zombie":86},"minecraft:custom":{"minecraft:mob_kills":117,"minecraft:interact_with_crafting_table":13,"minecraft:bell_ring":11,"minecraft:leave_game":1,"minecraft:time_since_death":50275,"minecraft:sprint_one_cm":433567,"minecraft:walk_one_cm":687073,"minecraft:drop":11,"minecraft:talked_to_villager":10,"minecraft:play_time":216127,"minecraft:deaths":6,"minecraft:sneak_time":27259,"minecraft:walk_under_water_one_cm":13118,"minecraft:jump":3981,"minecraft:walk_on_water_one_cm":14864,"minecraft:total_world_time":216127,"minecraft:interact_with_furnace":2,"minecraft:sleep_in_bed":9,"minecraft:time_since_rest":7577,"minecraft:waystone_activated":1,"minecraft:damage_taken":4268,"minecraft:damage_dealt":20954,"minecraft:swim_one_cm":38281,"minecraft:fly_one_cm":708133,"minecraft:player_kills":1,"minecraft:open_chest":65,"minecraft:crouch_one_cm":115767,"minecraft:fall_one_cm":90826},"minecraft:mined":{"minecraft:tuff":1,"minecraft:mossy_cobblestone":22,"minecraft:jungle_leaves":1,"minecraft:granite":1,"minecraft:grass_block":67,"create:ochrum":1,"minecraft:spawner":8,"minecraft:hay_block":71,"minecraft:mossy_cobblestone_stairs":1,"minecraft:iron_ore":48,"minecraft:andesite":7,"minecraft:skeleton_wall_skull":1,"minecraft:deepslate_iron_ore":19,"minecraft:stone":219,"minecraft:cyan_terracotta":2,"minecraft:crafting_table":6,"minecraft:torch":10,"minecraft:polished_andesite_stairs":1,"minecraft:cobblestone":111,"minecraft:oak_planks":10,"minecraft:wall_torch":16,"minecraft:skeleton_skull":3,"minecraft:birch_leaves":4,"minecraft:smooth_stone_slab":14,"minecraft:grass":17,"minecraft:oak_log":161,"minecraft:coal_ore":126,"minecraft:dirt":5,"minecraft:polished_andesite":8,"minecraft:oak_leaves":18,"minecraft:deepslate":32},"minecraft:picked_up":{"minecraft:iron_chestplate":3,"minecraft:crafting_table":8,"minecraft:diamond_sword":3,"minecraft:enchanted_book":4,"minecraft:shield":2,"minecraft:iron_axe":1,"minecraft:flint_and_steel":1,"minecraft:smooth_stone_slab":25,"minecraft:iron_leggings":3,"minecraft:iron_shovel":1,"minecraft:experience_bottle":1,"minecraft:cobbled_deepslate":32,"pamhc2trees:cinnamonitem":1,"minecraft:iron_pickaxe":1,"minecraft:birch_sapling":1,"minecraft:egg":1,"minecraft:iron_boots":1,"minecraft:stick":15,"minecraft:raw_iron":67,"pamhc2trees:figitem":2,"minecraft:torch":107,"minecraft:carrot":7,"minecraft:stone_sword":1,"minecraft:arrow":29,"minecraft:rotten_flesh":135,"create:ochrum":1,"minecraft:hay_block":71,"minecraft:cyan_terracotta":2,"minecraft:gold_ingot":5,"minecraft:skeleton_skull":6,"minecraft:cobblestone":475,"minecraft:leather_chestplate":1,"minecraft:andesite":7,"pamhc2trees:bananaitem":1,"minecraft:potato":9,"minecraft:tuff":1,"minecraft:oak_log":172,"pamhc2trees:lemonitem":8,"minecraft:gunpowder":2,"pamhc2trees:cherryitem":4,"minecraft:dirt":80,"minecraft:bone":49,"minecraft:apple":11,"pamhc2trees:tamarinditem":6,"minecraft:wheat_seeds":1,"minecraft:iron_ingot":39,"minecraft:oak_planks":22,"minecraft:iron_sword":5,"minecraft:polished_andesite_stairs":3,"pamhc2trees:lycheeitem":12,"minecraft:dead_bush":1,"pamhc2trees:peachitem":7,"minecraft:mossy_cobblestone":28,"minecraft:iron_hoe":1,"minecraft:polished_andesite":11,"minecraft:diamond":2,"minecraft:stone_axe":1,"minecraft:iron_helmet":3,"minecraft:granite":2,"minecraft:bone_meal":6,"minecraft:golden_apple":1,"minecraft:mossy_cobblestone_stairs":1,"minecraft:bread":256,"minecraft:oak_sapling":2,"minecraft:coal":165,"pamhc2trees:coconutitem":8},"minecraft:crafted":{"minecraft:wooden_sword":1,"minecraft:oak_planks":112,"minecraft:furnace":1,"minecraft:iron_boots":1,"minecraft:stone_pickaxe":4,"minecraft:chest":1,"minecraft:wheat":639,"minecraft:crafting_table":3,"minecraft:wooden_pickaxe":2,"minecraft:iron_helmet":1,"minecraft:stone_axe":2,"minecraft:bread":213,"minecraft:air":0,"minecraft:shield":1,"minecraft:stick":72,"minecraft:iron_pickaxe":1,"minecraft:iron_ingot":32,"minecraft:wooden_axe":2,"minecraft:stone_sword":2,"minecraft:torch":188}},"DataVersion":3465}