{"stats":{"minecraft:used":{"minecraft:stone_sword":102,"minecraft:stone_pickaxe":426,"minecraft:oak_planks":16,"minecraft:chest":1,"minecraft:wooden_pickaxe":103,"minecraft:shield":1,"minecraft:iron_sword":135,"minecraft:rotten_flesh":4,"pamhc2trees:coconutitem":8,"minecraft:torch":208,"create:ochrum":1,"minecraft:dirt":2,"minecraft:crafting_table":8,"minecraft:carrot":28,"minecraft:wooden_axe":26,"minecraft:cyan_terracotta":1,"minecraft:apple":1,"pamhc2trees:lycheeitem":12,"minecraft:bread":38,"minecraft:iron_pickaxe":97,"minecraft:iron_helmet":1,"minecraft:iron_boots":1,"minecraft:stone_axe":28,"minecraft:wooden_sword":20,"minecraft:diamond_sword":90,"minecraft:cobblestone":108,"minecraft:skeleton_skull":2,"minecraft:andesite":1,"minecraft:furnace":1,"pamhc2trees:figitem":2,"minecraft:egg":1,"minecraft:potato":2,"minecraft:cobbled_deepslate":2},"minecraft:killed_by":{"minecraft:player":2,"minecraft:skeleton":3},"minecraft:broken":{"minecraft:stone_pickaxe":3},"minecraft:dropped":{"minecraft:bread":353,"minecraft:iron_hoe":1,"minecraft:diamond_sword":1,"minecraft:torch":32,"minecraft:oak_sapling":1},"minecraft:killed":{"minecraft:spider":1,"minecraft:creeper":1,"minecraft:skeleton":24,"minecraft:zombie":86},"minecraft:mined":{"minecraft:tuff":1,"minecraft:cyan_terracotta":2,"minecraft:mossy_cobblestone":22,"minecraft:crafting_table":6,"minecraft:torch":10,"minecraft:granite":1,"minecraft:polished_andesite_stairs":1,"minecraft:grass_block":8,"create:ochrum":1,"minecraft:cobblestone":110,"minecraft:oak_planks":10,"minecraft:wall_torch":16,"minecraft:spawner":8,"minecraft:skeleton_skull":3,"minecraft:hay_block":71,"minecraft:mossy_cobblestone_stairs":1,"minecraft:iron_ore":48,"minecraft:birch_leaves":1,"minecraft:andesite":7,"minecraft:smooth_stone_slab":14,"minecraft:grass":12,"minecraft:skeleton_wall_skull":1,"minecraft:coal_ore":126,"minecraft:oak_log":40,"minecraft:deepslate_iron_ore":19,"minecraft:dirt":4,"minecraft:stone":219,"minecraft:polished_andesite":8,"minecraft:oak_leaves":4,"minecraft:deepslate":32},"minecraft:picked_up":{"minecraft:crafting_table":8,"minecraft:iron_chestplate":3,"minecraft:leather_chestplate":1,"minecraft:andesite":7,"pamhc2trees:bananaitem":1,"minecraft:diamond_sword":3,"minecraft:potato":9,"minecraft:enchanted_book":4,"minecraft:tuff":1,"minecraft:oak_log":52,"minecraft:shield":2,"minecraft:gunpowder":2,"minecraft:dirt":20,"minecraft:iron_axe":1,"minecraft:smooth_stone_slab":25,"minecraft:flint_and_steel":1,"minecraft:iron_leggings":3,"minecraft:experience_bottle":1,"minecraft:iron_shovel":1,"minecraft:bone":49,"minecraft:apple":11,"pamhc2trees:tamarinditem":2,"minecraft:wheat_seeds":1,"minecraft:cobbled_deepslate":32,"minecraft:iron_ingot":39,"minecraft:iron_pickaxe":1,"minecraft:iron_sword":5,"minecraft:oak_planks":22,"minecraft:iron_boots":1,"minecraft:egg":1,"minecraft:raw_iron":67,"minecraft:polished_andesite_stairs":3,"minecraft:stick":14,"pamhc2trees:figitem":2,"minecraft:torch":107,"minecraft:iron_hoe":1,"minecraft:carrot":7,"pamhc2trees:lycheeitem":12,"minecraft:dead_bush":1,"minecraft:mossy_cobblestone":28,"minecraft:polished_andesite":11,"minecraft:stone_sword":1,"minecraft:arrow":29,"minecraft:rotten_flesh":135,"minecraft:diamond":2,"minecraft:stone_axe":1,"create:ochrum":1,"minecraft:hay_block":71,"minecraft:iron_helmet":3,"minecraft:granite":2,"minecraft:cyan_terracotta":2,"minecraft:bone_meal":6,"minecraft:golden_apple":1,"minecraft:mossy_cobblestone_stairs":1,"minecraft:gold_ingot":5,"minecraft:bread":256,"minecraft:oak_sapling":1,"pamhc2trees:coconutitem":8,"minecraft:coal":165,"minecraft:skeleton_skull":6,"minecraft:cobblestone":474},"minecraft:custom":{"minecraft:interact_with_furnace":2,"minecraft:mob_kills":117,"minecraft:interact_with_crafting_table":13,"minecraft:leave_game":1,"minecraft:time_since_death":26275,"minecraft:sleep_in_bed":7,"minecraft:waystone_activated":1,"minecraft:time_since_rest":26350,"minecraft:sprint_one_cm":386674,"minecraft:damage_taken":4268,"minecraft:walk_one_cm":610149,"minecraft:drop":11,"minecraft:damage_dealt":20954,"minecraft:talked_to_villager":3,"minecraft:player_kills":1,"minecraft:swim_one_cm":38281,"minecraft:fly_one_cm":620813,"minecraft:open_chest":64,"minecraft:play_time":192127,"minecraft:crouch_one_cm":107724,"minecraft:deaths":6,"minecraft:sneak_time":24636,"minecraft:walk_under_water_one_cm":12083,"minecraft:jump":3489,"minecraft:walk_on_water_one_cm":13503,"minecraft:total_world_time":192127,"minecraft:fall_one_cm":83126},"minecraft:crafted":{"minecraft:wooden_sword":1,"minecraft:oak_planks":112,"minecraft:crafting_table":3,"minecraft:wooden_pickaxe":2,"minecraft:iron_helmet":1,"minecraft:furnace":1,"minecraft:stone_axe":2,"minecraft:bread":213,"minecraft:air":0,"minecraft:iron_boots":1,"minecraft:shield":1,"minecraft:stick":72,"minecraft:iron_ingot":32,"minecraft:iron_pickaxe":1,"minecraft:stone_pickaxe":4,"minecraft:wooden_axe":2,"minecraft:stone_sword":2,"minecraft:chest":1,"minecraft:torch":188,"minecraft:wheat":639}},"DataVersion":3465}