{"stats":{"minecraft:picked_up":{"minecraft:wheat_seeds":1,"minecraft:hay_block":38,"minecraft:oak_log":12},"minecraft:custom":{"minecraft:waystone_activated":1,"minecraft:time_since_rest":7211,"minecraft:open_chest":2,"minecraft:crouch_one_cm":1539,"minecraft:walk_one_cm":40985,"minecraft:play_time":17497,"minecraft:sprint_one_cm":52479,"minecraft:damage_taken":582,"minecraft:deaths":1,"minecraft:sneak_time":257,"minecraft:walk_under_water_one_cm":182,"minecraft:mob_kills":1,"minecraft:jump":577,"minecraft:damage_dealt":297,"minecraft:walk_on_water_one_cm":725,"minecraft:time_since_death":14023,"minecraft:sleep_in_bed":1,"minecraft:total_world_time":17497,"minecraft:swim_one_cm":2385,"minecraft:interact_with_crafting_table":2,"minecraft:fall_one_cm":17569,"minecraft:fly_one_cm":142470,"minecraft:player_kills":1},"minecraft:crafted":{"minecraft:wooden_sword":1,"minecraft:oak_planks":48,"minecraft:crafting_table":1,"minecraft:stick":4,"minecraft:bread":75,"minecraft:wheat":225,"minecraft:wooden_axe":1},"minecraft:killed":{"minecraft:zombie":1},"minecraft:used":{"minecraft:wooden_axe":1,"minecraft:wooden_sword":8,"minecraft:crafting_table":1,"minecraft:bread":7},"minecraft:mined":{"minecraft:hay_block":39,"minecraft:grass":8,"minecraft:oak_log":12,"minecraft:oak_leaves":2}},"DataVersion":3465}