{"stats":{"minecraft:picked_up":{"minecraft:crafting_table":1,"minecraft:oak_log":12,"minecraft:gunpowder":2,"minecraft:bone":1,"minecraft:arrow":2,"minecraft:rotten_flesh":10,"pamhc2trees:tamarinditem":2,"minecraft:wheat_seeds":1,"minecraft:hay_block":71,"minecraft:bread":256,"pamhc2trees:coconutitem":2,"minecraft:coal":10,"minecraft:cobblestone":45},"minecraft:custom":{"minecraft:time_since_rest":11341,"minecraft:waystone_activated":1,"minecraft:sprint_one_cm":116963,"minecraft:damage_taken":1087,"minecraft:walk_one_cm":112841,"minecraft:mob_kills":13,"minecraft:drop":7,"minecraft:damage_dealt":2109,"minecraft:swim_one_cm":6649,"minecraft:interact_with_crafting_table":6,"minecraft:fly_one_cm":306354,"minecraft:player_kills":1,"minecraft:open_chest":4,"minecraft:crouch_one_cm":7820,"minecraft:play_time":53497,"minecraft:deaths":1,"minecraft:sneak_time":1376,"minecraft:walk_under_water_one_cm":350,"minecraft:jump":1318,"minecraft:time_since_death":50023,"minecraft:walk_on_water_one_cm":1700,"minecraft:sleep_in_bed":4,"minecraft:total_world_time":53497,"minecraft:fall_one_cm":36863},"minecraft:crafted":{"minecraft:wooden_sword":1,"minecraft:oak_planks":48,"minecraft:crafting_table":1,"minecraft:stick":16,"minecraft:wooden_pickaxe":1,"minecraft:stone_pickaxe":2,"minecraft:wooden_axe":1,"minecraft:stone_sword":1,"minecraft:torch":16,"minecraft:stone_axe":1,"minecraft:bread":213,"minecraft:wheat":639},"minecraft:dropped":{"minecraft:bread":353},"minecraft:used":{"minecraft:wooden_axe":9,"minecraft:stone_sword":17,"minecraft:bread":17,"minecraft:wooden_pickaxe":51,"pamhc2trees:coconutitem":2,"minecraft:stone_axe":6,"minecraft:torch":3,"minecraft:wooden_sword":20,"minecraft:crafting_table":2},"minecraft:killed":{"minecraft:skeleton":1,"minecraft:zombie":8,"minecraft:creeper":1},"minecraft:mined":{"minecraft:hay_block":71,"minecraft:crafting_table":1,"minecraft:grass":9,"minecraft:coal_ore":6,"minecraft:oak_log":12,"minecraft:stone":45,"minecraft:oak_leaves":2}},"DataVersion":3465}