{"stats":{"minecraft:used":{"minecraft:stone_sword":102,"minecraft:iron_shovel":306,"minecraft:chest":3,"minecraft:shield":1,"minecraft:iron_sword":135,"minecraft:rotten_flesh":4,"pamhc2trees:coconutitem":8,"minecraft:torch":324,"create:ochrum":1,"minecraft:dirt":394,"minecraft:carrot":28,"pamhc2trees:tamarinditem":4,"minecraft:wooden_axe":26,"minecraft:cyan_terracotta":1,"pamhc2trees:lycheeitem":12,"minecraft:birch_sapling":1,"minecraft:iron_helmet":1,"minecraft:iron_boots":1,"minecraft:oak_sapling":1,"minecraft:furnace":3,"minecraft:skeleton_skull":4,"pamhc2trees:figitem":5,"minecraft:egg":14,"minecraft:potato":2,"minecraft:cobbled_deepslate":2,"minecraft:wheat_seeds":62,"pamhc2trees:cherryitem":4,"minecraft:stone_pickaxe":426,"minecraft:oak_planks":16,"pamhc2trees:lemon_sapling":3,"pamhc2foodcore:fruitpunchitem":1,"minecraft:wooden_pickaxe":103,"minecraft:cobblestone_slab":8,"minecraft:stonecutter":1,"minecraft:crafting_table":10,"minecraft:white_bed":1,"minecraft:apple":11,"minecraft:melon_slice":3,"minecraft:bread":38,"minecraft:iron_pickaxe":520,"minecraft:stone_axe":158,"minecraft:diamond_sword":105,"minecraft:wooden_sword":20,"minecraft:cobblestone":583,"minecraft:andesite":1,"minecraft:smooth_stone_slab":84,"minecraft:bone_meal":13,"storagedrawers:oak_half_drawers_4":4},"minecraft:killed_by":{"minecraft:player":2,"minecraft:skeleton":3},"minecraft:broken":{"minecraft:iron_shovel":1,"minecraft:stone_pickaxe":3,"minecraft:stone_axe":1,"minecraft:iron_pickaxe":2},"minecraft:dropped":{"minecraft:bread":353,"minecraft:oak_log":58,"minecraft:torch":32,"minecraft:rotten_flesh":1,"minecraft:iron_hoe":1,"minecraft:diamond_sword":1,"minecraft:oak_sapling":1},"minecraft:killed":{"minecraft:spider":2,"minecraft:skeleton":25,"minecraft:creeper":2,"minecraft:zombie":88},"minecraft:custom":{"minecraft:mob_kills":122,"minecraft:interact_with_crafting_table":40,"minecraft:bell_ring":11,"minecraft:leave_game":3,"minecraft:time_since_death":157828,"minecraft:climb_one_cm":4252,"minecraft:sprint_one_cm":577002,"minecraft:walk_one_cm":1102842,"minecraft:drop":14,"minecraft:talked_to_villager":10,"minecraft:play_time":323680,"minecraft:deaths":6,"minecraft:sneak_time":33925,"minecraft:walk_under_water_one_cm":18725,"minecraft:jump":5540,"minecraft:walk_on_water_one_cm":23216,"minecraft:total_world_time":323680,"minecraft:interact_with_furnace":29,"minecraft:interact_with_stonecutter":3,"minecraft:sleep_in_bed":20,"minecraft:time_since_rest":7046,"minecraft:waystone_activated":1,"minecraft:damage_taken":4567,"minecraft:damage_dealt":22027,"minecraft:swim_one_cm":57388,"minecraft:fly_one_cm":1025675,"minecraft:player_kills":1,"minecraft:open_chest":130,"minecraft:crouch_one_cm":143131,"minecraft:fall_one_cm":113228},"minecraft:mined":{"minecraft:tuff":1,"minecraft:white_bed":1,"minecraft:mossy_cobblestone":22,"minecraft:jungle_leaves":1,"minecraft:granite":1,"minecraft:grass_block":359,"create:ochrum":1,"minecraft:spawner":8,"minecraft:hay_block":71,"minecraft:tall_seagrass":1,"minecraft:mossy_cobblestone_stairs":1,"minecraft:iron_ore":48,"minecraft:fire":1,"minecraft:andesite":7,"minecraft:skeleton_wall_skull":1,"minecraft:deepslate_iron_ore":19,"minecraft:cobblestone_slab":4,"minecraft:dirt_path":4,"minecraft:stone":219,"minecraft:cyan_terracotta":2,"minecraft:clay":13,"minecraft:crafting_table":6,"minecraft:torch":10,"minecraft:melon":2,"minecraft:polished_andesite_stairs":1,"minecraft:cobblestone":516,"minecraft:oak_planks":10,"minecraft:diorite":4,"minecraft:wall_torch":17,"minecraft:skeleton_skull":3,"minecraft:seagrass":2,"minecraft:wheat":61,"minecraft:birch_leaves":4,"minecraft:smooth_stone_slab":22,"minecraft:grass":22,"minecraft:oak_log":161,"minecraft:coal_ore":126,"minecraft:dirt":36,"minecraft:polished_andesite":8,"minecraft:oak_leaves":56,"minecraft:deepslate":32},"minecraft:picked_up":{"minecraft:crafting_table":8,"minecraft:iron_chestplate":3,"minecraft:wheat":60,"minecraft:clay_ball":44,"minecraft:diamond_sword":3,"minecraft:enchanted_book":4,"minecraft:shield":2,"minecraft:string":3,"minecraft:iron_axe":1,"minecraft:flint_and_steel":1,"minecraft:smooth_stone_slab":33,"minecraft:iron_leggings":3,"minecraft:iron_shovel":1,"minecraft:experience_bottle":1,"minecraft:cobbled_deepslate":32,"pamhc2trees:cinnamonitem":2,"minecraft:cobblestone_slab":4,"minecraft:iron_pickaxe":1,"minecraft:melon_slice":12,"minecraft:birch_sapling":1,"minecraft:egg":14,"minecraft:iron_boots":1,"minecraft:stick":16,"minecraft:raw_iron":67,"pamhc2trees:figitem":9,"minecraft:torch":223,"minecraft:diorite":4,"minecraft:carrot":7,"minecraft:rotten_flesh":136,"minecraft:stone_sword":1,"minecraft:arrow":31,"create:ochrum":1,"minecraft:hay_block":71,"minecraft:cyan_terracotta":2,"minecraft:gold_ingot":5,"minecraft:cobblestone":1155,"minecraft:skeleton_skull":6,"minecraft:leather_chestplate":1,"minecraft:andesite":7,"pamhc2trees:bananaitem":1,"minecraft:potato":9,"minecraft:tuff":1,"minecraft:oak_log":201,"pamhc2trees:lemonitem":31,"minecraft:gunpowder":2,"pamhc2trees:cherryitem":7,"minecraft:dirt":412,"minecraft:bone":51,"minecraft:apple":11,"pamhc2trees:tamarinditem":6,"minecraft:wheat_seeds":163,"minecraft:iron_ingot":39,"minecraft:iron_sword":5,"minecraft:oak_planks":22,"minecraft:polished_andesite_stairs":3,"pamhc2trees:lycheeitem":12,"minecraft:white_bed":1,"minecraft:dead_bush":1,"minecraft:mossy_cobblestone":28,"pamhc2trees:peachitem":12,"minecraft:iron_hoe":1,"minecraft:polished_andesite":11,"minecraft:diamond":2,"minecraft:stone_axe":1,"minecraft:iron_helmet":3,"minecraft:granite":3,"minecraft:bone_meal":13,"minecraft:golden_apple":1,"minecraft:mossy_cobblestone_stairs":1,"minecraft:bread":256,"minecraft:oak_sapling":6,"minecraft:melon_seeds":1,"minecraft:coal":165,"pamhc2trees:coconutitem":8},"minecraft:crafted":{"minecraft:wooden_sword":1,"minecraft:oak_planks":164,"minecraft:smooth_stone":44,"minecraft:furnace":3,"minecraft:stone":47,"minecraft:bone_meal":6,"minecraft:terracotta":8,"minecraft:iron_boots":1,"minecraft:stone_pickaxe":4,"minecraft:chest":7,"pamhc2foodcore:fruitpunchitem":1,"storagedrawers:oak_half_drawers_4":4,"minecraft:wheat":639,"pamhc2trees:lemon_sapling":3,"minecraft:oak_slab":12,"minecraft:crafting_table":3,"minecraft:wooden_pickaxe":2,"minecraft:iron_helmet":1,"minecraft:stone_axe":2,"minecraft:bread":223,"minecraft:air":0,"minecraft:shield":1,"minecraft:stick":92,"minecraft:iron_ingot":32,"minecraft:iron_pickaxe":3,"minecraft:wooden_axe":2,"minecraft:stone_sword":2,"minecraft:iron_shovel":2,"pamhc2foodcore:juiceritem":1,"minecraft:stonecutter":1,"minecraft:torch":188,"minecraft:clay":11}},"DataVersion":3465}