{"stats":{"minecraft:custom":{"minecraft:time_since_rest":252,"minecraft:deaths":1,"minecraft:crouch_one_cm":228,"minecraft:play_time":6008,"minecraft:sprint_one_cm":9782,"minecraft:damage_taken":237,"minecraft:walk_one_cm":21444,"minecraft:sneak_time":72,"minecraft:walk_under_water_one_cm":6747,"minecraft:jump":153,"minecraft:damage_dealt":191,"minecraft:leave_game":1,"minecraft:time_since_death":0,"minecraft:walk_on_water_one_cm":5631,"minecraft:total_world_time":6008,"minecraft:swim_one_cm":637,"minecraft:fall_one_cm":2904,"minecraft:fly_one_cm":19694,"minecraft:player_kills":1},"minecraft:mined":{"minecraft:large_fern":1,"minecraft:grass_block":3,"minecraft:poppy":5,"minecraft:sand":4,"minecraft:sugar_cane":3},"minecraft:picked_up":{"minecraft:sand":5,"minecraft:poppy":5,"minecraft:sugar_cane":10,"minecraft:dirt":3,"minecraft:egg":23},"minecraft:used":{"minecraft:sand":2}},"DataVersion":3953}