{"stats":{"minecraft:mined":{"create:deepslate_zinc_ore":5,"minecraft:spruce_planks":2,"minecraft:white_bed":1,"minecraft:cobblestone_stairs":1,"minecraft:jungle_leaves":1,"minecraft:granite":1,"minecraft:grass_block":370,"minecraft:spawner":14,"minecraft:smooth_stone":2,"minecraft:tall_seagrass":2,"minecraft:mossy_cobblestone_stairs":1,"minecraft:iron_ore":89,"minecraft:cobbled_deepslate":1,"minecraft:fire":1,"minecraft:skeleton_wall_skull":1,"minecraft:dirt_path":4,"minecraft:purple_carpet":5,"minecraft:cyan_terracotta":7,"minecraft:clay":18,"minecraft:torch":13,"minecraft:blast_furnace":1,"minecraft:melon":3,"minecraft:polished_andesite_stairs":1,"minecraft:cobblestone":588,"minecraft:grindstone":1,"minecraft:sugar_cane":1,"minecraft:oak_planks":11,"minecraft:wall_torch":21,"minecraft:deepslate_copper_ore":4,"minecraft:skeleton_skull":3,"minecraft:seagrass":2,"butcher:saltblock":15,"minecraft:birch_log":6,"minecraft:wheat":241,"minecraft:birch_door":7,"minecraft:smooth_stone_slab":28,"minecraft:grass":23,"minecraft:oak_log":172,"minecraft:sand":40,"minecraft:dirt":61,"minecraft:oak_leaves":73,"minecraft:deepslate":207,"create:zinc_ore":12,"minecraft:tuff":29,"minecraft:mossy_cobblestone":37,"butcher:bloodgrate":1,"butcher:hanging_chicken_skinned_corpse":4,"butcher:cow_headf":3,"create:ochrum":1,"travelersbackpack:white_sleeping_bag":2,"minecraft:birch_slab":1,"minecraft:spruce_leaves":4,"minecraft:hay_block":71,"butcher:chicken_drained_corpse":3,"minecraft:andesite":20,"minecraft:deepslate_iron_ore":37,"minecraft:cobblestone_slab":4,"minecraft:stripped_oak_log":2,"minecraft:stone":317,"minecraft:white_wool":1,"butcher:chicken_head_beakless":4,"butcher:polarbearcorpse":2,"minecraft:crafting_table":8,"minecraft:copper_ore":28,"minecraft:deepslate_gold_ore":1,"minecraft:diorite":46,"minecraft:purple_bed":2,"butcher:llamacorpsewhite":1,"minecraft:sweet_berry_bush":15,"minecraft:spruce_log":10,"minecraft:birch_leaves":4,"minecraft:coal_ore":144,"minecraft:gravel":23,"minecraft:dripstone_block":7,"minecraft:cobweb":41,"minecraft:polished_andesite":10},"minecraft:crafted":{"minecraft:oak_planks":264,"minecraft:smooth_stone":44,"minecraft:oak_sign":3,"minecraft:chain":4,"minecraft:stone":71,"minecraft:iron_bars":16,"minecraft:iron_boots":1,"minecraft:chest":8,"minecraft:birch_door":12,"minecraft:stone_bricks":2,"minecraft:oak_fence":6,"minecraft:oak_slab":12,"minecraft:crafting_table":8,"minecraft:spruce_planks":24,"minecraft:wooden_pickaxe":2,"minecraft:iron_helmet":1,"butcher:skinning_knife":1,"minecraft:birch_planks":24,"pamhc2foodcore:mayonaiseitem":357,"spartanweaponry:iron_boomerang":3,"minecraft:shield":2,"minecraft:stick":152,"minecraft:iron_ingot":91,"minecraft:iron_pickaxe":5,"minecraft:iron_block":1,"minecraft:stone_sword":2,"pamhc2foodcore:juiceritem":2,"butcher:butchers_knife":1,"minecraft:shears":1,"mcdw:sword_iron_sword_var":1,"mcdw:sword_claymore":1,"butcher:bloodgrate":4,"minecraft:wooden_sword":1,"minecraft:stone_brick_wall":2,"minecraft:iron_nugget":63,"minecraft:furnace":3,"minecraft:bone_meal":6,"minecraft:terracotta":13,"travelersbackpack:white_sleeping_bag":1,"minecraft:stone_pickaxe":8,"mcdw:sword_broadsword":1,"butcher:emptyskinrack":5,"pamhc2foodcore:fruitpunchitem":23,"storagedrawers:oak_half_drawers_4":4,"minecraft:wheat":639,"pamhc2trees:lemon_sapling":3,"minecraft:iron_trapdoor":3,"minecraft:iron_sword":1,"minecraft:bucket":1,"minecraft:stone_axe":2,"minecraft:bread":245,"minecraft:air":0,"minecraft:oak_boat":3,"butcher:hook":4,"minecraft:wooden_axe":2,"minecraft:iron_shovel":2,"minecraft:stonecutter":1,"butcher:spitroast":1,"minecraft:torch":292,"minecraft:clay":14,"butcher:butcherstable":1},"minecraft:used":{"mcdw:sword_claymore":20,"minecraft:iron_shovel":390,"butcher:polarbear_corpse_item":3,"minecraft:oak_sign":1,"minecraft:chest":4,"minecraft:shield":5,"minecraft:iron_sword":139,"minecraft:rotten_flesh":12,"butcher:chicken_corpse_item":4,"minecraft:carrot":28,"pamhc2trees:tamarinditem":4,"minecraft:snowball":9,"butcher:emptyskinrack":5,"minecraft:cyan_terracotta":1,"pamhc2trees:lycheeitem":12,"butcher:cow_headf":7,"minecraft:birch_sapling":1,"minecraft:iron_helmet":1,"butcher:chicken_head":3,"minecraft:oak_sapling":2,"minecraft:furnace":3,"pamhc2trees:figitem":5,"minecraft:skeleton_skull":4,"minecraft:egg":50,"minecraft:potato":12,"minecraft:diorite":2,"pamhc2trees:cherryitem":4,"minecraft:stone_pickaxe":475,"minecraft:oak_planks":16,"pamhc2trees:bananaitem":5,"pamhc2trees:lemon_sapling":3,"pamhc2foodcore:fruitpunchitem":14,"minecraft:wooden_pickaxe":103,"spartanweaponry:iron_boomerang":14,"minecraft:sand":2,"minecraft:melon_slice":3,"minecraft:bread":83,"minecraft:diamond_sword":310,"minecraft:wooden_sword":20,"minecraft:andesite":4,"minecraft:chain":4,"minecraft:smooth_stone_slab":84,"minecraft:oak_boat":14,"storagedrawers:oak_half_drawers_4":4,"minecraft:bone_meal":13,"minecraft:oak_fence":6,"butcher:white_llama":1,"minecraft:stone_sword":159,"minecraft:carved_pumpkin":1,"minecraft:spruce_planks":10,"pamhc2trees:coconutitem":8,"minecraft:torch":524,"create:ochrum":1,"minecraft:dirt":401,"butcher:cowcorpseitem":4,"pamhc2foodcore:mayonaiseitem":12,"minecraft:birch_door":14,"minecraft:wooden_axe":26,"minecraft:iron_axe":37,"minecraft:iron_boots":1,"butcher:bloodgrate":5,"minecraft:cobbled_deepslate":11,"minecraft:wheat_seeds":62,"butcher:chicken_drained_corpse_item":7,"minecraft:water_bucket":1,"butcher:butchers_knife":19,"minecraft:stonecutter":1,"minecraft:cobblestone_slab":8,"minecraft:mossy_cobblestone":4,"minecraft:crafting_table":17,"minecraft:spider_eye":1,"minecraft:white_bed":2,"minecraft:cod":1,"minecraft:oak_log":2,"minecraft:apple":18,"minecraft:iron_pickaxe":1080,"travelersbackpack:white_sleeping_bag":3,"minecraft:stone_axe":158,"butcher:butcherstable":1,"minecraft:cobblestone":825,"minecraft:bucket":2,"minecraft:stripped_oak_log":2,"minecraft:purple_carpet":5},"minecraft:dropped":{"minecraft:iron_sword":1,"minecraft:oak_log":58,"mcdw:sword_claymore":2,"minecraft:flint":1,"minecraft:dirt":7,"minecraft:snowball":60,"pamhc2trees:lemonitem":3,"minecraft:rotten_flesh":36,"pamhc2foodcore:mayonaiseitem":248,"travelersbackpack:white_sleeping_bag":1,"minecraft:birch_door":6,"darkestsouls:soul_fragment":2,"butcher:chickenbeak":4,"minecraft:bread":353,"spartanweaponry:iron_boomerang":8,"butcher:butchers_knife":2,"minecraft:cobblestone":5,"minecraft:stick":1,"minecraft:ink_sac":3,"minecraft:torch":32,"minecraft:melon_slice":16,"pamhc2crops:guaranaitem":9,"pamhc2crops:grapeitem":24,"pamhc2foodcore:fruitpunchitem":19,"born_in_chaos_v1:rotten_fish":1,"minecraft:chicken":1,"minecraft:clay_ball":4,"minecraft:iron_hoe":1,"travelersbackpack:magenta_sleeping_bag":1,"minecraft:filled_map":1,"minecraft:diamond_sword":2,"minecraft:oak_boat":1,"minecraft:oak_sapling":1,"pamhc2foodcore:juiceritem":2},"minecraft:picked_up":{"minecraft:birch_door":10,"minecraft:iron_chestplate":3,"minecraft:wheat":125,"minecraft:diamond_sword":4,"minecraft:enchanted_book":4,"butcher:cowcorpseitem":4,"minecraft:string":86,"minecraft:raw_copper":108,"minecraft:smooth_stone_slab":34,"minecraft:iron_leggings":3,"minecraft:experience_bottle":1,"minecraft:cobbled_deepslate":235,"minecraft:smooth_stone":2,"minecraft:spruce_planks":3,"pamhc2crops:beanitem":1,"minecraft:cobblestone_slab":4,"butcher:white_llama":1,"butcher:chicken_drained_corpse_item":7,"minecraft:iron_pickaxe":1,"butcher:salt":38,"minecraft:melon_slice":19,"minecraft:iron_boots":1,"minecraft:stick":16,"minecraft:torch":309,"minecraft:cherry_log":2,"minecraft:diorite":51,"minecraft:stone_sword":1,"minecraft:rotten_flesh":200,"create:ochrum":65,"minecraft:carved_pumpkin":1,"minecraft:cyan_terracotta":7,"butcher:chicken_corpse_item":4,"darkestsouls:titanite_fragment":3,"minecraft:obsidian":4,"minecraft:cod":1,"butcher:chickenfoot":8,"minecraft:snowball":70,"minecraft:cobblestone":1512,"minecraft:birch_log":8,"minecraft:leather_chestplate":1,"minecraft:feather":4,"minecraft:birch_slab":1,"minecraft:andesite":72,"pamhc2trees:bananaitem":1,"spartanweaponry:iron_battleaxe":1,"minecraft:potato":9,"minecraft:flint":1,"minecraft:tuff":42,"create:raw_zinc":17,"pamhc2foodcore:juiceritem":1,"pamhc2trees:cherryitem":7,"minecraft:dirt":463,"minecraft:purple_carpet":5,"butcher:cow_skin":8,"minecraft:bone":57,"butcher:raw_ribeye_steak":4,"pamhc2trees:tamarinditem":6,"minecraft:wheat_seeds":164,"butcher:raw_tbone_steak":4,"minecraft:raw_gold":1,"minecraft:grindstone":1,"minecraft:oak_planks":22,"butcher:cow_headf":7,"travelersbackpack:magenta_sleeping_bag":1,"minecraft:sand":32,"minecraft:ink_sac":3,"minecraft:dead_bush":1,"pamhc2trees:lycheeitem":12,"minecraft:mossy_cobblestone":32,"travelersbackpack:white_sleeping_bag":4,"minecraft:iron_hoe":1,"minecraft:polished_andesite":13,"minecraft:diamond":2,"minecraft:granite":8,"minecraft:bone_meal":13,"minecraft:golden_apple":1,"minecraft:bread":256,"minecraft:oak_sapling":7,"born_in_chaos_v1:rotten_fish":2,"minecraft:crafting_table":10,"pamhc2foodcore:mayonaiseitem":56,"minecraft:chicken":8,"minecraft:clay_ball":60,"pamhc2crops:grapeitem":24,"minecraft:shield":2,"butcher:raw_sirloin_steak":4,"minecraft:iron_axe":1,"minecraft:flint_and_steel":1,"minecraft:iron_shovel":1,"minecraft:beef":4,"minecraft:oak_boat":12,"pamhc2trees:cinnamonitem":2,"minecraft:iron_nugget":4,"minecraft:birch_sapling":1,"minecraft:sugar_cane":2,"mcdw:sword_claymore":2,"minecraft:egg":443,"minecraft:raw_iron":126,"darkestsouls:soul_fragment":4,"pamhc2trees:figitem":9,"butcher:bloodgrate":1,"minecraft:carrot":7,"minecraft:redstone":1,"minecraft:prismarine_crystals":3,"pamhc2foodcore:fruitpunchitem":10,"minecraft:arrow":32,"butcher:chicken_head":3,"minecraft:hay_block":71,"pamhc2crops:artichokeitem":4,"minecraft:gold_ingot":5,"minecraft:skeleton_skull":6,"minecraft:white_wool":6,"minecraft:stripped_oak_log":2,"butcher:butchers_knife":2,"minecraft:salmon":1,"minecraft:filled_map":1,"minecraft:oak_log":212,"pamhc2trees:lemonitem":94,"pamhc2crops:guaranaitem":9,"minecraft:gunpowder":4,"minecraft:cobblestone_stairs":1,"butcher:polarbear_corpse_item":3,"minecraft:apple":11,"minecraft:iron_ingot":39,"butcher:raw_chuck_steak":4,"minecraft:iron_sword":5,"minecraft:polished_andesite_stairs":3,"minecraft:sweet_berries":35,"born_in_chaos_v1:ethereal_spirit":1,"minecraft:dripstone_block":21,"minecraft:gravel":20,"butcher:raw_rump_steak":4,"born_in_chaos_v1:dark_rod":2,"minecraft:spruce_sapling":1,"minecraft:blast_furnace":1,"minecraft:white_bed":2,"minecraft:spruce_log":9,"butcher:cowhoof":16,"pamhc2trees:peachitem":18,"minecraft:spider_eye":3,"spartanweaponry:iron_battle_hammer":1,"minecraft:purple_bed":1,"minecraft:stone_axe":1,"minecraft:iron_helmet":3,"minecraft:mossy_cobblestone_stairs":2,"minecraft:melon_seeds":1,"pamhc2trees:coconutitem":8,"minecraft:coal":185,"butcher:chickenbeak":4},"minecraft:killed_by":{"minecraft:creeper":1,"minecraft:drowned":1,"minecraft:zombie":1,"minecraft:player":2,"born_in_chaos_v1:swarmer":1,"minecraft:skeleton":4},"minecraft:custom":{"minecraft:interact_with_crafting_table":90,"minecraft:bell_ring":12,"minecraft:leave_game":8,"minecraft:time_since_death":51624,"minecraft:sprint_one_cm":1505454,"minecraft:damage_blocked_by_shield":130,"minecraft:drop":87,"minecraft:talked_to_villager":14,"minecraft:play_time":780969,"minecraft:deaths":11,"minecraft:jump":15166,"minecraft:walk_on_water_one_cm":139428,"minecraft:interact_with_furnace":53,"minecraft:sleep_in_bed":40,"minecraft:waystone_activated":3,"minecraft:damage_dealt":41439,"minecraft:player_kills":1,"minecraft:crouch_one_cm":205765,"minecraft:mob_kills":217,"minecraft:climb_one_cm":12430,"minecraft:walk_one_cm":2280665,"minecraft:sneak_time":54607,"minecraft:walk_under_water_one_cm":202870,"minecraft:boat_one_cm":1703070,"minecraft:interact_with_blast_furnace":1,"minecraft:total_world_time":780969,"minecraft:interact_with_stonecutter":4,"minecraft:time_since_rest":28339,"minecraft:damage_taken":10080,"minecraft:swim_one_cm":374320,"minecraft:fly_one_cm":2568329,"minecraft:open_chest":345,"minecraft:fall_one_cm":298144},"minecraft:broken":{"minecraft:iron_shovel":1,"minecraft:stone_pickaxe":3,"minecraft:stone_axe":1,"minecraft:iron_pickaxe":4},"minecraft:killed":{"minecraft:cave_spider":2,"born_in_chaos_v1:zombie_lumberjack":1,"darkestsouls:ashen_blood_beast_patient":1,"minecraft:spider":8,"minecraft:skeleton":38,"realmrpg_demons:chort":2,"minecraft:pig":1,"minecraft:creeper":2,"minecraft:zombie":138,"born_in_chaos_v1:corpse_fly":1,"darkestsouls:hollow_axe":2,"born_in_chaos_v1:maggot":2,"minecraft:drowned":3,"born_in_chaos_v1:corpse_fish":2,"minecraft:snow_golem":3,"born_in_chaos_v1:barrel_zombie":1,"born_in_chaos_v1:dark_vortex":1}},"DataVersion":3465}