{"stats":{"minecraft:picked_up":{"minecraft:crafting_table":5,"minecraft:leather_chestplate":1,"minecraft:andesite":6,"pamhc2trees:bananaitem":1,"minecraft:tuff":1,"minecraft:oak_log":40,"minecraft:gunpowder":2,"minecraft:dirt":12,"minecraft:bone":2,"minecraft:apple":1,"pamhc2trees:tamarinditem":2,"minecraft:wheat_seeds":1,"minecraft:cobbled_deepslate":32,"minecraft:oak_planks":8,"minecraft:egg":1,"minecraft:stick":5,"minecraft:raw_iron":67,"pamhc2trees:figitem":2,"minecraft:torch":25,"pamhc2trees:lycheeitem":7,"minecraft:mossy_cobblestone":1,"minecraft:rotten_flesh":52,"minecraft:arrow":6,"create:ochrum":1,"minecraft:hay_block":71,"minecraft:granite":1,"minecraft:bread":256,"minecraft:oak_sapling":1,"minecraft:coal":130,"pamhc2trees:coconutitem":8,"minecraft:cobblestone":212},"minecraft:custom":{"minecraft:interact_with_furnace":1,"minecraft:mob_kills":53,"minecraft:interact_with_crafting_table":10,"minecraft:time_since_death":45314,"minecraft:sleep_in_bed":7,"minecraft:time_since_rest":38984,"minecraft:waystone_activated":1,"minecraft:sprint_one_cm":276417,"minecraft:damage_taken":3479,"minecraft:walk_one_cm":377547,"minecraft:drop":8,"minecraft:damage_dealt":9310,"minecraft:swim_one_cm":38281,"minecraft:fly_one_cm":516479,"minecraft:player_kills":1,"minecraft:open_chest":22,"minecraft:crouch_one_cm":66018,"minecraft:play_time":143497,"minecraft:deaths":5,"minecraft:sneak_time":17111,"minecraft:walk_under_water_one_cm":11371,"minecraft:jump":2905,"minecraft:walk_on_water_one_cm":12603,"minecraft:total_world_time":143497,"minecraft:fall_one_cm":70985},"minecraft:crafted":{"minecraft:wooden_sword":1,"minecraft:oak_planks":104,"minecraft:crafting_table":2,"minecraft:wooden_pickaxe":2,"minecraft:furnace":1,"minecraft:stone_axe":2,"minecraft:bread":213,"minecraft:stick":72,"minecraft:stone_pickaxe":4,"minecraft:wooden_axe":2,"minecraft:stone_sword":2,"minecraft:torch":188,"minecraft:wheat":639},"minecraft:dropped":{"minecraft:bread":353,"minecraft:oak_sapling":1},"minecraft:killed_by":{"minecraft:player":2,"minecraft:skeleton":2},"minecraft:broken":{"minecraft:stone_pickaxe":2},"minecraft:killed":{"minecraft:spider":1,"minecraft:creeper":1,"minecraft:skeleton":4,"minecraft:zombie":42},"minecraft:used":{"minecraft:stone_sword":102,"minecraft:stone_pickaxe":349,"minecraft:oak_planks":14,"minecraft:wooden_pickaxe":89,"minecraft:iron_sword":71,"minecraft:rotten_flesh":3,"pamhc2trees:coconutitem":5,"minecraft:torch":168,"create:ochrum":1,"minecraft:dirt":2,"minecraft:crafting_table":7,"minecraft:wooden_axe":26,"minecraft:apple":1,"pamhc2trees:lycheeitem":7,"minecraft:bread":38,"minecraft:stone_axe":26,"minecraft:wooden_sword":20,"minecraft:cobblestone":45,"minecraft:furnace":1,"minecraft:andesite":1,"pamhc2trees:figitem":2,"minecraft:egg":1,"minecraft:potato":2,"minecraft:cobbled_deepslate":2},"minecraft:mined":{"minecraft:tuff":1,"minecraft:mossy_cobblestone":1,"minecraft:crafting_table":5,"minecraft:torch":9,"minecraft:granite":1,"minecraft:grass_block":8,"create:ochrum":1,"minecraft:cobblestone":15,"minecraft:oak_planks":9,"minecraft:wall_torch":16,"minecraft:spawner":1,"minecraft:hay_block":71,"minecraft:iron_ore":48,"minecraft:birch_leaves":1,"minecraft:andesite":6,"minecraft:grass":12,"minecraft:oak_log":40,"minecraft:coal_ore":126,"minecraft:deepslate_iron_ore":19,"minecraft:dirt":4,"minecraft:stone":186,"minecraft:oak_leaves":4,"minecraft:deepslate":32}},"DataVersion":3465}