{"stats":{"minecraft:used":{"minecraft:stone_sword":102,"minecraft:iron_shovel":306,"minecraft:chest":3,"minecraft:shield":1,"minecraft:iron_sword":135,"pamhc2trees:coconutitem":8,"minecraft:rotten_flesh":4,"minecraft:torch":209,"create:ochrum":1,"minecraft:dirt":393,"minecraft:carrot":28,"minecraft:wooden_axe":26,"minecraft:cyan_terracotta":1,"pamhc2trees:lycheeitem":12,"minecraft:birch_sapling":1,"minecraft:iron_helmet":1,"minecraft:iron_boots":1,"minecraft:oak_sapling":1,"minecraft:furnace":3,"minecraft:skeleton_skull":4,"pamhc2trees:figitem":5,"minecraft:egg":2,"minecraft:potato":2,"minecraft:cobbled_deepslate":2,"minecraft:wheat_seeds":28,"pamhc2trees:cherryitem":3,"minecraft:stone_pickaxe":426,"minecraft:oak_planks":16,"pamhc2trees:lemon_sapling":2,"pamhc2foodcore:fruitpunchitem":1,"minecraft:wooden_pickaxe":103,"minecraft:cobblestone_slab":8,"minecraft:stonecutter":1,"minecraft:crafting_table":10,"minecraft:white_bed":1,"minecraft:apple":11,"minecraft:bread":38,"minecraft:iron_pickaxe":516,"minecraft:stone_axe":158,"minecraft:diamond_sword":105,"minecraft:wooden_sword":20,"minecraft:cobblestone":583,"minecraft:andesite":1,"minecraft:smooth_stone_slab":80,"minecraft:bone_meal":13,"storagedrawers:oak_half_drawers_4":4},"minecraft:killed_by":{"minecraft:player":2,"minecraft:skeleton":3},"minecraft:broken":{"minecraft:iron_shovel":1,"minecraft:stone_pickaxe":3,"minecraft:stone_axe":1,"minecraft:iron_pickaxe":2},"minecraft:dropped":{"minecraft:bread":353,"minecraft:oak_log":58,"minecraft:torch":32,"minecraft:rotten_flesh":1,"minecraft:iron_hoe":1,"minecraft:diamond_sword":1,"minecraft:oak_sapling":1},"minecraft:killed":{"minecraft:spider":2,"minecraft:skeleton":25,"minecraft:creeper":2,"minecraft:zombie":88},"minecraft:custom":{"minecraft:mob_kills":122,"minecraft:interact_with_crafting_table":36,"minecraft:bell_ring":11,"minecraft:leave_game":3,"minecraft:time_since_death":146094,"minecraft:climb_one_cm":2739,"minecraft:sprint_one_cm":546168,"minecraft:walk_one_cm":1061005,"minecraft:drop":14,"minecraft:talked_to_villager":10,"minecraft:play_time":311946,"minecraft:deaths":6,"minecraft:sneak_time":33600,"minecraft:walk_under_water_one_cm":15588,"minecraft:jump":5295,"minecraft:walk_on_water_one_cm":21704,"minecraft:total_world_time":311946,"minecraft:interact_with_furnace":26,"minecraft:interact_with_stonecutter":3,"minecraft:sleep_in_bed":19,"minecraft:time_since_rest":6859,"minecraft:waystone_activated":1,"minecraft:damage_taken":4387,"minecraft:damage_dealt":22027,"minecraft:swim_one_cm":40102,"minecraft:fly_one_cm":959098,"minecraft:player_kills":1,"minecraft:open_chest":110,"minecraft:crouch_one_cm":142134,"minecraft:fall_one_cm":109884},"minecraft:mined":{"minecraft:tuff":1,"minecraft:white_bed":1,"minecraft:mossy_cobblestone":22,"minecraft:jungle_leaves":1,"minecraft:granite":1,"minecraft:grass_block":358,"create:ochrum":1,"minecraft:spawner":8,"minecraft:hay_block":71,"minecraft:tall_seagrass":1,"minecraft:mossy_cobblestone_stairs":1,"minecraft:fire":1,"minecraft:iron_ore":48,"minecraft:andesite":7,"minecraft:cobblestone_slab":4,"minecraft:skeleton_wall_skull":1,"minecraft:dirt_path":4,"minecraft:deepslate_iron_ore":19,"minecraft:stone":219,"minecraft:cyan_terracotta":2,"minecraft:clay":13,"minecraft:crafting_table":6,"minecraft:torch":10,"minecraft:melon":1,"minecraft:polished_andesite_stairs":1,"minecraft:cobblestone":516,"minecraft:oak_planks":10,"minecraft:wall_torch":17,"minecraft:seagrass":2,"minecraft:skeleton_skull":3,"minecraft:wheat":28,"minecraft:birch_leaves":4,"minecraft:smooth_stone_slab":22,"minecraft:grass":19,"minecraft:oak_log":161,"minecraft:coal_ore":126,"minecraft:dirt":36,"minecraft:polished_andesite":8,"minecraft:oak_leaves":56,"minecraft:deepslate":32},"minecraft:picked_up":{"minecraft:crafting_table":8,"minecraft:iron_chestplate":3,"minecraft:wheat":28,"minecraft:clay_ball":44,"minecraft:diamond_sword":3,"minecraft:enchanted_book":4,"minecraft:shield":2,"minecraft:string":3,"minecraft:iron_axe":1,"minecraft:flint_and_steel":1,"minecraft:smooth_stone_slab":33,"minecraft:iron_leggings":3,"minecraft:iron_shovel":1,"minecraft:experience_bottle":1,"minecraft:cobbled_deepslate":32,"pamhc2trees:cinnamonitem":2,"minecraft:cobblestone_slab":4,"minecraft:iron_pickaxe":1,"minecraft:melon_slice":5,"minecraft:birch_sapling":1,"minecraft:egg":2,"minecraft:iron_boots":1,"minecraft:stick":16,"minecraft:raw_iron":67,"pamhc2trees:figitem":9,"minecraft:torch":108,"minecraft:carrot":7,"minecraft:stone_sword":1,"minecraft:arrow":31,"minecraft:rotten_flesh":136,"create:ochrum":1,"minecraft:hay_block":71,"minecraft:cyan_terracotta":2,"minecraft:gold_ingot":5,"minecraft:cobblestone":1155,"minecraft:skeleton_skull":6,"minecraft:leather_chestplate":1,"minecraft:andesite":7,"pamhc2trees:bananaitem":1,"minecraft:potato":9,"minecraft:tuff":1,"minecraft:oak_log":201,"pamhc2trees:lemonitem":20,"minecraft:gunpowder":2,"pamhc2trees:cherryitem":7,"minecraft:dirt":411,"minecraft:bone":51,"minecraft:apple":11,"pamhc2trees:tamarinditem":6,"minecraft:wheat_seeds":74,"minecraft:iron_ingot":39,"minecraft:oak_planks":22,"minecraft:iron_sword":5,"minecraft:polished_andesite_stairs":3,"pamhc2trees:lycheeitem":12,"minecraft:white_bed":1,"minecraft:dead_bush":1,"pamhc2trees:peachitem":12,"minecraft:mossy_cobblestone":28,"minecraft:iron_hoe":1,"minecraft:polished_andesite":11,"minecraft:diamond":2,"minecraft:stone_axe":1,"minecraft:iron_helmet":3,"minecraft:granite":3,"minecraft:bone_meal":13,"minecraft:golden_apple":1,"minecraft:mossy_cobblestone_stairs":1,"minecraft:bread":256,"minecraft:oak_sapling":6,"minecraft:coal":165,"minecraft:melon_seeds":1,"pamhc2trees:coconutitem":8},"minecraft:crafted":{"minecraft:wooden_sword":1,"minecraft:smooth_stone":44,"minecraft:oak_planks":164,"minecraft:furnace":3,"minecraft:stone":47,"minecraft:bone_meal":6,"minecraft:terracotta":8,"minecraft:iron_boots":1,"minecraft:stone_pickaxe":4,"minecraft:chest":7,"pamhc2foodcore:fruitpunchitem":1,"storagedrawers:oak_half_drawers_4":4,"minecraft:wheat":639,"pamhc2trees:lemon_sapling":2,"minecraft:oak_slab":12,"minecraft:crafting_table":3,"minecraft:wooden_pickaxe":2,"minecraft:iron_helmet":1,"minecraft:stone_axe":2,"minecraft:bread":213,"minecraft:air":0,"minecraft:shield":1,"minecraft:stick":80,"minecraft:iron_pickaxe":3,"minecraft:iron_ingot":32,"minecraft:wooden_axe":2,"minecraft:stone_sword":2,"pamhc2foodcore:juiceritem":1,"minecraft:iron_shovel":2,"minecraft:stonecutter":1,"minecraft:torch":188,"minecraft:clay":11}},"DataVersion":3465}