{"stats":{"minecraft:picked_up":{"minecraft:oak_log":3,"minecraft:oak_sapling":2,"minecraft:dirt":8,"minecraft:cobblestone":3},"minecraft:custom":{"minecraft:time_since_rest":3155,"minecraft:crouch_one_cm":442,"minecraft:play_time":3155,"minecraft:sprint_one_cm":12784,"minecraft:damage_taken":84,"minecraft:walk_one_cm":7934,"minecraft:sneak_time":223,"minecraft:jump":81,"minecraft:damage_dealt":327,"minecraft:time_since_death":3155,"minecraft:total_world_time":3155,"minecraft:player_kills":1,"minecraft:interact_with_crafting_table":2,"minecraft:fall_one_cm":2657,"minecraft:fly_one_cm":13803},"minecraft:crafted":{"minecraft:stone_sword":1,"minecraft:oak_planks":12,"minecraft:crafting_table":1,"minecraft:stick":4,"minecraft:wooden_pickaxe":1},"minecraft:used":{"minecraft:stone_sword":7,"minecraft:crafting_table":1,"minecraft:wooden_pickaxe":4},"minecraft:mined":{"minecraft:grass_block":3,"minecraft:oak_log":3,"minecraft:dirt":5,"minecraft:stone":3,"minecraft:oak_leaves":5}},"DataVersion":3465}