{"stats":{"minecraft:picked_up":{"minecraft:crafting_table":3,"minecraft:jungle_log":8,"minecraft:andesite":1,"minecraft:smithing_table":1,"minecraft:wooden_pickaxe":1,"minecraft:tuff":3,"create:raw_zinc":12,"minecraft:oak_log":3,"minecraft:yellow_bed":6,"minecraft:string":1,"minecraft:lapis_lazuli":35,"minecraft:dirt":22,"minecraft:glowstone_dust":3,"minecraft:sugar_cane":34,"minecraft:oak_planks":1,"minecraft:egg":1,"minecraft:raw_iron":21,"minecraft:smooth_basalt":15,"minecraft:jungle_door":1,"minecraft:torch":2,"minecraft:gravel":1,"minecraft:jungle_planks":12,"minecraft:porkchop":2,"minecraft:blast_furnace":2,"minecraft:white_bed":1,"minecraft:stone_sword":2,"minecraft:rotten_flesh":3,"waystones:waystone":1,"minecraft:iron_helmet":1,"minecraft:hay_block":3,"create:veridium":22,"minecraft:bread":16,"minecraft:oak_sapling":2,"minecraft:coal":48,"minecraft:rail":3,"minecraft:cobblestone":41},"minecraft:custom":{"minecraft:interact_with_smithing_table":1,"minecraft:mob_kills":8,"minecraft:interact_with_crafting_table":14,"minecraft:bell_ring":22,"minecraft:leave_game":3,"minecraft:time_since_death":71938,"minecraft:sleep_in_bed":3,"minecraft:climb_one_cm":424,"minecraft:time_since_rest":49428,"minecraft:sprint_one_cm":350288,"minecraft:damage_taken":1014,"minecraft:walk_one_cm":116343,"minecraft:damage_blocked_by_shield":90,"minecraft:drop":11,"minecraft:damage_dealt":1944,"minecraft:swim_one_cm":87401,"minecraft:talked_to_villager":1,"minecraft:fly_one_cm":385591,"minecraft:player_kills":1,"minecraft:open_chest":15,"minecraft:crouch_one_cm":3216,"minecraft:play_time":71938,"minecraft:sneak_time":1558,"minecraft:walk_under_water_one_cm":20881,"minecraft:jump":1496,"minecraft:interact_with_blast_furnace":8,"minecraft:walk_on_water_one_cm":17951,"minecraft:total_world_time":71938,"minecraft:fall_one_cm":37114,"minecraft:horse_one_cm":6315},"minecraft:crafted":{"minecraft:oak_planks":12,"minecraft:crafting_table":4,"minecraft:iron_helmet":1,"minecraft:wooden_pickaxe":1,"minecraft:iron_sword":1,"minecraft:bread":9,"minecraft:air":0,"minecraft:jungle_planks":32,"minecraft:flint_and_steel":1,"minecraft:jungle_door":3,"minecraft:iron_chestplate":1,"minecraft:shield":1,"minecraft:stick":16,"minecraft:iron_ingot":24,"minecraft:stone_pickaxe":1,"minecraft:stone_sword":1,"minecraft:iron_leggings":1,"minecraft:torch":28,"minecraft:wheat":27},"minecraft:dropped":{"minecraft:gravel":1,"minecraft:stone_sword":3,"minecraft:iron_helmet":1,"minecraft:jungle_planks":12,"minecraft:rail":3,"minecraft:wooden_pickaxe":1,"create:raw_zinc":9},"minecraft:broken":{"minecraft:wooden_pickaxe":1},"minecraft:killed":{"minecraft:cave_spider":2,"minecraft:pig":1,"minecraft:creeper":2,"minecraft:skeleton":1,"minecraft:zombie":1},"minecraft:used":{"minecraft:stone_sword":55,"minecraft:stone_pickaxe":65,"minecraft:oak_planks":1,"minecraft:shield":3,"minecraft:wooden_pickaxe":58,"minecraft:iron_sword":4,"minecraft:sugar_cane":2,"minecraft:rotten_flesh":3,"minecraft:torch":45,"minecraft:dirt":20,"minecraft:crafting_table":6,"minecraft:blast_furnace":1,"minecraft:white_bed":1,"minecraft:bread":23,"minecraft:iron_pickaxe":40,"minecraft:cobblestone":8,"minecraft:porkchop":2,"minecraft:jungle_door":3,"minecraft:yellow_bed":6,"minecraft:potato":8},"minecraft:mined":{"create:zinc_ore":3,"minecraft:smithing_table":1,"minecraft:tuff":3,"minecraft:white_bed":1,"minecraft:jungle_door":1,"minecraft:dandelion":1,"minecraft:crafting_table":3,"minecraft:torch":1,"pamhc2trees:pamtamarind":1,"minecraft:blast_furnace":2,"minecraft:grass_block":8,"minecraft:jungle_log":8,"minecraft:copper_ore":1,"minecraft:spruce_leaves":3,"minecraft:lapis_ore":5,"minecraft:sugar_cane":20,"minecraft:hay_block":3,"minecraft:glowstone":1,"pamhc2trees:pamcherry":1,"minecraft:iron_ore":21,"minecraft:andesite":1,"minecraft:yellow_bed":6,"minecraft:grass":2,"minecraft:coal_ore":46,"minecraft:oak_log":3,"pamhc2trees:pamrambutan":1,"minecraft:dirt_path":1,"minecraft:rail":1,"minecraft:gravel":1,"minecraft:dirt":13,"minecraft:cobweb":11,"minecraft:smooth_basalt":15,"minecraft:stone":33,"create:veridium":22,"minecraft:oak_leaves":11}},"DataVersion":3465}