{"stats":{"minecraft:picked_up":{"minecraft:crafting_table":1,"minecraft:andesite":1,"minecraft:jungle_log":8,"minecraft:wooden_pickaxe":1,"minecraft:tuff":3,"minecraft:oak_log":3,"minecraft:yellow_bed":6,"minecraft:dirt":19,"minecraft:sugar_cane":4,"minecraft:egg":1,"minecraft:raw_iron":2,"minecraft:smooth_basalt":15,"minecraft:jungle_door":1,"minecraft:porkchop":2,"minecraft:white_bed":1,"minecraft:stone_sword":1,"minecraft:rotten_flesh":3,"minecraft:hay_block":3,"create:veridium":22,"minecraft:bread":16,"minecraft:oak_sapling":2,"minecraft:coal":30,"minecraft:cobblestone":21},"minecraft:custom":{"minecraft:mob_kills":3,"minecraft:interact_with_crafting_table":6,"minecraft:bell_ring":22,"minecraft:leave_game":2,"minecraft:time_since_death":38264,"minecraft:sleep_in_bed":3,"minecraft:time_since_rest":15754,"minecraft:sprint_one_cm":132788,"minecraft:damage_taken":299,"minecraft:walk_one_cm":63234,"minecraft:drop":2,"minecraft:damage_dealt":864,"minecraft:swim_one_cm":50990,"minecraft:talked_to_villager":1,"minecraft:fly_one_cm":186188,"minecraft:player_kills":1,"minecraft:open_chest":4,"minecraft:crouch_one_cm":1757,"minecraft:play_time":38264,"minecraft:sneak_time":869,"minecraft:walk_under_water_one_cm":11314,"minecraft:jump":775,"minecraft:walk_on_water_one_cm":8500,"minecraft:total_world_time":38264,"minecraft:fall_one_cm":21896,"minecraft:horse_one_cm":6315},"minecraft:crafted":{"minecraft:oak_planks":12,"minecraft:crafting_table":3,"minecraft:wooden_pickaxe":1,"minecraft:jungle_planks":28,"minecraft:jungle_door":3,"minecraft:stick":12,"minecraft:stone_pickaxe":1,"minecraft:stone_sword":1,"minecraft:torch":20},"minecraft:dropped":{"minecraft:stone_sword":1,"minecraft:wooden_pickaxe":1},"minecraft:broken":{"minecraft:wooden_pickaxe":1},"minecraft:killed":{"minecraft:pig":1,"minecraft:skeleton":1},"minecraft:used":{"minecraft:stone_sword":26,"minecraft:stone_pickaxe":37,"minecraft:wooden_pickaxe":58,"minecraft:sugar_cane":2,"minecraft:rotten_flesh":3,"minecraft:torch":4,"minecraft:dirt":10,"minecraft:crafting_table":3,"minecraft:white_bed":1,"minecraft:bread":8,"minecraft:cobblestone":4,"minecraft:porkchop":2,"minecraft:jungle_door":3,"minecraft:yellow_bed":6,"minecraft:potato":8},"minecraft:mined":{"minecraft:tuff":3,"minecraft:white_bed":1,"minecraft:jungle_door":1,"minecraft:dandelion":1,"minecraft:crafting_table":1,"pamhc2trees:pamtamarind":1,"minecraft:grass_block":8,"minecraft:jungle_log":8,"minecraft:sugar_cane":4,"minecraft:hay_block":3,"minecraft:iron_ore":2,"minecraft:andesite":1,"minecraft:yellow_bed":6,"minecraft:grass":2,"minecraft:coal_ore":28,"minecraft:oak_log":3,"minecraft:dirt_path":1,"pamhc2trees:pamrambutan":1,"minecraft:dirt":10,"minecraft:smooth_basalt":15,"minecraft:stone":19,"create:veridium":22,"minecraft:oak_leaves":5}},"DataVersion":3465}