{"stats":{"minecraft:killed_by":{"minecraft:player":1},"minecraft:custom":{"minecraft:time_since_rest":2653,"minecraft:crouch_one_cm":270,"minecraft:play_time":7810,"minecraft:sprint_one_cm":28663,"minecraft:walk_one_cm":17380,"minecraft:damage_taken":471,"minecraft:deaths":2,"minecraft:sneak_time":100,"minecraft:walk_under_water_one_cm":1269,"minecraft:jump":122,"minecraft:damage_dealt":50,"minecraft:leave_game":1,"minecraft:time_since_death":2107,"minecraft:walk_on_water_one_cm":1643,"minecraft:total_world_time":7810,"minecraft:swim_one_cm":541,"minecraft:fall_one_cm":2084,"minecraft:fly_one_cm":25246},"minecraft:mined":{"minecraft:sand":5,"minecraft:dirt":1,"minecraft:spruce_leaves":9,"minecraft:spruce_log":5},"minecraft:picked_up":{"minecraft:sand":3,"minecraft:poppy":5,"minecraft:spruce_log":5,"minecraft:dirt":1,"minecraft:egg":5},"minecraft:used":{"minecraft:sand":2,"minecraft:egg":4}},"DataVersion":3953}