{"stats":{"minecraft:picked_up":{"minecraft:crafting_table":5,"minecraft:wheat":2,"minecraft:jungle_log":8,"minecraft:andesite":1,"minecraft:smithing_table":2,"minecraft:wooden_pickaxe":1,"minecraft:tuff":3,"create:raw_zinc":28,"minecraft:oak_log":3,"minecraft:yellow_bed":6,"minecraft:string":3,"minecraft:lapis_lazuli":106,"minecraft:dirt":22,"minecraft:bone":4,"minecraft:cracked_stone_bricks":1,"minecraft:bucket":1,"minecraft:iron_ingot":8,"minecraft:mossy_stone_bricks":1,"minecraft:glowstone_dust":3,"minecraft:sugar_cane":34,"minecraft:oak_planks":1,"minecraft:egg":1,"minecraft:raw_iron":29,"minecraft:smooth_basalt":15,"minecraft:jungle_door":1,"minecraft:jukebox":1,"minecraft:music_disc_13":1,"minecraft:torch":20,"minecraft:gravel":19,"minecraft:jungle_planks":12,"minecraft:porkchop":2,"minecraft:blast_furnace":3,"minecraft:white_bed":1,"minecraft:stone_sword":2,"minecraft:arrow":5,"minecraft:rotten_flesh":3,"waystones:waystone":1,"minecraft:iron_helmet":1,"minecraft:hay_block":3,"create:asurine":2,"minecraft:black_banner":2,"create:veridium":22,"minecraft:bread":16,"minecraft:oak_sapling":2,"minecraft:coal":127,"minecraft:rail":3,"minecraft:cobblestone":220},"minecraft:custom":{"minecraft:interact_with_smithing_table":1,"minecraft:mob_kills":13,"minecraft:play_record":1,"minecraft:interact_with_crafting_table":17,"minecraft:bell_ring":22,"minecraft:leave_game":3,"minecraft:time_since_death":101938,"minecraft:sleep_in_bed":3,"minecraft:climb_one_cm":424,"minecraft:time_since_rest":79428,"minecraft:sprint_one_cm":429445,"minecraft:damage_taken":1494,"minecraft:walk_one_cm":179860,"minecraft:damage_blocked_by_shield":1125,"minecraft:drop":24,"minecraft:damage_dealt":2754,"minecraft:swim_one_cm":101666,"minecraft:talked_to_villager":1,"minecraft:fly_one_cm":458622,"minecraft:player_kills":1,"minecraft:open_chest":23,"minecraft:crouch_one_cm":3669,"minecraft:play_time":101938,"minecraft:sneak_time":1773,"minecraft:walk_under_water_one_cm":21141,"minecraft:jump":1939,"minecraft:interact_with_blast_furnace":9,"minecraft:walk_on_water_one_cm":20260,"minecraft:total_world_time":101938,"minecraft:fall_one_cm":44231,"minecraft:horse_one_cm":6315},"minecraft:crafted":{"minecraft:oak_planks":12,"minecraft:crafting_table":4,"minecraft:iron_helmet":1,"minecraft:wooden_pickaxe":1,"minecraft:iron_sword":1,"minecraft:bread":11,"minecraft:air":0,"minecraft:jungle_planks":32,"minecraft:flint_and_steel":1,"minecraft:jungle_door":3,"minecraft:iron_chestplate":1,"minecraft:shield":1,"minecraft:stick":24,"minecraft:iron_ingot":24,"minecraft:iron_pickaxe":2,"minecraft:stone_pickaxe":1,"minecraft:stone_sword":1,"minecraft:iron_leggings":1,"minecraft:torch":40,"minecraft:wheat":27},"minecraft:dropped":{"minecraft:gravel":19,"minecraft:stone_sword":3,"minecraft:smithing_table":1,"minecraft:wheat":4,"minecraft:iron_helmet":1,"minecraft:cobblestone":5,"minecraft:glowstone_dust":3,"minecraft:jungle_planks":12,"create:asurine":2,"minecraft:rail":3,"minecraft:dirt":2,"create:veridium":22,"minecraft:wooden_pickaxe":1,"minecraft:bucket":2,"create:raw_zinc":9,"minecraft:smooth_basalt":15},"minecraft:broken":{"minecraft:iron_pickaxe":2,"minecraft:wooden_pickaxe":1},"minecraft:killed":{"minecraft:cave_spider":3,"minecraft:pig":1,"minecraft:spider":1,"minecraft:creeper":2,"minecraft:skeleton":4,"minecraft:zombie":1},"minecraft:used":{"minecraft:stone_sword":55,"minecraft:stone_pickaxe":65,"minecraft:oak_planks":1,"minecraft:shield":26,"minecraft:wooden_pickaxe":58,"minecraft:iron_sword":24,"minecraft:sugar_cane":2,"minecraft:rotten_flesh":3,"minecraft:torch":100,"minecraft:dirt":20,"minecraft:crafting_table":8,"minecraft:black_banner":1,"minecraft:blast_furnace":2,"minecraft:white_bed":1,"minecraft:music_disc_13":1,"minecraft:bread":37,"minecraft:iron_pickaxe":502,"minecraft:cobblestone":18,"minecraft:porkchop":2,"minecraft:jungle_door":3,"minecraft:yellow_bed":6,"minecraft:potato":8},"minecraft:mined":{"create:zinc_ore":19,"minecraft:smithing_table":1,"minecraft:tuff":3,"minecraft:white_bed":1,"minecraft:jungle_door":1,"minecraft:dandelion":1,"minecraft:crafting_table":5,"minecraft:torch":12,"pamhc2trees:pamtamarind":1,"minecraft:blast_furnace":3,"minecraft:grass_block":11,"minecraft:jungle_log":8,"minecraft:copper_ore":6,"minecraft:cobblestone":10,"minecraft:spruce_leaves":3,"minecraft:lapis_ore":18,"minecraft:sugar_cane":20,"minecraft:diorite":11,"minecraft:wall_torch":4,"minecraft:hay_block":3,"minecraft:glowstone":1,"pamhc2trees:pamcherry":1,"minecraft:iron_ore":30,"minecraft:black_wall_banner":1,"minecraft:jukebox":1,"minecraft:andesite":21,"minecraft:stone_brick_stairs":1,"minecraft:yellow_bed":6,"create:asurine":2,"minecraft:grass":5,"minecraft:coal_ore":63,"minecraft:oak_log":3,"pamhc2trees:pamrambutan":1,"minecraft:dirt_path":1,"minecraft:rail":1,"minecraft:gravel":6,"minecraft:dirt":19,"minecraft:cobweb":14,"minecraft:cracked_stone_bricks":1,"minecraft:smooth_basalt":15,"minecraft:stone_bricks":1,"minecraft:stone":374,"create:veridium":22,"minecraft:mossy_stone_bricks":2,"minecraft:oak_leaves":11}},"DataVersion":3465}