{"stats":{"minecraft:picked_up":{"minecraft:iron_chestplate":1,"minecraft:crafting_table":10,"minecraft:wheat":2,"minecraft:suspicious_stew":1,"minecraft:smithing_table":3,"minecraft:wooden_pickaxe":1,"minecraft:enchanted_book":2,"minecraft:diamond_horse_armor":1,"minecraft:shield":1,"minecraft:golden_sword":1,"minecraft:string":3,"minecraft:smooth_stone_slab":2,"minecraft:flint_and_steel":1,"minecraft:iron_leggings":1,"minecraft:iron_shovel":2,"minecraft:cracked_stone_bricks":1,"minecraft:bucket":1,"minecraft:iron_pickaxe":1,"minecraft:enchanted_golden_apple":1,"minecraft:sugar_cane":85,"minecraft:chest":2,"minecraft:egg":1,"minecraft:stick":8,"minecraft:raw_iron":29,"minecraft:jungle_door":1,"minecraft:jukebox":2,"minecraft:torch":30,"minecraft:porkchop":2,"minecraft:stone_sword":2,"minecraft:arrow":9,"minecraft:rotten_flesh":38,"minecraft:beetroot_seeds":2,"minecraft:hay_block":3,"create:asurine":2,"create:veridium":22,"minecraft:black_banner":3,"minecraft:cobblestone":424,"minecraft:rail":3,"minecraft:andesite":1,"minecraft:jungle_log":9,"minecraft:red_mushroom":1,"minecraft:potato":15,"minecraft:filled_map":2,"minecraft:oak_log":12,"minecraft:tuff":3,"create:raw_zinc":47,"minecraft:golden_boots":1,"minecraft:yellow_bed":6,"minecraft:paper":41,"minecraft:dirt":47,"minecraft:lapis_lazuli":234,"minecraft:name_tag":3,"minecraft:coast_armor_trim_smithing_template":2,"minecraft:bone":25,"pamhc2trees:tamarinditem":2,"minecraft:wheat_seeds":4,"minecraft:iron_ingot":20,"minecraft:mossy_stone_bricks":1,"minecraft:glowstone_dust":3,"minecraft:iron_sword":2,"minecraft:oak_planks":1,"minecraft:polished_andesite_stairs":10,"minecraft:smooth_basalt":15,"minecraft:pumpkin":2,"minecraft:music_disc_13":2,"minecraft:gravel":19,"minecraft:sand":2,"minecraft:jungle_planks":12,"minecraft:blast_furnace":4,"minecraft:white_bed":1,"minecraft:dead_bush":1,"minecraft:polished_andesite":2,"waystones:waystone":1,"minecraft:iron_helmet":2,"minecraft:golden_apple":1,"minecraft:bread":16,"minecraft:oak_sapling":7,"minecraft:coal":186},"minecraft:custom":{"minecraft:interact_with_smithing_table":1,"minecraft:mob_kills":46,"minecraft:interact_with_crafting_table":22,"minecraft:bell_ring":22,"minecraft:leave_game":3,"minecraft:time_since_death":29569,"minecraft:climb_one_cm":424,"minecraft:sprint_one_cm":715396,"minecraft:walk_one_cm":306600,"minecraft:damage_blocked_by_shield":2160,"minecraft:drop":31,"minecraft:talked_to_villager":1,"minecraft:play_time":149938,"minecraft:deaths":1,"minecraft:sneak_time":3756,"minecraft:walk_under_water_one_cm":21980,"minecraft:jump":3150,"minecraft:interact_with_blast_furnace":9,"minecraft:walk_on_water_one_cm":24188,"minecraft:total_world_time":149938,"minecraft:play_record":1,"minecraft:sleep_in_bed":3,"minecraft:time_since_rest":29612,"minecraft:damage_taken":2910,"minecraft:damage_absorbed":40,"minecraft:damage_dealt":8507,"minecraft:player_kills":1,"minecraft:swim_one_cm":111559,"minecraft:fly_one_cm":773208,"minecraft:open_chest":39,"minecraft:crouch_one_cm":7498,"minecraft:fall_one_cm":70539,"minecraft:horse_one_cm":6315},"minecraft:crafted":{"minecraft:oak_planks":48,"minecraft:flint_and_steel":1,"minecraft:iron_boots":1,"minecraft:stone_pickaxe":1,"minecraft:chest":1,"minecraft:wheat":27,"minecraft:crafting_table":4,"minecraft:wooden_pickaxe":1,"minecraft:iron_helmet":1,"minecraft:iron_sword":1,"minecraft:bread":11,"minecraft:air":0,"minecraft:jungle_planks":36,"minecraft:jungle_door":3,"minecraft:iron_chestplate":1,"minecraft:shield":2,"minecraft:stick":48,"minecraft:iron_ingot":24,"minecraft:iron_pickaxe":2,"minecraft:stone_sword":1,"minecraft:iron_leggings":1,"minecraft:torch":152},"minecraft:dropped":{"minecraft:iron_sword":1,"minecraft:wheat_seeds":2,"minecraft:smithing_table":1,"minecraft:iron_helmet":1,"minecraft:cobblestone":5,"minecraft:jungle_planks":12,"minecraft:rail":3,"minecraft:dirt":2,"minecraft:torch":1,"minecraft:polished_andesite_stairs":5,"pamhc2trees:tamarinditem":2,"minecraft:bucket":2,"create:raw_zinc":9,"minecraft:smooth_basalt":15,"minecraft:gravel":19,"minecraft:stone_sword":3,"minecraft:smooth_stone_slab":2,"minecraft:wheat":4,"minecraft:glowstone_dust":3,"create:asurine":2,"create:veridium":22,"minecraft:arrow":2,"minecraft:wooden_pickaxe":1},"minecraft:broken":{"minecraft:wooden_pickaxe":1,"minecraft:shield":1,"minecraft:iron_pickaxe":2},"minecraft:killed_by":{"minecraft:creeper":1},"minecraft:killed":{"minecraft:cave_spider":3,"minecraft:spider":1,"minecraft:skeleton":6,"minecraft:pig":1,"minecraft:creeper":2,"minecraft:zombie":30},"minecraft:used":{"minecraft:stone_sword":55,"minecraft:chest":3,"minecraft:shield":58,"minecraft:iron_sword":137,"minecraft:rotten_flesh":21,"minecraft:torch":121,"minecraft:dirt":44,"minecraft:carrot":5,"minecraft:music_disc_13":1,"minecraft:golden_sword":1,"minecraft:potato":37,"minecraft:pumpkin":2,"minecraft:stone_pickaxe":65,"minecraft:oak_planks":1,"minecraft:wooden_pickaxe":58,"minecraft:sugar_cane":55,"minecraft:golden_apple":1,"minecraft:crafting_table":12,"minecraft:blast_furnace":2,"minecraft:black_banner":1,"minecraft:white_bed":1,"minecraft:apple":16,"minecraft:bread":39,"minecraft:iron_pickaxe":523,"minecraft:stone_axe":14,"minecraft:cobblestone":81,"minecraft:porkchop":2,"minecraft:jungle_door":3,"minecraft:yellow_bed":6},"minecraft:mined":{"create:zinc_ore":19,"minecraft:tuff":3,"minecraft:white_bed":1,"minecraft:grass_block":12,"minecraft:jungle_log":8,"minecraft:spruce_leaves":4,"minecraft:hay_block":3,"minecraft:glowstone":1,"minecraft:iron_ore":30,"pamhc2trees:pamcherry":1,"minecraft:andesite":21,"minecraft:pumpkin":2,"create:asurine":2,"minecraft:dirt_path":1,"pamhc2trees:pamrambutan":1,"minecraft:rail":1,"minecraft:stone":374,"create:veridium":22,"minecraft:smithing_table":1,"minecraft:jungle_door":1,"minecraft:dandelion":1,"minecraft:crafting_table":9,"minecraft:torch":12,"pamhc2trees:pamtamarind":1,"minecraft:blast_furnace":3,"minecraft:polished_andesite_stairs":5,"minecraft:chest":2,"minecraft:copper_ore":6,"minecraft:cobblestone":22,"minecraft:lapis_ore":18,"minecraft:sugar_cane":36,"minecraft:diorite":11,"minecraft:wall_torch":5,"minecraft:black_wall_banner":1,"minecraft:jukebox":1,"minecraft:yellow_bed":6,"minecraft:stone_brick_stairs":1,"minecraft:smooth_stone_slab":2,"minecraft:grass":17,"minecraft:oak_log":12,"minecraft:coal_ore":63,"minecraft:gravel":6,"minecraft:dirt":23,"minecraft:cobweb":14,"minecraft:smooth_basalt":15,"minecraft:cracked_stone_bricks":1,"minecraft:polished_andesite":2,"minecraft:stone_bricks":1,"minecraft:mossy_stone_bricks":2,"minecraft:oak_leaves":16}},"DataVersion":3465}