{"stats":{"minecraft:picked_up":{"minecraft:crafting_table":1,"minecraft:andesite":1,"minecraft:jungle_log":8,"minecraft:smithing_table":1,"minecraft:wooden_pickaxe":1,"minecraft:tuff":3,"minecraft:oak_log":3,"minecraft:yellow_bed":6,"minecraft:dirt":20,"minecraft:glowstone_dust":3,"minecraft:sugar_cane":34,"minecraft:egg":1,"minecraft:raw_iron":2,"minecraft:smooth_basalt":15,"minecraft:jungle_door":1,"minecraft:porkchop":2,"minecraft:blast_furnace":1,"minecraft:white_bed":1,"minecraft:stone_sword":1,"minecraft:rotten_flesh":3,"waystones:waystone":1,"minecraft:hay_block":3,"create:veridium":22,"minecraft:bread":16,"minecraft:oak_sapling":2,"minecraft:coal":30,"minecraft:cobblestone":21},"minecraft:custom":{"minecraft:interact_with_smithing_table":1,"minecraft:mob_kills":3,"minecraft:interact_with_crafting_table":6,"minecraft:bell_ring":22,"minecraft:leave_game":3,"minecraft:time_since_death":51786,"minecraft:sleep_in_bed":3,"minecraft:climb_one_cm":424,"minecraft:time_since_rest":29276,"minecraft:sprint_one_cm":245323,"minecraft:damage_taken":439,"minecraft:walk_one_cm":77374,"minecraft:drop":2,"minecraft:damage_dealt":864,"minecraft:swim_one_cm":74724,"minecraft:talked_to_villager":1,"minecraft:fly_one_cm":304674,"minecraft:player_kills":1,"minecraft:open_chest":7,"minecraft:crouch_one_cm":1757,"minecraft:play_time":51786,"minecraft:sneak_time":889,"minecraft:walk_under_water_one_cm":13282,"minecraft:jump":1205,"minecraft:walk_on_water_one_cm":11138,"minecraft:total_world_time":51786,"minecraft:fall_one_cm":31978,"minecraft:horse_one_cm":6315},"minecraft:crafted":{"minecraft:oak_planks":12,"minecraft:crafting_table":3,"minecraft:wooden_pickaxe":1,"minecraft:jungle_planks":32,"minecraft:jungle_door":3,"minecraft:stick":12,"minecraft:stone_pickaxe":1,"minecraft:stone_sword":1,"minecraft:torch":20},"minecraft:dropped":{"minecraft:stone_sword":1,"minecraft:wooden_pickaxe":1},"minecraft:broken":{"minecraft:wooden_pickaxe":1},"minecraft:killed":{"minecraft:pig":1,"minecraft:skeleton":1},"minecraft:used":{"minecraft:stone_sword":26,"minecraft:stone_pickaxe":43,"minecraft:wooden_pickaxe":58,"minecraft:sugar_cane":2,"minecraft:rotten_flesh":3,"minecraft:torch":4,"minecraft:dirt":11,"minecraft:crafting_table":3,"minecraft:white_bed":1,"minecraft:bread":13,"minecraft:cobblestone":4,"minecraft:porkchop":2,"minecraft:jungle_door":3,"minecraft:yellow_bed":6,"minecraft:potato":8},"minecraft:mined":{"minecraft:smithing_table":1,"minecraft:tuff":3,"minecraft:white_bed":1,"minecraft:jungle_door":1,"minecraft:dandelion":1,"minecraft:crafting_table":1,"pamhc2trees:pamtamarind":1,"minecraft:blast_furnace":1,"minecraft:grass_block":8,"minecraft:jungle_log":8,"minecraft:spruce_leaves":3,"minecraft:sugar_cane":20,"minecraft:hay_block":3,"minecraft:glowstone":1,"pamhc2trees:pamcherry":1,"minecraft:iron_ore":2,"minecraft:andesite":1,"minecraft:yellow_bed":6,"minecraft:grass":2,"minecraft:coal_ore":28,"minecraft:oak_log":3,"minecraft:dirt_path":1,"pamhc2trees:pamrambutan":1,"minecraft:dirt":11,"minecraft:smooth_basalt":15,"minecraft:stone":19,"create:veridium":22,"minecraft:oak_leaves":11}},"DataVersion":3465}