{"stats":{"minecraft:picked_up":{"minecraft:smooth_basalt":15,"minecraft:andesite":1,"minecraft:wooden_pickaxe":1,"minecraft:tuff":3,"minecraft:oak_log":3,"minecraft:white_bed":1,"minecraft:yellow_bed":2,"minecraft:dirt":12,"minecraft:stone_sword":1,"minecraft:rotten_flesh":3,"create:veridium":22,"minecraft:oak_sapling":2,"minecraft:sugar_cane":2,"minecraft:cobblestone":6},"minecraft:custom":{"minecraft:time_since_rest":7211,"minecraft:sprint_one_cm":72835,"minecraft:damage_taken":289,"minecraft:walk_one_cm":32523,"minecraft:mob_kills":2,"minecraft:drop":2,"minecraft:damage_dealt":714,"minecraft:interact_with_crafting_table":3,"minecraft:swim_one_cm":4140,"minecraft:fly_one_cm":103784,"minecraft:player_kills":1,"minecraft:open_chest":1,"minecraft:crouch_one_cm":883,"minecraft:play_time":15155,"minecraft:bell_ring":22,"minecraft:sneak_time":402,"minecraft:walk_under_water_one_cm":176,"minecraft:jump":390,"minecraft:time_since_death":15155,"minecraft:walk_on_water_one_cm":1273,"minecraft:sleep_in_bed":2,"minecraft:total_world_time":15155,"minecraft:fall_one_cm":12373},"minecraft:crafted":{"minecraft:oak_planks":12,"minecraft:crafting_table":1,"minecraft:stick":8,"minecraft:wooden_pickaxe":1,"minecraft:stone_sword":1},"minecraft:dropped":{"minecraft:stone_sword":1,"minecraft:wooden_pickaxe":1},"minecraft:used":{"minecraft:stone_sword":19,"minecraft:bread":3,"minecraft:wooden_pickaxe":52,"minecraft:sugar_cane":2,"minecraft:rotten_flesh":2,"minecraft:dirt":3,"minecraft:crafting_table":1,"minecraft:white_bed":1,"minecraft:yellow_bed":2},"minecraft:killed":{"minecraft:skeleton":1},"minecraft:mined":{"minecraft:tuff":3,"minecraft:white_bed":1,"minecraft:andesite":1,"minecraft:yellow_bed":2,"pamhc2trees:pamtamarind":1,"minecraft:grass":1,"minecraft:grass_block":5,"minecraft:oak_log":3,"pamhc2trees:pamrambutan":1,"minecraft:dirt":7,"minecraft:smooth_basalt":15,"minecraft:stone":7,"create:veridium":22,"minecraft:sugar_cane":2,"minecraft:oak_leaves":5}},"DataVersion":3465}