{"stats":{"minecraft:broken":{"minecraft:wooden_pickaxe":1,"minecraft:shield":1,"minecraft:iron_pickaxe":2},"minecraft:picked_up":{"minecraft:crafting_table":11,"minecraft:iron_chestplate":2,"minecraft:coarse_dirt":5,"minecraft:wheat":2,"minecraft:flower_pot":1,"minecraft:suspicious_stew":1,"minecraft:smithing_table":3,"minecraft:diamond_sword":1,"minecraft:wooden_pickaxe":3,"minecraft:enchanted_book":22,"minecraft:diamond_horse_armor":1,"minecraft:shield":1,"minecraft:golden_sword":1,"minecraft:string":19,"minecraft:smooth_stone_slab":2,"minecraft:flint_and_steel":1,"minecraft:iron_leggings":2,"minecraft:iron_shovel":4,"minecraft:experience_bottle":1,"minecraft:cracked_stone_bricks":1,"minecraft:cobbled_deepslate":5,"minecraft:bucket":1,"minecraft:beef":4,"minecraft:oak_boat":2,"minecraft:light_gray_wool":2,"minecraft:iron_pickaxe":3,"minecraft:melon_slice":16,"minecraft:enchanted_golden_apple":1,"minecraft:sugar_cane":85,"minecraft:chest":6,"minecraft:iron_boots":3,"minecraft:egg":1,"minecraft:stick":8,"minecraft:raw_iron":34,"minecraft:jungle_door":1,"minecraft:jukebox":2,"minecraft:torch":65,"minecraft:porkchop":2,"pamhc2foodcore:fruitpunchitem":6,"minecraft:stone_sword":2,"minecraft:arrow":9,"minecraft:rotten_flesh":62,"minecraft:beetroot_seeds":4,"create:ochrum":4,"minecraft:hay_block":3,"create:asurine":2,"minecraft:cyan_terracotta":4,"travelersbackpack:gray_sleeping_bag":1,"create:veridium":22,"minecraft:black_banner":3,"minecraft:saddle":1,"minecraft:gold_ingot":11,"minecraft:mutton":3,"minecraft:white_wool":1,"minecraft:rail":3,"minecraft:cobblestone":612,"minecraft:stripped_oak_log":7,"minecraft:andesite":21,"minecraft:jungle_log":9,"minecraft:leather":4,"minecraft:red_mushroom":3,"minecraft:potato":16,"minecraft:filled_map":2,"minecraft:oak_log":21,"minecraft:tuff":9,"create:raw_zinc":47,"minecraft:golden_boots":3,"minecraft:yellow_bed":8,"minecraft:paper":41,"minecraft:lapis_lazuli":234,"minecraft:dirt":54,"minecraft:name_tag":5,"minecraft:coast_armor_trim_smithing_template":2,"minecraft:bone":27,"pamhc2trees:tamarinditem":2,"minecraft:wheat_seeds":4,"minecraft:iron_ingot":20,"minecraft:mossy_stone_bricks":1,"minecraft:glowstone_dust":3,"minecraft:iron_sword":2,"minecraft:oak_planks":2,"minecraft:polished_andesite_stairs":21,"minecraft:smooth_basalt":15,"minecraft:pumpkin":4,"minecraft:music_disc_13":2,"minecraft:gravel":19,"minecraft:sand":14,"minecraft:jungle_planks":12,"minecraft:blast_furnace":6,"minecraft:white_bed":2,"minecraft:dead_bush":2,"minecraft:spider_eye":1,"minecraft:mossy_cobblestone":7,"travelersbackpack:white_sleeping_bag":2,"minecraft:polished_andesite":6,"minecraft:diamond_shovel":2,"waystones:waystone":1,"minecraft:iron_helmet":3,"minecraft:granite":38,"minecraft:bone_meal":6,"minecraft:golden_apple":1,"minecraft:bread":16,"minecraft:oak_sapling":12,"minecraft:coal":186},"minecraft:custom":{"minecraft:interact_with_smithing_table":1,"minecraft:mob_kills":74,"minecraft:interact_with_crafting_table":36,"minecraft:bell_ring":22,"minecraft:leave_game":4,"minecraft:time_since_death":6955,"minecraft:climb_one_cm":424,"minecraft:sprint_one_cm":1136379,"minecraft:walk_one_cm":549451,"minecraft:damage_blocked_by_shield":2520,"minecraft:drop":82,"minecraft:talked_to_villager":2,"minecraft:play_time":280496,"minecraft:sneak_time":6363,"minecraft:deaths":3,"minecraft:walk_under_water_one_cm":28886,"minecraft:boat_one_cm":220617,"minecraft:jump":4131,"minecraft:interact_with_blast_furnace":9,"minecraft:walk_on_water_one_cm":50417,"minecraft:total_world_time":280496,"minecraft:interact_with_furnace":13,"minecraft:play_record":1,"minecraft:sleep_in_bed":5,"minecraft:time_since_rest":7018,"minecraft:damage_taken":4101,"minecraft:damage_absorbed":40,"minecraft:damage_dealt":12890,"minecraft:player_kills":1,"minecraft:swim_one_cm":139903,"minecraft:fly_one_cm":985395,"minecraft:open_chest":128,"minecraft:crouch_one_cm":13752,"minecraft:fall_one_cm":92664,"minecraft:horse_one_cm":222888},"minecraft:killed":{"minecraft:cave_spider":3,"minecraft:spider":5,"minecraft:skeleton":6,"minecraft:pig":1,"minecraft:creeper":2,"minecraft:sheep":2,"minecraft:zombie":49,"minecraft:cow":3},"minecraft:crafted":{"minecraft:oak_planks":152,"minecraft:oak_sign":3,"minecraft:furnace":1,"minecraft:flint_and_steel":1,"minecraft:glass":12,"travelersbackpack:white_sleeping_bag":1,"minecraft:iron_boots":1,"travelersbackpack:light_gray_sleeping_bag":1,"minecraft:stone_pickaxe":1,"minecraft:chest":4,"minecraft:wheat":27,"minecraft:crafting_table":6,"travelersbackpack:standard":1,"travelersbackpack:backpack_tank":2,"minecraft:wooden_pickaxe":1,"minecraft:iron_helmet":1,"minecraft:iron_sword":1,"minecraft:jungle_planks":36,"minecraft:bread":11,"minecraft:air":0,"minecraft:oak_boat":2,"minecraft:jungle_door":3,"minecraft:white_wool":4,"minecraft:iron_chestplate":1,"minecraft:shield":2,"minecraft:stick":52,"minecraft:iron_ingot":24,"minecraft:iron_pickaxe":2,"minecraft:stone_sword":1,"minecraft:iron_leggings":1,"minecraft:torch":152},"minecraft:used":{"minecraft:stone_sword":55,"minecraft:oak_sign":1,"minecraft:chest":9,"minecraft:shield":66,"minecraft:iron_sword":196,"minecraft:rotten_flesh":76,"minecraft:torch":213,"minecraft:mutton":3,"minecraft:dirt":46,"minecraft:carrot":5,"minecraft:music_disc_13":1,"minecraft:granite":1,"minecraft:golden_sword":2,"minecraft:beef":4,"minecraft:potato":37,"minecraft:pumpkin":3,"minecraft:iron_leggings":1,"minecraft:stone_pickaxe":65,"minecraft:polished_andesite":10,"minecraft:oak_planks":4,"minecraft:wooden_pickaxe":58,"minecraft:sugar_cane":55,"minecraft:golden_apple":1,"minecraft:crafting_table":14,"minecraft:blast_furnace":2,"minecraft:black_banner":2,"minecraft:white_bed":2,"minecraft:apple":17,"travelersbackpack:white_sleeping_bag":1,"minecraft:melon_slice":2,"minecraft:bread":39,"minecraft:iron_pickaxe":748,"minecraft:stone_axe":14,"minecraft:diamond_sword":33,"minecraft:cobblestone":232,"minecraft:andesite":4,"minecraft:porkchop":2,"minecraft:jungle_door":3,"minecraft:yellow_bed":8,"minecraft:oak_boat":3},"minecraft:dropped":{"minecraft:enchanted_book":10,"minecraft:golden_boots":1,"minecraft:iron_sword":1,"minecraft:wheat_seeds":2,"minecraft:smithing_table":1,"minecraft:iron_helmet":2,"minecraft:cobblestone":5,"minecraft:granite":30,"minecraft:jungle_planks":12,"minecraft:rail":3,"minecraft:polished_andesite":2,"minecraft:dirt":3,"minecraft:torch":1,"minecraft:iron_leggings":1,"minecraft:polished_andesite_stairs":5,"pamhc2trees:tamarinditem":2,"minecraft:iron_pickaxe":1,"minecraft:iron_shovel":1,"minecraft:bucket":2,"create:raw_zinc":9,"minecraft:gold_ingot":5,"minecraft:smooth_basalt":15,"minecraft:gravel":19,"minecraft:coarse_dirt":4,"minecraft:stone_sword":3,"minecraft:smooth_stone_slab":2,"minecraft:wheat":4,"minecraft:rotten_flesh":14,"minecraft:iron_boots":1,"minecraft:diamond_shovel":1,"minecraft:glowstone_dust":3,"create:asurine":2,"minecraft:blast_furnace":1,"minecraft:diamond_sword":1,"travelersbackpack:white_sleeping_bag":2,"create:veridium":22,"minecraft:iron_chestplate":1,"minecraft:golden_sword":1,"minecraft:arrow":2,"minecraft:wooden_pickaxe":1},"minecraft:mined":{"create:zinc_ore":19,"minecraft:tuff":3,"minecraft:white_bed":2,"minecraft:mossy_cobblestone":9,"minecraft:potted_dead_bush":1,"minecraft:granite":8,"minecraft:grass_block":12,"minecraft:jungle_log":8,"travelersbackpack:white_sleeping_bag":1,"minecraft:spruce_leaves":6,"minecraft:hay_block":3,"minecraft:glowstone":1,"minecraft:iron_ore":36,"pamhc2trees:pamcherry":1,"minecraft:andesite":23,"minecraft:pumpkin":4,"create:asurine":2,"pamhc2trees:pamrambutan":1,"minecraft:dirt_path":1,"minecraft:rail":1,"minecraft:stripped_oak_log":7,"minecraft:packed_ice":62,"minecraft:stone":409,"create:veridium":22,"travelersbackpack:gray_sleeping_bag":1,"minecraft:smithing_table":1,"minecraft:glass_pane":1,"minecraft:jungle_door":1,"minecraft:cyan_terracotta":4,"minecraft:dandelion":1,"minecraft:crafting_table":10,"minecraft:torch":13,"pamhc2trees:pamtamarind":1,"minecraft:blast_furnace":3,"minecraft:polished_andesite_stairs":13,"minecraft:chest":6,"minecraft:copper_ore":6,"minecraft:cobblestone":91,"minecraft:lapis_ore":18,"minecraft:oak_planks":1,"minecraft:sugar_cane":36,"minecraft:diorite":11,"minecraft:wall_torch":5,"minecraft:coarse_dirt":2,"minecraft:ice":1,"minecraft:black_wall_banner":1,"minecraft:jukebox":1,"minecraft:yellow_bed":8,"minecraft:stone_brick_stairs":1,"minecraft:smooth_stone_slab":6,"minecraft:grass":18,"minecraft:oak_log":21,"minecraft:coal_ore":63,"minecraft:dripstone_block":1,"minecraft:sand":12,"minecraft:gravel":6,"minecraft:dirt":29,"minecraft:cobweb":20,"minecraft:smooth_basalt":15,"minecraft:cracked_stone_bricks":1,"minecraft:polished_andesite":4,"minecraft:stone_bricks":1,"minecraft:mossy_stone_bricks":2,"minecraft:oak_leaves":16},"minecraft:killed_by":{"minecraft:creeper":1,"minecraft:skeleton":1,"minecraft:zombie":1}},"DataVersion":3465}