{"stats":{"minecraft:picked_up":{"minecraft:crafting_table":1,"minecraft:jungle_log":8,"minecraft:andesite":1,"minecraft:smithing_table":1,"minecraft:wooden_pickaxe":1,"minecraft:tuff":3,"minecraft:oak_log":3,"minecraft:yellow_bed":6,"minecraft:dirt":20,"minecraft:glowstone_dust":3,"minecraft:sugar_cane":34,"minecraft:egg":1,"minecraft:raw_iron":2,"minecraft:smooth_basalt":15,"minecraft:jungle_door":1,"minecraft:torch":1,"minecraft:porkchop":2,"minecraft:blast_furnace":1,"minecraft:white_bed":1,"minecraft:stone_sword":1,"minecraft:rotten_flesh":3,"waystones:waystone":1,"minecraft:hay_block":3,"create:veridium":22,"minecraft:bread":16,"minecraft:oak_sapling":2,"minecraft:coal":48,"minecraft:cobblestone":25},"minecraft:custom":{"minecraft:interact_with_smithing_table":1,"minecraft:mob_kills":4,"minecraft:interact_with_crafting_table":6,"minecraft:bell_ring":22,"minecraft:leave_game":3,"minecraft:time_since_death":59938,"minecraft:sleep_in_bed":3,"minecraft:climb_one_cm":424,"minecraft:time_since_rest":37428,"minecraft:sprint_one_cm":293240,"minecraft:damage_taken":509,"minecraft:walk_one_cm":87065,"minecraft:drop":2,"minecraft:damage_dealt":1064,"minecraft:swim_one_cm":87401,"minecraft:talked_to_villager":1,"minecraft:fly_one_cm":383440,"minecraft:player_kills":1,"minecraft:open_chest":15,"minecraft:crouch_one_cm":2211,"minecraft:play_time":59938,"minecraft:sneak_time":1220,"minecraft:walk_under_water_one_cm":20881,"minecraft:jump":1450,"minecraft:walk_on_water_one_cm":17951,"minecraft:total_world_time":59938,"minecraft:fall_one_cm":37114,"minecraft:horse_one_cm":6315},"minecraft:crafted":{"minecraft:oak_planks":12,"minecraft:crafting_table":3,"minecraft:wooden_pickaxe":1,"minecraft:jungle_planks":32,"minecraft:jungle_door":3,"minecraft:stick":12,"minecraft:stone_pickaxe":1,"minecraft:stone_sword":1,"minecraft:torch":20},"minecraft:dropped":{"minecraft:stone_sword":1,"minecraft:wooden_pickaxe":1},"minecraft:broken":{"minecraft:wooden_pickaxe":1},"minecraft:killed":{"minecraft:pig":1,"minecraft:skeleton":1,"minecraft:zombie":1},"minecraft:used":{"minecraft:stone_sword":30,"minecraft:stone_pickaxe":65,"minecraft:wooden_pickaxe":58,"minecraft:sugar_cane":2,"minecraft:rotten_flesh":3,"minecraft:torch":24,"minecraft:dirt":11,"minecraft:crafting_table":3,"minecraft:white_bed":1,"minecraft:bread":18,"minecraft:cobblestone":4,"minecraft:porkchop":2,"minecraft:jungle_door":3,"minecraft:yellow_bed":6,"minecraft:potato":8},"minecraft:mined":{"minecraft:smithing_table":1,"minecraft:tuff":3,"minecraft:white_bed":1,"minecraft:jungle_door":1,"minecraft:dandelion":1,"minecraft:crafting_table":1,"pamhc2trees:pamtamarind":1,"minecraft:blast_furnace":1,"minecraft:grass_block":8,"minecraft:jungle_log":8,"minecraft:spruce_leaves":3,"minecraft:sugar_cane":20,"minecraft:hay_block":3,"minecraft:glowstone":1,"pamhc2trees:pamcherry":1,"minecraft:iron_ore":2,"minecraft:andesite":1,"minecraft:yellow_bed":6,"minecraft:grass":2,"minecraft:coal_ore":46,"minecraft:oak_log":3,"pamhc2trees:pamrambutan":1,"minecraft:dirt_path":1,"minecraft:dirt":11,"minecraft:smooth_basalt":15,"minecraft:stone":23,"create:veridium":22,"minecraft:oak_leaves":11}},"DataVersion":3465}