{"stats":{"minecraft:mined":{"minecraft:white_bed":4,"minecraft:cobblestone_stairs":1,"minecraft:carved_pumpkin":8,"minecraft:potted_dead_bush":1,"minecraft:granite":8,"minecraft:grass_block":31,"minecraft:jungle_log":8,"minecraft:tall_seagrass":1,"minecraft:glowstone":1,"minecraft:iron_ore":36,"minecraft:pumpkin":19,"create:asurine":2,"minecraft:dirt_path":1,"create:veridium":22,"travelersbackpack:gray_sleeping_bag":1,"minecraft:jungle_door":1,"minecraft:cyan_terracotta":4,"minecraft:torch":13,"pamhc2trees:pamtamarind":1,"minecraft:blast_furnace":3,"minecraft:polished_andesite_stairs":13,"minecraft:chest":6,"minecraft:cobblestone":101,"minecraft:sugar_cane":36,"minecraft:oak_planks":5,"minecraft:wall_torch":5,"minecraft:seagrass":1,"minecraft:jukebox":1,"minecraft:stone_brick_stairs":1,"minecraft:smooth_stone_slab":10,"minecraft:grass":34,"minecraft:oak_log":24,"minecraft:sand":33,"minecraft:dirt":31,"minecraft:smooth_basalt":15,"minecraft:oak_leaves":22,"minecraft:attached_pumpkin_stem":1,"create:zinc_ore":19,"minecraft:tuff":3,"minecraft:mossy_cobblestone":9,"travelersbackpack:white_sleeping_bag":1,"minecraft:spruce_leaves":6,"minecraft:hay_block":3,"pamhc2trees:pamcherry":1,"minecraft:snow":735,"minecraft:andesite":23,"pamhc2trees:pamrambutan":1,"minecraft:rail":1,"pamhc2trees:pamapple":1,"minecraft:stripped_oak_log":7,"minecraft:packed_ice":62,"minecraft:stone":409,"minecraft:smithing_table":1,"minecraft:glass_pane":1,"minecraft:dandelion":1,"minecraft:crafting_table":13,"minecraft:copper_ore":6,"minecraft:lapis_ore":18,"minecraft:diorite":11,"minecraft:coarse_dirt":2,"minecraft:black_wall_banner":1,"minecraft:ice":1,"minecraft:yellow_bed":8,"minecraft:coal_ore":63,"minecraft:zombie_head":1,"minecraft:gravel":6,"minecraft:dripstone_block":1,"minecraft:cobweb":20,"minecraft:cracked_stone_bricks":1,"minecraft:polished_andesite":4,"minecraft:stone_bricks":1,"minecraft:mossy_stone_bricks":2,"minecraft:fern":2},"minecraft:crafted":{"minecraft:oak_planks":252,"minecraft:oak_sign":3,"minecraft:glass":12,"minecraft:iron_boots":2,"minecraft:chest":6,"minecraft:wooden_shovel":3,"minecraft:crafting_table":6,"travelersbackpack:standard":1,"minecraft:iron_helmet":2,"minecraft:wooden_pickaxe":1,"minecraft:pumpkin_seeds":4,"minecraft:iron_chestplate":1,"minecraft:shield":3,"minecraft:stick":96,"minecraft:iron_ingot":25,"minecraft:iron_pickaxe":3,"minecraft:stone_sword":1,"minecraft:snow_block":185,"minecraft:furnace":1,"minecraft:bone_meal":192,"minecraft:flint_and_steel":1,"travelersbackpack:white_sleeping_bag":1,"travelersbackpack:light_gray_sleeping_bag":1,"minecraft:stone_pickaxe":1,"minecraft:wheat":27,"travelersbackpack:backpack_tank":2,"minecraft:iron_sword":1,"minecraft:bucket":2,"minecraft:jungle_planks":36,"minecraft:bread":11,"minecraft:air":0,"minecraft:oak_boat":9,"minecraft:jungle_door":3,"minecraft:white_wool":4,"minecraft:wooden_axe":1,"minecraft:iron_leggings":1,"minecraft:torch":236},"minecraft:used":{"minecraft:oak_sign":1,"minecraft:chest":11,"minecraft:shield":123,"minecraft:iron_sword":196,"minecraft:rotten_flesh":105,"minecraft:mutton":3,"minecraft:carrot":13,"minecraft:music_disc_13":1,"minecraft:snowball":32,"minecraft:golden_sword":2,"minecraft:potato":37,"minecraft:stone_pickaxe":65,"minecraft:oak_planks":58,"minecraft:wooden_pickaxe":58,"minecraft:sugar_cane":55,"minecraft:golden_apple":1,"minecraft:blast_furnace":2,"minecraft:black_banner":2,"minecraft:shears":17,"minecraft:pumpkin_seeds":1,"minecraft:bread":39,"minecraft:melon_slice":9,"minecraft:diamond_sword":157,"minecraft:andesite":4,"minecraft:smooth_stone_slab":2,"minecraft:oak_boat":14,"minecraft:bone_meal":6,"minecraft:stone_sword":58,"minecraft:carved_pumpkin":82,"born_in_chaos_v1:smoked_fish":1,"minecraft:wooden_shovel":179,"minecraft:torch":215,"create:ochrum":4,"minecraft:dirt":56,"pamhc2foodcore:mayonaiseitem":8,"minecraft:granite":1,"minecraft:wooden_axe":15,"minecraft:iron_boots":1,"minecraft:beef":4,"minecraft:pumpkin":17,"minecraft:iron_leggings":3,"minecraft:water_bucket":1,"minecraft:cobblestone_stairs":1,"minecraft:snow_block":185,"minecraft:polished_andesite":11,"minecraft:crafting_table":17,"minecraft:white_bed":3,"minecraft:apple":17,"minecraft:diamond_shovel":578,"minecraft:suspicious_stew":1,"minecraft:iron_pickaxe":764,"travelersbackpack:white_sleeping_bag":1,"minecraft:stone_axe":14,"minecraft:cobblestone":421,"travelersbackpack:standard":7,"minecraft:porkchop":2,"minecraft:jungle_door":3,"minecraft:bucket":2,"minecraft:yellow_bed":8},"minecraft:dropped":{"minecraft:iron_sword":1,"minecraft:jungle_planks":12,"minecraft:rail":3,"minecraft:dirt":3,"minecraft:snowball":1,"minecraft:bone_meal":2,"pamhc2trees:tamarinditem":2,"minecraft:iron_pickaxe":2,"minecraft:gold_ingot":5,"minecraft:gravel":19,"minecraft:wheat":4,"minecraft:rotten_flesh":29,"minecraft:diamond_shovel":2,"minecraft:glowstone_dust":3,"create:asurine":2,"pamhc2foodcore:mayonaiseitem":1,"travelersbackpack:white_sleeping_bag":2,"minecraft:arrow":2,"minecraft:enchanted_book":10,"minecraft:golden_boots":1,"minecraft:wheat_seeds":2,"minecraft:smithing_table":1,"minecraft:iron_helmet":2,"minecraft:cobblestone":5,"minecraft:granite":30,"minecraft:polished_andesite":2,"minecraft:torch":33,"minecraft:iron_leggings":1,"minecraft:polished_andesite_stairs":5,"minecraft:iron_shovel":1,"minecraft:bucket":2,"create:raw_zinc":9,"minecraft:smooth_basalt":15,"minecraft:snow_block":2,"minecraft:coarse_dirt":4,"minecraft:stone_sword":3,"minecraft:smooth_stone_slab":2,"minecraft:iron_boots":1,"minecraft:shears":1,"minecraft:pumpkin_seeds":8,"minecraft:blast_furnace":1,"minecraft:diamond_sword":2,"create:veridium":22,"minecraft:iron_chestplate":1,"minecraft:oak_sapling":1,"minecraft:carved_pumpkin":3,"minecraft:golden_sword":1,"minecraft:wooden_pickaxe":1},"minecraft:picked_up":{"minecraft:iron_chestplate":2,"minecraft:wheat":2,"minecraft:flower_pot":1,"minecraft:suspicious_stew":1,"minecraft:smithing_table":3,"minecraft:diamond_sword":2,"minecraft:enchanted_book":22,"minecraft:golden_sword":1,"darkestsouls:beast_blood_clump":2,"minecraft:string":19,"minecraft:smooth_stone_slab":4,"minecraft:iron_leggings":2,"darkestsouls:rune_fragment":2,"minecraft:zombie_head":1,"minecraft:experience_bottle":1,"minecraft:cobbled_deepslate":5,"minecraft:bucket":1,"minecraft:iron_pickaxe":4,"minecraft:enchanted_golden_apple":1,"minecraft:melon_slice":16,"minecraft:iron_boots":3,"minecraft:stick":8,"minecraft:jukebox":2,"minecraft:jungle_door":1,"minecraft:torch":65,"minecraft:snow_block":2,"minecraft:porkchop":2,"minecraft:golden_chestplate":1,"minecraft:stone_sword":2,"minecraft:rotten_flesh":83,"create:ochrum":4,"minecraft:carved_pumpkin":91,"create:asurine":2,"minecraft:cyan_terracotta":4,"create:veridium":22,"travelersbackpack:gray_sleeping_bag":1,"minecraft:snowball":830,"minecraft:cobblestone":625,"spartanweaponry:iron_warhammer":1,"minecraft:andesite":21,"minecraft:jungle_log":9,"minecraft:potato":16,"minecraft:tuff":9,"create:raw_zinc":47,"minecraft:lapis_lazuli":234,"minecraft:dirt":83,"minecraft:name_tag":5,"minecraft:bone":29,"pamhc2trees:tamarinditem":2,"minecraft:wheat_seeds":6,"minecraft:mossy_stone_bricks":1,"minecraft:glowstone_dust":3,"minecraft:oak_planks":6,"minecraft:music_disc_13":2,"minecraft:jungle_planks":12,"minecraft:sand":33,"minecraft:ink_sac":2,"minecraft:dead_bush":2,"minecraft:mossy_cobblestone":7,"travelersbackpack:white_sleeping_bag":2,"minecraft:polished_andesite":7,"waystones:waystone":1,"minecraft:granite":38,"minecraft:bone_meal":9,"minecraft:golden_apple":1,"minecraft:bread":16,"minecraft:oak_sapling":13,"born_in_chaos_v1:rotten_fish":6,"minecraft:crafting_table":14,"minecraft:coarse_dirt":5,"pamhc2foodcore:mayonaiseitem":65,"minecraft:wooden_pickaxe":3,"minecraft:diamond_horse_armor":1,"minecraft:shield":1,"minecraft:flint_and_steel":1,"born_in_chaos_v1:smoked_fish":3,"minecraft:iron_shovel":4,"minecraft:cracked_stone_bricks":1,"minecraft:beef":4,"minecraft:oak_boat":10,"minecraft:light_gray_wool":2,"minecraft:sugar_cane":85,"minecraft:chest":6,"minecraft:egg":6,"minecraft:raw_iron":34,"darkestsouls:soul_fragment":2,"pamhc2foodcore:fruitpunchitem":6,"minecraft:arrow":13,"minecraft:beetroot_seeds":4,"minecraft:shears":1,"minecraft:hay_block":3,"minecraft:black_banner":3,"minecraft:saddle":1,"minecraft:gold_ingot":11,"minecraft:mutton":3,"minecraft:white_wool":1,"minecraft:rail":3,"minecraft:stripped_oak_log":7,"born_in_chaos_v1:corpse_maggot":14,"minecraft:leather":4,"minecraft:red_mushroom":3,"minecraft:filled_map":2,"minecraft:oak_log":24,"minecraft:golden_boots":3,"minecraft:yellow_bed":8,"minecraft:cobblestone_stairs":1,"minecraft:paper":41,"minecraft:coast_armor_trim_smithing_template":2,"minecraft:iron_ingot":23,"darkestsouls:blood_stone_fragment":1,"minecraft:iron_sword":2,"minecraft:polished_andesite_stairs":21,"minecraft:smooth_basalt":15,"minecraft:pumpkin":19,"minecraft:gravel":19,"minecraft:blast_furnace":6,"minecraft:white_bed":3,"minecraft:spider_eye":1,"minecraft:diamond_shovel":3,"minecraft:pumpkin_seeds":76,"minecraft:iron_helmet":3,"minecraft:coal":186},"minecraft:killed_by":{"minecraft:creeper":1,"darkestsouls:cloaked_beast_patient":3,"darkestsouls:leech":1,"minecraft:zombie":3,"realmrpg_demons:chort":1,"minecraft:skeleton":1,"darkestsouls:hollow_assassin":1},"minecraft:broken":{"minecraft:wooden_shovel":3,"minecraft:iron_boots":1,"minecraft:wooden_pickaxe":1,"minecraft:shield":2,"minecraft:iron_pickaxe":3,"minecraft:iron_helmet":1},"minecraft:custom":{"minecraft:interact_with_crafting_table":63,"minecraft:bell_ring":22,"minecraft:leave_game":8,"minecraft:time_since_death":34442,"minecraft:sprint_one_cm":1594425,"minecraft:damage_blocked_by_shield":5187,"minecraft:drop":99,"minecraft:talked_to_villager":2,"minecraft:play_time":463103,"minecraft:deaths":17,"minecraft:jump":6426,"minecraft:walk_on_water_one_cm":70641,"minecraft:interact_with_furnace":13,"minecraft:play_record":1,"minecraft:sleep_in_bed":9,"minecraft:damage_dealt":19611,"minecraft:player_kills":1,"minecraft:crouch_one_cm":41829,"minecraft:horse_one_cm":222888,"minecraft:interact_with_smithing_table":1,"minecraft:mob_kills":110,"minecraft:damage_dealt_resisted":114,"minecraft:climb_one_cm":424,"minecraft:walk_one_cm":869323,"minecraft:sneak_time":14454,"minecraft:walk_under_water_one_cm":35902,"minecraft:boat_one_cm":911834,"minecraft:interact_with_blast_furnace":9,"minecraft:total_world_time":463103,"minecraft:time_since_rest":0,"minecraft:damage_taken":8708,"minecraft:damage_absorbed":40,"minecraft:swim_one_cm":171507,"minecraft:fly_one_cm":1510820,"minecraft:open_chest":207,"minecraft:fall_one_cm":141195},"minecraft:killed":{"darkestsouls:gravetender_hollow_longsword":1,"minecraft:cave_spider":3,"minecraft:spider":5,"minecraft:skeleton":6,"darkestsouls:beast_patient":1,"darkestsouls:hollow_longsword":1,"minecraft:pig":1,"minecraft:creeper":2,"minecraft:sheep":2,"darkestsouls:skeleton_spear":1,"minecraft:zombie":58,"born_in_chaos_v1:corpse_fly":11,"minecraft:cow":3,"darkestsouls:hollow_axe":2,"darkestsouls:church_doctor":1,"born_in_chaos_v1:maggot":2,"darkestsouls:hollow_broken_straightsword":1,"born_in_chaos_v1:corpse_fish":5,"darkestsouls:cloaked_beast_patient":1}},"DataVersion":3465}