{"stats":{"minecraft:used":{"minecraft:stone_sword":85,"minecraft:iron_shovel":127,"minecraft:flint_and_steel":1,"minecraft:ladder":15,"create:veridium":1,"minecraft:chest":2,"minecraft:shield":49,"minecraft:iron_sword":124,"minecraft:cooked_salmon":6,"minecraft:stone_hoe":12,"minecraft:rotten_flesh":27,"minecraft:iron_chestplate":1,"minecraft:torch":378,"minecraft:dirt":46,"pamhc2trees:tamarinditem":3,"minecraft:granite":5,"minecraft:obsidian":10,"minecraft:iron_hoe":9,"minecraft:iron_boots":2,"minecraft:oak_sapling":1,"minecraft:furnace":10,"minecraft:cobbled_deepslate":1,"minecraft:wheat_seeds":21,"minecraft:stone_pickaxe":1235,"minecraft:wooden_pickaxe":15,"minecraft:sugar_cane":7,"minecraft:warped_roots":1,"minecraft:crafting_table":15,"minecraft:diamond_pickaxe":12,"minecraft:apple":5,"minecraft:bread":33,"minecraft:iron_pickaxe":586,"minecraft:stone_axe":65,"minecraft:cobblestone":267,"minecraft:porkchop":4,"minecraft:andesite":5,"minecraft:bucket":3,"minecraft:oak_boat":2,"minecraft:bone_meal":5},"minecraft:killed_by":{"minecraft:player":2,"minecraft:creeper":1,"minecraft:zombie":1},"minecraft:broken":{"minecraft:stone_pickaxe":7,"minecraft:iron_pickaxe":1},"minecraft:dropped":{"minecraft:stone_hoe":1,"minecraft:wheat_seeds":2,"minecraft:cobblestone":272,"minecraft:dirt":1,"pamhc2trees:tamarinditem":1,"minecraft:gravel":1,"minecraft:stone_sword":1,"minecraft:raw_copper":6,"minecraft:tuff":16,"minecraft:rotten_flesh":4,"minecraft:iron_hoe":2,"minecraft:wooden_pickaxe":2},"minecraft:killed":{"minecraft:spider":5,"minecraft:skeleton":7,"minecraft:pig":3,"minecraft:salmon":12,"minecraft:zombie":32,"minecraft:enderman":2},"minecraft:custom":{"minecraft:mob_kills":66,"minecraft:interact_with_crafting_table":54,"minecraft:bell_ring":18,"minecraft:leave_game":5,"minecraft:time_since_death":177964,"minecraft:climb_one_cm":2328,"minecraft:sprint_one_cm":264380,"minecraft:walk_one_cm":1250570,"minecraft:damage_blocked_by_shield":3780,"minecraft:drop":20,"minecraft:talked_to_villager":10,"minecraft:play_time":277336,"minecraft:deaths":5,"minecraft:sneak_time":17327,"minecraft:walk_under_water_one_cm":40657,"minecraft:jump":4565,"minecraft:walk_on_water_one_cm":46771,"minecraft:total_world_time":277336,"minecraft:interact_with_furnace":46,"minecraft:traded_with_villager":1,"minecraft:sleep_in_bed":10,"minecraft:time_since_rest":23110,"minecraft:damage_taken":3938,"minecraft:damage_dealt":10323,"minecraft:swim_one_cm":83414,"minecraft:fly_one_cm":466654,"minecraft:player_kills":2,"minecraft:open_chest":32,"minecraft:crouch_one_cm":38538,"minecraft:fall_one_cm":76405},"minecraft:mined":{"create:deepslate_zinc_ore":9,"minecraft:tuff":22,"minecraft:deepslate_diamond_ore":18,"minecraft:jungle_leaves":4,"minecraft:obsidian":11,"minecraft:granite":97,"minecraft:grass_block":90,"minecraft:jungle_log":4,"minecraft:furnace":8,"pamhc2trees:pamcinnamon":1,"minecraft:iron_ore":66,"minecraft:cobbled_deepslate":1,"minecraft:andesite":117,"minecraft:deepslate_lapis_ore":6,"minecraft:deepslate_iron_ore":108,"minecraft:dirt_path":19,"minecraft:stone":850,"create:veridium":1,"create:limestone":3,"pamhc2crops:windygarden":2,"minecraft:crafting_table":15,"minecraft:torch":2,"create:scoria":1,"minecraft:tall_grass":14,"minecraft:copper_ore":15,"minecraft:cobblestone":24,"minecraft:lapis_ore":7,"minecraft:deepslate_gold_ore":29,"minecraft:sugar_cane":28,"minecraft:oak_planks":5,"minecraft:diorite":38,"minecraft:wall_torch":7,"minecraft:wheat":9,"minecraft:grass":142,"minecraft:oak_log":50,"minecraft:coal_ore":149,"minecraft:gravel":1,"minecraft:dirt":39,"create:crimsite":1,"minecraft:oak_leaves":4,"minecraft:deepslate":250},"minecraft:picked_up":{"pamhc2crops:cornitem":1,"minecraft:crafting_table":14,"minecraft:wheat":9,"pamhc2crops:parsnipitem":1,"minecraft:string":7,"minecraft:raw_copper":45,"create:limestone":3,"minecraft:cobbled_deepslate":205,"minecraft:oak_boat":2,"minecraft:sugar_cane":50,"minecraft:egg":2,"minecraft:furnace":8,"minecraft:stick":2,"minecraft:raw_iron":174,"minecraft:torch":20,"minecraft:porkchop":4,"minecraft:diorite":38,"minecraft:rotten_flesh":42,"minecraft:arrow":17,"create:scoria":1,"create:veridium":1,"minecraft:obsidian":10,"minecraft:cobblestone":878,"minecraft:andesite":115,"minecraft:salmon":12,"minecraft:jungle_log":4,"minecraft:flint":1,"minecraft:tuff":21,"create:raw_zinc":8,"minecraft:oak_log":79,"minecraft:lapis_lazuli":71,"minecraft:dirt":134,"minecraft:bone":9,"minecraft:bow":1,"pamhc2trees:tamarinditem":4,"minecraft:wheat_seeds":47,"minecraft:raw_gold":28,"minecraft:iron_ingot":11,"minecraft:oak_planks":6,"minecraft:gravel":1,"minecraft:spider_eye":3,"minecraft:iron_hoe":2,"create:crimsite":1,"minecraft:diamond":18,"minecraft:granite":95,"minecraft:bone_meal":1,"minecraft:bread":30,"minecraft:chainmail_helmet":1,"minecraft:warped_roots":1,"minecraft:coal":142,"minecraft:ender_pearl":2},"minecraft:crafted":{"minecraft:oak_planks":316,"minecraft:furnace":3,"minecraft:bone_meal":12,"minecraft:flint_and_steel":1,"minecraft:iron_boots":2,"minecraft:ladder":15,"minecraft:iron_hoe":1,"minecraft:stone_pickaxe":12,"minecraft:chest":2,"minecraft:stone_hoe":1,"minecraft:emerald":1,"minecraft:crafting_table":3,"minecraft:wooden_pickaxe":3,"minecraft:iron_helmet":2,"minecraft:iron_sword":2,"minecraft:cooked_salmon":6,"minecraft:bucket":3,"minecraft:stone_axe":2,"minecraft:bread":3,"minecraft:air":0,"minecraft:jungle_planks":16,"minecraft:oak_boat":1,"minecraft:iron_chestplate":2,"minecraft:paper":24,"minecraft:diamond_pickaxe":1,"minecraft:shield":2,"minecraft:stick":180,"minecraft:iron_pickaxe":3,"minecraft:iron_ingot":120,"minecraft:stone_sword":2,"minecraft:iron_leggings":2,"minecraft:iron_shovel":1,"minecraft:gold_ingot":8,"minecraft:torch":368}},"DataVersion":3465}