{"stats":{"minecraft:picked_up":{"minecraft:crafting_table":6,"minecraft:salmon":2,"minecraft:andesite":20,"create:raw_zinc":3,"minecraft:tuff":15,"minecraft:oak_log":10,"minecraft:lapis_lazuli":28,"minecraft:dirt":18,"minecraft:raw_copper":6,"create:limestone":3,"minecraft:bone":2,"minecraft:wheat_seeds":2,"minecraft:cobbled_deepslate":58,"minecraft:iron_ingot":4,"minecraft:sugar_cane":7,"minecraft:furnace":3,"minecraft:raw_iron":48,"minecraft:torch":15,"minecraft:gravel":1,"minecraft:diorite":38,"create:crimsite":1,"minecraft:rotten_flesh":7,"minecraft:diamond":1,"minecraft:granite":58,"create:veridium":1,"minecraft:bread":17,"minecraft:coal":63,"minecraft:cobblestone":310},"minecraft:custom":{"minecraft:interact_with_furnace":16,"minecraft:mob_kills":12,"minecraft:interact_with_crafting_table":18,"minecraft:leave_game":4,"minecraft:time_since_death":59675,"minecraft:sleep_in_bed":2,"minecraft:climb_one_cm":676,"minecraft:time_since_rest":39209,"minecraft:sprint_one_cm":51379,"minecraft:damage_taken":1275,"minecraft:walk_one_cm":183787,"minecraft:damage_blocked_by_shield":120,"minecraft:drop":3,"minecraft:damage_dealt":1069,"minecraft:swim_one_cm":24004,"minecraft:fly_one_cm":123789,"minecraft:open_chest":3,"minecraft:crouch_one_cm":14324,"minecraft:play_time":63203,"minecraft:deaths":2,"minecraft:sneak_time":6971,"minecraft:walk_under_water_one_cm":16455,"minecraft:jump":922,"minecraft:walk_on_water_one_cm":13433,"minecraft:total_world_time":63203,"minecraft:fall_one_cm":18357},"minecraft:crafted":{"minecraft:oak_planks":40,"minecraft:crafting_table":1,"minecraft:wooden_pickaxe":1,"minecraft:iron_helmet":1,"minecraft:iron_sword":1,"minecraft:furnace":1,"minecraft:bucket":1,"minecraft:stone_axe":1,"minecraft:air":0,"minecraft:iron_boots":1,"minecraft:iron_chestplate":1,"minecraft:shield":1,"minecraft:stick":32,"minecraft:iron_ingot":36,"minecraft:iron_pickaxe":1,"minecraft:stone_pickaxe":5,"minecraft:stone_sword":1,"minecraft:iron_leggings":1,"minecraft:torch":56},"minecraft:dropped":{"minecraft:wheat_seeds":2,"minecraft:cobblestone":1,"minecraft:wooden_pickaxe":1},"minecraft:killed_by":{"minecraft:player":2},"minecraft:broken":{"minecraft:stone_pickaxe":4},"minecraft:killed":{"minecraft:salmon":2,"minecraft:skeleton":1,"minecraft:zombie":7},"minecraft:used":{"minecraft:stone_sword":22,"minecraft:stone_pickaxe":622,"create:veridium":1,"minecraft:shield":2,"minecraft:wooden_pickaxe":5,"minecraft:iron_sword":3,"minecraft:sugar_cane":7,"minecraft:iron_chestplate":1,"minecraft:torch":59,"minecraft:dirt":9,"minecraft:crafting_table":6,"minecraft:apple":3,"minecraft:bread":14,"minecraft:iron_pickaxe":24,"minecraft:iron_boots":1,"minecraft:stone_axe":11,"minecraft:cobblestone":79,"minecraft:furnace":3,"minecraft:oak_sapling":1,"minecraft:bucket":1},"minecraft:mined":{"create:deepslate_zinc_ore":3,"minecraft:tuff":15,"minecraft:deepslate_diamond_ore":1,"minecraft:crafting_table":7,"minecraft:torch":2,"minecraft:granite":59,"minecraft:grass_block":2,"minecraft:tall_grass":2,"minecraft:copper_ore":2,"minecraft:cobblestone":20,"minecraft:lapis_ore":7,"minecraft:sugar_cane":5,"minecraft:diorite":38,"minecraft:wall_torch":5,"minecraft:furnace":3,"pamhc2trees:pamcinnamon":1,"minecraft:iron_ore":34,"minecraft:andesite":20,"minecraft:grass":20,"minecraft:oak_log":10,"minecraft:coal_ore":71,"minecraft:deepslate_iron_ore":14,"minecraft:gravel":1,"minecraft:dirt":16,"minecraft:stone":292,"create:veridium":1,"create:crimsite":1,"create:limestone":3,"minecraft:oak_leaves":2,"minecraft:deepslate":59}},"DataVersion":3465}