{"stats":{"minecraft:broken":{"minecraft:stone_pickaxe":8,"minecraft:iron_sword":1,"minecraft:shield":1,"minecraft:iron_pickaxe":3},"minecraft:picked_up":{"pamhc2crops:cornitem":1,"minecraft:birch_door":10,"minecraft:wheat":217,"minecraft:lead":2,"minecraft:diamond_sword":2,"minecraft:oak_stairs":1,"minecraft:brewing_stand":1,"butcher:cowcorpseitem":2,"minecraft:golden_sword":1,"minecraft:amethyst_block":30,"minecraft:string":74,"create:limestone":3,"minecraft:raw_copper":59,"minecraft:smooth_stone_slab":3,"minecraft:cobbled_deepslate":443,"minecraft:spruce_planks":2,"minecraft:calcite":12,"butcher:white_llama":2,"butcher:chicken_drained_corpse_item":6,"minecraft:melon_slice":6,"minecraft:furnace":8,"minecraft:golden_helmet":2,"minecraft:stick":2,"minecraft:torch":31,"minecraft:porkchop":4,"minecraft:diorite":104,"minecraft:rotten_flesh":68,"create:scoria":3,"create:ochrum":163,"create:veridium":1,"travelersbackpack:gray_sleeping_bag":6,"spartanweaponry:iron_glaive":1,"minecraft:obsidian":14,"butcher:chickenfoot":1,"minecraft:snowball":124,"minecraft:cobblestone":1309,"minecraft:feather":12,"minecraft:lilac":1,"butcher:pig_corpse_item":1,"minecraft:jungle_log":4,"minecraft:andesite":191,"spartanweaponry:iron_battleaxe":1,"pamhc2trees:bananaitem":8,"minecraft:smoker":1,"minecraft:potato":7,"minecraft:flint":1,"minecraft:tuff":31,"create:raw_zinc":13,"pamhc2foodcore:juiceritem":1,"minecraft:dirt":225,"minecraft:lapis_lazuli":145,"minecraft:purple_carpet":1,"minecraft:bone":21,"minecraft:bow":2,"pamhc2trees:tamarinditem":4,"minecraft:wheat_seeds":632,"minecraft:raw_gold":65,"minecraft:grindstone":1,"minecraft:oak_planks":11,"travelersbackpack:magenta_sleeping_bag":2,"minecraft:sand":35,"pamhc2trees:lycheeitem":8,"minecraft:grass_block":2,"minecraft:jungle_slab":1,"travelersbackpack:white_sleeping_bag":2,"minecraft:iron_hoe":2,"minecraft:polished_andesite":1,"create:crimsite":1,"minecraft:diamond":26,"minecraft:granite":100,"minecraft:bone_meal":2,"minecraft:emerald":1,"minecraft:bread":30,"minecraft:chainmail_helmet":1,"minecraft:crafting_table":18,"minecraft:azure_bluet":1,"minecraft:chicken":14,"minecraft:brown_mushroom":1,"pamhc2crops:amaranthitem":3,"pamhc2crops:grapeitem":5,"pamhc2crops:parsnipitem":1,"minecraft:shield":1,"minecraft:white_carpet":1,"minecraft:iron_shovel":1,"minecraft:beef":7,"minecraft:oak_boat":24,"minecraft:light_gray_wool":43,"minecraft:sugar_cane":178,"minecraft:egg":182,"minecraft:raw_iron":215,"pamhc2trees:figitem":8,"minecraft:redstone":28,"pamhc2foodcore:fruitpunchitem":7,"minecraft:arrow":26,"butcher:chicken_head":1,"minecraft:white_wool":34,"minecraft:rail":1,"butcher:butchers_knife":2,"minecraft:salmon":17,"minecraft:leather":5,"minecraft:filled_map":1,"minecraft:oak_log":79,"pamhc2trees:lemonitem":3,"minecraft:yellow_bed":2,"minecraft:cobblestone_stairs":1,"butcher:polarbear_corpse_item":3,"minecraft:kelp":2,"minecraft:iron_ingot":12,"minecraft:book":30,"minecraft:smooth_basalt":8,"minecraft:sweet_berries":24,"minecraft:dandelion":1,"minecraft:dripstone_block":52,"minecraft:gravel":3,"minecraft:amethyst_shard":4,"minecraft:spider_eye":8,"spartanweaponry:iron_battle_hammer":1,"minecraft:gray_wool":12,"pamhc2trees:guavaitem":8,"minecraft:warped_roots":1,"minecraft:coal":345,"butcher:chickenbeak":4,"minecraft:ender_pearl":3},"minecraft:custom":{"minecraft:animals_bred":116,"minecraft:interact_with_crafting_table":109,"minecraft:open_barrel":1,"minecraft:bell_ring":32,"minecraft:leave_game":12,"minecraft:time_since_death":248314,"minecraft:sprint_one_cm":1008029,"minecraft:damage_blocked_by_shield":6708,"minecraft:drop":97,"minecraft:talked_to_villager":25,"minecraft:play_time":702391,"minecraft:deaths":7,"minecraft:jump":11407,"minecraft:walk_on_water_one_cm":140784,"minecraft:interact_with_furnace":107,"minecraft:traded_with_villager":5,"minecraft:sleep_in_bed":27,"minecraft:waystone_activated":1,"minecraft:damage_dealt":28288,"minecraft:player_kills":2,"minecraft:crouch_one_cm":137670,"minecraft:horse_one_cm":97207,"minecraft:mob_kills":179,"minecraft:climb_one_cm":22109,"minecraft:walk_one_cm":2549690,"minecraft:sneak_time":51096,"minecraft:walk_under_water_one_cm":107870,"minecraft:boat_one_cm":642939,"minecraft:interact_with_blast_furnace":1,"minecraft:total_world_time":702391,"minecraft:time_since_rest":41359,"minecraft:damage_taken":8806,"minecraft:swim_one_cm":224379,"minecraft:fly_one_cm":1469938,"minecraft:open_chest":239,"minecraft:fall_one_cm":221302},"minecraft:killed":{"minecraft:cave_spider":9,"minecraft:spider":13,"minecraft:skeleton":19,"minecraft:chicken":12,"minecraft:pig":3,"minecraft:salmon":16,"minecraft:creeper":3,"minecraft:pillager":1,"minecraft:zombie":84,"minecraft:cow":5,"minecraft:wandering_trader":1,"minecraft:polar_bear":1,"minecraft:enderman":4},"minecraft:crafted":{"minecraft:oak_planks":320,"minecraft:cooked_chicken":11,"minecraft:cobblestone_stairs":20,"minecraft:glass":22,"vanillaplustools:iron_hammer":1,"minecraft:iron_boots":4,"travelersbackpack:gray_sleeping_bag":3,"minecraft:chest":7,"minecraft:stone_hoe":2,"storagedrawers:oak_full_drawers_4":4,"minecraft:magenta_dye":2,"minecraft:oak_fence":15,"minecraft:emerald":5,"minecraft:crafting_table":5,"travelersbackpack:standard":1,"minecraft:wooden_pickaxe":3,"minecraft:iron_helmet":3,"minecraft:copper_ingot":53,"minecraft:iron_chestplate":3,"minecraft:paper":135,"minecraft:diamond_pickaxe":1,"minecraft:shield":4,"minecraft:stick":296,"minecraft:iron_ingot":158,"minecraft:iron_pickaxe":14,"minecraft:stone_sword":2,"minecraft:snow_block":15,"minecraft:gold_ingot":39,"travelersbackpack:magenta_sleeping_bag":1,"minecraft:shears":1,"minecraft:magenta_wool":2,"minecraft:furnace":5,"minecraft:bone_meal":12,"minecraft:white_carpet":3,"minecraft:flint_and_steel":1,"minecraft:ladder":15,"minecraft:iron_hoe":1,"minecraft:stone_pickaxe":12,"pamhc2foodcore:fruitpunchitem":1,"minecraft:cooked_beef":5,"travelersbackpack:backpack_tank":2,"minecraft:iron_sword":3,"minecraft:cooked_salmon":7,"minecraft:bucket":3,"minecraft:stone_axe":2,"minecraft:jungle_planks":16,"minecraft:bread":39,"minecraft:air":0,"minecraft:oak_boat":1,"minecraft:iron_shovel":2,"minecraft:iron_leggings":3,"minecraft:torch":696,"create:zinc_ingot":5},"minecraft:dropped":{"travelersbackpack:gray_sleeping_bag":2,"minecraft:leather":1,"minecraft:emerald":1,"minecraft:dirt":69,"minecraft:snowball":63,"minecraft:bone_meal":7,"pamhc2trees:tamarinditem":1,"minecraft:bone":2,"minecraft:gravel":2,"minecraft:cobbled_deepslate":79,"minecraft:obsidian":4,"minecraft:rotten_flesh":7,"minecraft:salmon":1,"minecraft:carrot":1,"travelersbackpack:white_sleeping_bag":2,"minecraft:purple_carpet":1,"minecraft:stone_hoe":1,"butcher:chickenfoot":1,"minecraft:wheat_seeds":3,"minecraft:golden_helmet":2,"spartanweaponry:iron_boomerang":6,"butcher:butchers_knife":2,"minecraft:feather":2,"minecraft:cobblestone":272,"minecraft:granite":5,"minecraft:coal":3,"minecraft:diorite":19,"spartanweaponry:iron_battleaxe":1,"minecraft:redstone":18,"minecraft:kelp":2,"create:ochrum":64,"minecraft:stone_sword":1,"minecraft:raw_copper":6,"minecraft:tuff":18,"spartanweaponry:iron_spear":1,"minecraft:raw_iron":5,"minecraft:chicken":1,"minecraft:iron_hoe":2,"butcher:cowcorpseitem":2,"minecraft:filled_map":2,"minecraft:diamond_sword":2,"minecraft:shield":1,"minecraft:spruce_planks":2,"pamhc2foodcore:juiceritem":1,"minecraft:spider_eye":1,"minecraft:wooden_pickaxe":2,"pamhc2trees:figitem":7},"minecraft:used":{"minecraft:iron_shovel":197,"butcher:polarbear_corpse_item":2,"minecraft:ladder":15,"minecraft:chest":2,"minecraft:shield":85,"minecraft:iron_sword":263,"minecraft:rotten_flesh":27,"minecraft:iron_chestplate":1,"pamhc2crops:grapeitem":2,"pamhc2trees:tamarinditem":3,"minecraft:azure_bluet":1,"minecraft:snowball":1,"minecraft:obsidian":10,"spartanweaponry:iron_glaive":145,"butcher:chicken_head":1,"minecraft:bow":2,"minecraft:furnace":12,"minecraft:oak_sapling":1,"pamhc2trees:figitem":1,"minecraft:egg":155,"minecraft:diorite":17,"minecraft:stone_pickaxe":1286,"pamhc2foodcore:fruitpunchitem":7,"minecraft:wooden_pickaxe":15,"pamhc2trees:bananaitem":4,"spartanweaponry:iron_boomerang":16,"minecraft:sugar_cane":16,"minecraft:glow_berries":7,"minecraft:bread":101,"minecraft:melon_slice":6,"minecraft:diamond_sword":222,"minecraft:andesite":5,"minecraft:oak_boat":24,"pamhc2crops:amaranthitem":1,"minecraft:bone_meal":5,"butcher:white_llama":1,"minecraft:oak_fence":3,"minecraft:stone_sword":85,"minecraft:flint_and_steel":1,"create:veridium":1,"minecraft:cooked_salmon":7,"minecraft:stone_hoe":15,"minecraft:cooked_chicken":11,"minecraft:torch":720,"create:ochrum":67,"minecraft:dirt":58,"minecraft:white_carpet":3,"travelersbackpack:gray_sleeping_bag":6,"minecraft:granite":5,"minecraft:birch_door":3,"minecraft:iron_hoe":12,"minecraft:iron_boots":2,"spartanweaponry:iron_battle_hammer":9,"minecraft:cooked_beef":5,"minecraft:cobbled_deepslate":162,"minecraft:wheat_seeds":242,"butcher:chicken_drained_corpse_item":6,"minecraft:water_bucket":48,"minecraft:cobblestone_stairs":16,"minecraft:polished_andesite":1,"minecraft:warped_roots":1,"minecraft:rail":1,"minecraft:crafting_table":21,"travelersbackpack:magenta_sleeping_bag":2,"butcher:pig_corpse_item":1,"minecraft:diamond_pickaxe":16,"minecraft:apple":6,"minecraft:iron_pickaxe":1301,"minecraft:stone_axe":92,"minecraft:cobblestone":626,"travelersbackpack:standard":9,"vanillaplustools:iron_hammer":169,"storagedrawers:oak_full_drawers_4":4,"minecraft:porkchop":4,"minecraft:bucket":52,"minecraft:yellow_bed":2,"minecraft:dandelion":1},"minecraft:mined":{"minecraft:large_amethyst_bud":1,"create:deepslate_zinc_ore":12,"minecraft:spruce_planks":1,"minecraft:jungle_slab":1,"minecraft:cobblestone_stairs":2,"minecraft:jungle_leaves":4,"minecraft:brewing_stand":1,"minecraft:obsidian":15,"minecraft:granite":119,"minecraft:budding_amethyst":3,"minecraft:grass_block":95,"minecraft:jungle_log":4,"minecraft:spawner":14,"minecraft:mossy_cobblestone_slab":1,"minecraft:iron_ore":89,"minecraft:cobbled_deepslate":23,"minecraft:deepslate_lapis_ore":14,"minecraft:cave_vines":1,"minecraft:dirt_path":19,"minecraft:oak_stairs":1,"minecraft:small_amethyst_bud":2,"create:veridium":1,"create:limestone":3,"travelersbackpack:gray_sleeping_bag":5,"minecraft:deepslate_redstone_ore":2,"minecraft:brown_mushroom":1,"minecraft:smoker":1,"minecraft:amethyst_cluster":1,"minecraft:torch":5,"minecraft:calcite":12,"minecraft:polished_andesite_stairs":1,"minecraft:melon":1,"create:scoria":3,"minecraft:cobblestone":233,"minecraft:sugar_cane":102,"minecraft:grindstone":1,"minecraft:oak_planks":6,"minecraft:wall_torch":8,"minecraft:amethyst_block":30,"minecraft:wheat":224,"minecraft:lilac":1,"minecraft:smooth_stone_slab":2,"minecraft:grass":143,"minecraft:oak_log":50,"minecraft:sand":36,"minecraft:dirt":48,"minecraft:smooth_basalt":9,"create:crimsite":1,"minecraft:oak_leaves":4,"minecraft:deepslate":480,"create:zinc_ore":1,"minecraft:tuff":50,"minecraft:mossy_cobblestone":9,"minecraft:deepslate_diamond_ore":26,"minecraft:jungle_planks":3,"create:ochrum":147,"minecraft:redstone_wire":1,"minecraft:spruce_leaves":1,"minecraft:oak_trapdoor":1,"minecraft:furnace":8,"pamhc2trees:pamcinnamon":1,"butcher:chicken_drained_corpse":6,"minecraft:snow":2,"minecraft:andesite":275,"minecraft:bookshelf":11,"minecraft:deepslate_iron_ore":125,"minecraft:packed_ice":1,"minecraft:stone":1554,"minecraft:white_wool":5,"pamhc2crops:windygarden":2,"minecraft:snow_block":16,"butcher:polarbearcorpse":3,"minecraft:crafting_table":19,"minecraft:tall_grass":14,"minecraft:copper_ore":19,"minecraft:lapis_ore":9,"minecraft:deepslate_gold_ore":66,"butcher:cowcorpse":3,"minecraft:diorite":116,"butcher:llamacorpsewhite":2,"travelersbackpack:magenta_sleeping_bag":2,"minecraft:white_carpet":1,"minecraft:yellow_bed":2,"minecraft:coal_ore":310,"minecraft:dripstone_block":64,"minecraft:gravel":16,"minecraft:cobweb":70,"minecraft:polished_andesite":2},"minecraft:killed_by":{"minecraft:creeper":1,"minecraft:cave_spider":1,"minecraft:zombie":1,"minecraft:player":2,"minecraft:skeleton":1}},"DataVersion":3465}