{"stats":{"minecraft:used":{"minecraft:oak_fence":3,"minecraft:stone_sword":85,"minecraft:iron_shovel":127,"minecraft:flint_and_steel":1,"minecraft:ladder":15,"create:veridium":1,"minecraft:chest":2,"minecraft:shield":51,"minecraft:iron_sword":141,"minecraft:cooked_salmon":6,"minecraft:rotten_flesh":27,"minecraft:stone_hoe":12,"minecraft:iron_chestplate":1,"minecraft:torch":398,"minecraft:dirt":46,"minecraft:white_carpet":3,"pamhc2trees:tamarinditem":3,"minecraft:granite":5,"minecraft:azure_bluet":1,"minecraft:obsidian":10,"minecraft:iron_hoe":12,"minecraft:iron_boots":2,"minecraft:oak_sapling":1,"minecraft:furnace":11,"pamhc2trees:figitem":1,"minecraft:egg":7,"minecraft:cobbled_deepslate":1,"minecraft:wheat_seeds":100,"minecraft:water_bucket":10,"minecraft:stone_pickaxe":1286,"pamhc2trees:bananaitem":4,"minecraft:wooden_pickaxe":15,"minecraft:sugar_cane":7,"minecraft:warped_roots":1,"minecraft:crafting_table":17,"minecraft:diamond_pickaxe":12,"minecraft:apple":5,"minecraft:bread":38,"minecraft:melon_slice":6,"minecraft:iron_pickaxe":750,"minecraft:stone_axe":69,"minecraft:cobblestone":314,"minecraft:porkchop":4,"minecraft:andesite":5,"minecraft:bucket":13,"minecraft:oak_boat":2,"minecraft:dandelion":1,"minecraft:bone_meal":5},"minecraft:killed_by":{"minecraft:player":2,"minecraft:creeper":1,"minecraft:zombie":1},"minecraft:broken":{"minecraft:stone_pickaxe":8,"minecraft:iron_pickaxe":2},"minecraft:dropped":{"minecraft:stone_hoe":1,"minecraft:wheat_seeds":2,"minecraft:cobblestone":272,"minecraft:dirt":1,"pamhc2trees:tamarinditem":1,"minecraft:bone_meal":7,"minecraft:bone":2,"minecraft:gravel":1,"minecraft:stone_sword":1,"minecraft:raw_copper":6,"minecraft:tuff":16,"minecraft:rotten_flesh":4,"minecraft:iron_hoe":2,"minecraft:wooden_pickaxe":2},"minecraft:killed":{"minecraft:spider":7,"minecraft:skeleton":8,"minecraft:pig":3,"minecraft:salmon":12,"minecraft:zombie":32,"minecraft:enderman":2},"minecraft:custom":{"minecraft:mob_kills":69,"minecraft:animals_bred":7,"minecraft:interact_with_crafting_table":61,"minecraft:bell_ring":18,"minecraft:leave_game":7,"minecraft:time_since_death":225450,"minecraft:climb_one_cm":9564,"minecraft:sprint_one_cm":343438,"minecraft:walk_one_cm":1421391,"minecraft:damage_blocked_by_shield":3945,"minecraft:drop":29,"minecraft:talked_to_villager":10,"minecraft:play_time":324822,"minecraft:deaths":5,"minecraft:sneak_time":20595,"minecraft:walk_under_water_one_cm":43368,"minecraft:jump":5342,"minecraft:walk_on_water_one_cm":50655,"minecraft:total_world_time":324822,"minecraft:interact_with_furnace":52,"minecraft:traded_with_villager":1,"minecraft:sleep_in_bed":12,"minecraft:time_since_rest":1972,"minecraft:damage_taken":4258,"minecraft:damage_dealt":11065,"minecraft:swim_one_cm":83858,"minecraft:fly_one_cm":587991,"minecraft:player_kills":2,"minecraft:open_chest":45,"minecraft:crouch_one_cm":49742,"minecraft:fall_one_cm":91261},"minecraft:mined":{"create:zinc_ore":1,"create:deepslate_zinc_ore":9,"minecraft:tuff":24,"minecraft:deepslate_diamond_ore":18,"minecraft:jungle_leaves":4,"minecraft:obsidian":11,"minecraft:granite":103,"minecraft:grass_block":91,"minecraft:jungle_log":4,"minecraft:furnace":8,"pamhc2trees:pamcinnamon":1,"minecraft:iron_ore":84,"minecraft:cobbled_deepslate":1,"minecraft:andesite":124,"minecraft:deepslate_lapis_ore":6,"minecraft:deepslate_iron_ore":108,"minecraft:dirt_path":19,"minecraft:stone":954,"create:veridium":1,"create:limestone":3,"pamhc2crops:windygarden":2,"minecraft:crafting_table":18,"minecraft:torch":2,"minecraft:melon":1,"create:scoria":3,"minecraft:tall_grass":14,"minecraft:copper_ore":19,"minecraft:cobblestone":31,"minecraft:lapis_ore":7,"minecraft:deepslate_gold_ore":29,"minecraft:sugar_cane":28,"minecraft:oak_planks":5,"minecraft:diorite":38,"minecraft:wall_torch":7,"minecraft:wheat":82,"minecraft:white_carpet":1,"minecraft:grass":142,"minecraft:oak_log":50,"minecraft:coal_ore":211,"minecraft:gravel":1,"minecraft:dirt":41,"create:crimsite":1,"minecraft:oak_leaves":4,"minecraft:deepslate":250},"minecraft:picked_up":{"pamhc2crops:cornitem":1,"minecraft:crafting_table":17,"minecraft:wheat":81,"minecraft:azure_bluet":1,"pamhc2crops:parsnipitem":1,"minecraft:string":7,"minecraft:raw_copper":59,"create:limestone":3,"minecraft:cobbled_deepslate":205,"minecraft:oak_boat":2,"minecraft:light_gray_wool":1,"minecraft:melon_slice":6,"minecraft:sugar_cane":50,"minecraft:egg":12,"minecraft:furnace":8,"minecraft:stick":2,"minecraft:raw_iron":192,"pamhc2trees:figitem":8,"minecraft:torch":20,"minecraft:porkchop":4,"minecraft:diorite":38,"minecraft:rotten_flesh":43,"minecraft:arrow":17,"create:scoria":3,"create:veridium":1,"minecraft:obsidian":10,"minecraft:white_wool":2,"minecraft:cobblestone":930,"minecraft:andesite":122,"minecraft:salmon":12,"minecraft:jungle_log":4,"pamhc2trees:bananaitem":8,"minecraft:flint":1,"minecraft:tuff":21,"create:raw_zinc":9,"minecraft:oak_log":79,"minecraft:lapis_lazuli":71,"minecraft:dirt":151,"minecraft:bone":9,"minecraft:bow":2,"pamhc2trees:tamarinditem":4,"minecraft:wheat_seeds":240,"minecraft:raw_gold":28,"minecraft:iron_ingot":11,"minecraft:oak_planks":6,"minecraft:dandelion":1,"minecraft:gravel":1,"pamhc2trees:lycheeitem":8,"minecraft:spider_eye":3,"minecraft:iron_hoe":2,"create:crimsite":1,"minecraft:diamond":18,"minecraft:granite":95,"minecraft:bone_meal":1,"minecraft:gray_wool":2,"pamhc2trees:guavaitem":8,"minecraft:bread":30,"minecraft:chainmail_helmet":1,"minecraft:warped_roots":1,"minecraft:coal":204,"minecraft:ender_pearl":2},"minecraft:crafted":{"minecraft:oak_planks":316,"minecraft:furnace":4,"minecraft:bone_meal":12,"minecraft:white_carpet":3,"minecraft:flint_and_steel":1,"minecraft:iron_boots":2,"minecraft:ladder":15,"minecraft:iron_hoe":1,"minecraft:stone_pickaxe":12,"minecraft:chest":2,"minecraft:stone_hoe":1,"minecraft:oak_fence":15,"minecraft:emerald":1,"minecraft:crafting_table":3,"minecraft:wooden_pickaxe":3,"minecraft:iron_helmet":2,"minecraft:iron_sword":2,"minecraft:cooked_salmon":6,"minecraft:bucket":3,"minecraft:stone_axe":2,"minecraft:bread":15,"minecraft:air":0,"minecraft:jungle_planks":16,"minecraft:oak_boat":1,"minecraft:iron_chestplate":2,"minecraft:paper":24,"minecraft:diamond_pickaxe":1,"minecraft:shield":3,"minecraft:stick":200,"minecraft:iron_pickaxe":4,"minecraft:iron_ingot":120,"minecraft:stone_sword":2,"minecraft:iron_leggings":2,"minecraft:iron_shovel":1,"minecraft:gold_ingot":8,"minecraft:torch":400,"minecraft:shears":1}},"DataVersion":3465}