{"stats":{"minecraft:used":{"minecraft:oak_fence":3,"minecraft:stone_sword":85,"minecraft:iron_shovel":163,"minecraft:flint_and_steel":1,"minecraft:ladder":15,"create:veridium":1,"minecraft:chest":2,"minecraft:shield":51,"minecraft:iron_sword":144,"minecraft:cooked_salmon":6,"minecraft:rotten_flesh":27,"minecraft:stone_hoe":12,"minecraft:iron_chestplate":1,"minecraft:torch":403,"minecraft:dirt":58,"travelersbackpack:gray_sleeping_bag":2,"minecraft:white_carpet":3,"pamhc2trees:tamarinditem":3,"minecraft:granite":5,"minecraft:azure_bluet":1,"minecraft:obsidian":10,"minecraft:iron_hoe":12,"minecraft:iron_boots":2,"minecraft:oak_sapling":1,"minecraft:furnace":11,"pamhc2trees:figitem":1,"minecraft:egg":15,"minecraft:cobbled_deepslate":1,"minecraft:wheat_seeds":151,"minecraft:water_bucket":20,"minecraft:cobblestone_stairs":16,"minecraft:stone_pickaxe":1286,"pamhc2trees:bananaitem":4,"minecraft:wooden_pickaxe":15,"minecraft:sugar_cane":15,"minecraft:warped_roots":1,"minecraft:crafting_table":17,"minecraft:diamond_pickaxe":12,"minecraft:apple":5,"minecraft:melon_slice":6,"minecraft:bread":49,"minecraft:iron_pickaxe":782,"minecraft:stone_axe":71,"minecraft:cobblestone":316,"storagedrawers:oak_full_drawers_4":4,"minecraft:porkchop":4,"minecraft:yellow_bed":2,"minecraft:andesite":5,"minecraft:bucket":23,"minecraft:oak_boat":3,"minecraft:dandelion":1,"minecraft:bone_meal":5},"minecraft:killed_by":{"minecraft:player":2,"minecraft:creeper":1,"minecraft:zombie":1},"minecraft:broken":{"minecraft:stone_pickaxe":8,"minecraft:iron_pickaxe":2},"minecraft:dropped":{"minecraft:stone_hoe":1,"minecraft:wheat_seeds":3,"minecraft:cobblestone":272,"travelersbackpack:gray_sleeping_bag":1,"minecraft:granite":5,"minecraft:dirt":65,"minecraft:bone_meal":7,"pamhc2trees:tamarinditem":1,"minecraft:bone":2,"minecraft:gravel":1,"minecraft:stone_sword":1,"minecraft:raw_copper":6,"minecraft:tuff":16,"minecraft:rotten_flesh":4,"minecraft:iron_hoe":2,"minecraft:shield":1,"minecraft:wooden_pickaxe":2,"pamhc2trees:figitem":7},"minecraft:killed":{"minecraft:spider":7,"minecraft:skeleton":8,"minecraft:pig":3,"minecraft:salmon":12,"minecraft:pillager":1,"minecraft:zombie":32,"minecraft:cow":2,"minecraft:enderman":2},"minecraft:custom":{"minecraft:mob_kills":73,"minecraft:animals_bred":43,"minecraft:interact_with_crafting_table":88,"minecraft:bell_ring":18,"minecraft:leave_game":8,"minecraft:time_since_death":294222,"minecraft:climb_one_cm":15515,"minecraft:sprint_one_cm":458290,"minecraft:walk_one_cm":1543212,"minecraft:damage_blocked_by_shield":3945,"minecraft:drop":35,"minecraft:talked_to_villager":12,"minecraft:play_time":393594,"minecraft:sneak_time":21017,"minecraft:deaths":5,"minecraft:walk_under_water_one_cm":45409,"minecraft:boat_one_cm":5488,"minecraft:jump":6066,"minecraft:walk_on_water_one_cm":56035,"minecraft:total_world_time":393594,"minecraft:interact_with_furnace":66,"minecraft:traded_with_villager":5,"minecraft:sleep_in_bed":16,"minecraft:time_since_rest":3281,"minecraft:damage_taken":4501,"minecraft:damage_dealt":11428,"minecraft:player_kills":2,"minecraft:swim_one_cm":85284,"minecraft:fly_one_cm":748667,"minecraft:open_chest":89,"minecraft:crouch_one_cm":49975,"minecraft:fall_one_cm":103727},"minecraft:mined":{"create:zinc_ore":1,"create:deepslate_zinc_ore":9,"minecraft:tuff":27,"minecraft:deepslate_diamond_ore":18,"minecraft:cobblestone_stairs":1,"minecraft:jungle_leaves":4,"minecraft:obsidian":11,"minecraft:granite":103,"minecraft:grass_block":91,"minecraft:jungle_log":4,"minecraft:furnace":8,"pamhc2trees:pamcinnamon":1,"minecraft:iron_ore":84,"minecraft:cobbled_deepslate":1,"minecraft:andesite":132,"minecraft:deepslate_lapis_ore":6,"minecraft:deepslate_iron_ore":108,"minecraft:dirt_path":19,"minecraft:oak_stairs":1,"minecraft:stone":973,"create:veridium":1,"create:limestone":3,"travelersbackpack:gray_sleeping_bag":2,"pamhc2crops:windygarden":2,"minecraft:crafting_table":18,"minecraft:torch":2,"minecraft:melon":1,"create:scoria":3,"minecraft:tall_grass":14,"minecraft:copper_ore":19,"minecraft:cobblestone":32,"minecraft:lapis_ore":7,"minecraft:deepslate_gold_ore":29,"minecraft:sugar_cane":87,"minecraft:oak_planks":5,"minecraft:diorite":38,"minecraft:wall_torch":7,"minecraft:wheat":134,"minecraft:white_carpet":1,"minecraft:yellow_bed":2,"minecraft:grass":143,"minecraft:oak_log":50,"minecraft:coal_ore":211,"minecraft:sand":36,"minecraft:gravel":1,"minecraft:dirt":41,"create:crimsite":1,"minecraft:oak_leaves":4,"minecraft:deepslate":250},"minecraft:picked_up":{"pamhc2crops:cornitem":1,"minecraft:crafting_table":17,"minecraft:wheat":132,"minecraft:azure_bluet":1,"minecraft:oak_stairs":1,"pamhc2crops:parsnipitem":1,"minecraft:shield":1,"minecraft:string":7,"minecraft:raw_copper":59,"create:limestone":3,"minecraft:white_carpet":1,"minecraft:cobbled_deepslate":205,"minecraft:beef":2,"minecraft:oak_boat":3,"minecraft:light_gray_wool":18,"minecraft:melon_slice":6,"minecraft:sugar_cane":150,"minecraft:furnace":8,"minecraft:egg":29,"minecraft:stick":2,"minecraft:raw_iron":192,"pamhc2trees:figitem":8,"minecraft:torch":20,"minecraft:porkchop":4,"minecraft:diorite":38,"minecraft:rotten_flesh":43,"minecraft:arrow":17,"create:scoria":3,"create:veridium":1,"travelersbackpack:gray_sleeping_bag":2,"minecraft:obsidian":10,"minecraft:white_wool":15,"minecraft:cobblestone":1004,"minecraft:andesite":127,"minecraft:salmon":12,"minecraft:jungle_log":4,"pamhc2trees:bananaitem":8,"minecraft:leather":4,"minecraft:flint":1,"minecraft:tuff":26,"create:raw_zinc":9,"minecraft:oak_log":79,"minecraft:yellow_bed":2,"minecraft:cobblestone_stairs":1,"minecraft:lapis_lazuli":71,"minecraft:dirt":215,"minecraft:bone":9,"minecraft:bow":2,"pamhc2trees:tamarinditem":4,"minecraft:wheat_seeds":388,"minecraft:raw_gold":28,"minecraft:iron_ingot":11,"minecraft:oak_planks":6,"minecraft:dandelion":1,"minecraft:sand":35,"minecraft:gravel":1,"pamhc2trees:lycheeitem":8,"minecraft:spider_eye":3,"minecraft:iron_hoe":2,"create:crimsite":1,"minecraft:diamond":18,"minecraft:granite":100,"minecraft:bone_meal":1,"pamhc2trees:guavaitem":8,"minecraft:gray_wool":8,"minecraft:bread":30,"minecraft:chainmail_helmet":1,"minecraft:warped_roots":1,"minecraft:coal":230,"minecraft:ender_pearl":2},"minecraft:crafted":{"minecraft:oak_planks":316,"minecraft:furnace":4,"minecraft:cobblestone_stairs":20,"minecraft:bone_meal":12,"minecraft:white_carpet":3,"minecraft:flint_and_steel":1,"minecraft:glass":22,"minecraft:iron_boots":2,"travelersbackpack:gray_sleeping_bag":3,"minecraft:ladder":15,"minecraft:iron_hoe":1,"minecraft:stone_pickaxe":12,"minecraft:chest":7,"minecraft:stone_hoe":1,"storagedrawers:oak_full_drawers_4":4,"minecraft:oak_fence":15,"minecraft:cooked_beef":2,"minecraft:emerald":5,"minecraft:crafting_table":3,"travelersbackpack:standard":1,"travelersbackpack:backpack_tank":2,"minecraft:wooden_pickaxe":3,"minecraft:iron_helmet":2,"minecraft:iron_sword":2,"minecraft:cooked_salmon":6,"minecraft:bucket":3,"minecraft:stone_axe":2,"minecraft:bread":36,"minecraft:air":0,"minecraft:jungle_planks":16,"minecraft:oak_boat":1,"minecraft:iron_chestplate":2,"minecraft:paper":135,"minecraft:diamond_pickaxe":1,"minecraft:shield":3,"minecraft:stick":208,"minecraft:iron_ingot":140,"minecraft:iron_pickaxe":5,"minecraft:stone_sword":2,"minecraft:iron_shovel":1,"minecraft:iron_leggings":2,"minecraft:gold_ingot":15,"minecraft:torch":404,"minecraft:shears":1}},"DataVersion":3465}