{"stats":{"minecraft:picked_up":{"minecraft:crafting_table":8,"minecraft:salmon":2,"minecraft:andesite":22,"create:raw_zinc":8,"minecraft:tuff":16,"minecraft:oak_log":22,"minecraft:lapis_lazuli":28,"minecraft:dirt":22,"minecraft:raw_copper":18,"create:limestone":3,"minecraft:bone":3,"minecraft:bow":1,"minecraft:wheat_seeds":2,"minecraft:cobbled_deepslate":76,"minecraft:raw_gold":13,"minecraft:iron_ingot":4,"minecraft:sugar_cane":7,"minecraft:oak_planks":6,"minecraft:furnace":3,"minecraft:raw_iron":82,"minecraft:torch":15,"minecraft:gravel":1,"minecraft:diorite":38,"minecraft:spider_eye":1,"minecraft:arrow":7,"create:crimsite":1,"minecraft:rotten_flesh":13,"minecraft:diamond":10,"minecraft:granite":70,"create:veridium":1,"minecraft:bread":17,"minecraft:coal":63,"minecraft:cobblestone":393},"minecraft:custom":{"minecraft:interact_with_furnace":16,"minecraft:mob_kills":20,"minecraft:interact_with_crafting_table":22,"minecraft:bell_ring":10,"minecraft:leave_game":4,"minecraft:time_since_death":5831,"minecraft:sleep_in_bed":2,"minecraft:climb_one_cm":676,"minecraft:time_since_rest":5862,"minecraft:sprint_one_cm":108782,"minecraft:damage_taken":2552,"minecraft:walk_one_cm":443454,"minecraft:damage_blocked_by_shield":1035,"minecraft:drop":6,"minecraft:damage_dealt":2893,"minecraft:talked_to_villager":1,"minecraft:player_kills":2,"minecraft:swim_one_cm":46073,"minecraft:fly_one_cm":221234,"minecraft:open_chest":5,"minecraft:crouch_one_cm":17086,"minecraft:play_time":105203,"minecraft:deaths":5,"minecraft:sneak_time":8384,"minecraft:walk_under_water_one_cm":21466,"minecraft:jump":1863,"minecraft:walk_on_water_one_cm":21015,"minecraft:total_world_time":105203,"minecraft:fall_one_cm":34547},"minecraft:crafted":{"minecraft:oak_planks":88,"minecraft:crafting_table":3,"minecraft:wooden_pickaxe":3,"minecraft:iron_helmet":1,"minecraft:iron_sword":1,"minecraft:furnace":1,"minecraft:bucket":1,"minecraft:stone_axe":1,"minecraft:air":0,"minecraft:iron_boots":1,"minecraft:iron_chestplate":1,"minecraft:shield":1,"minecraft:stick":68,"minecraft:iron_ingot":36,"minecraft:iron_pickaxe":1,"minecraft:stone_pickaxe":7,"minecraft:stone_sword":1,"minecraft:iron_leggings":1,"minecraft:torch":120},"minecraft:dropped":{"minecraft:gravel":1,"minecraft:wheat_seeds":2,"minecraft:raw_copper":6,"minecraft:tuff":16,"minecraft:cobblestone":1,"minecraft:wooden_pickaxe":1},"minecraft:killed_by":{"minecraft:player":2,"minecraft:creeper":1,"minecraft:zombie":1},"minecraft:broken":{"minecraft:stone_pickaxe":4},"minecraft:killed":{"minecraft:salmon":2,"minecraft:spider":1,"minecraft:skeleton":2,"minecraft:zombie":12},"minecraft:used":{"minecraft:stone_sword":22,"minecraft:stone_pickaxe":718,"create:veridium":1,"minecraft:shield":19,"minecraft:wooden_pickaxe":15,"minecraft:iron_sword":31,"minecraft:sugar_cane":7,"minecraft:iron_chestplate":1,"minecraft:torch":125,"minecraft:dirt":10,"minecraft:crafting_table":8,"minecraft:granite":5,"minecraft:apple":5,"minecraft:bread":18,"minecraft:iron_pickaxe":102,"minecraft:iron_boots":1,"minecraft:stone_axe":16,"minecraft:cobblestone":92,"minecraft:furnace":3,"minecraft:oak_sapling":1,"minecraft:bucket":1},"minecraft:mined":{"create:deepslate_zinc_ore":9,"minecraft:tuff":16,"minecraft:deepslate_diamond_ore":10,"minecraft:crafting_table":9,"minecraft:torch":2,"minecraft:granite":71,"minecraft:grass_block":2,"minecraft:tall_grass":5,"minecraft:copper_ore":6,"minecraft:cobblestone":20,"minecraft:deepslate_gold_ore":13,"minecraft:lapis_ore":7,"minecraft:oak_planks":5,"minecraft:sugar_cane":5,"minecraft:diorite":38,"minecraft:wall_torch":5,"minecraft:furnace":3,"pamhc2trees:pamcinnamon":1,"minecraft:iron_ore":37,"minecraft:andesite":22,"minecraft:grass":22,"minecraft:oak_log":22,"minecraft:coal_ore":71,"minecraft:deepslate_iron_ore":45,"minecraft:gravel":1,"minecraft:dirt":20,"minecraft:stone":374,"create:veridium":1,"create:crimsite":1,"create:limestone":3,"minecraft:oak_leaves":2,"minecraft:deepslate":72}},"DataVersion":3465}