{"stats":{"minecraft:picked_up":{"minecraft:raw_iron":11,"minecraft:crafting_table":3,"minecraft:salmon":2,"minecraft:torch":1,"minecraft:gravel":1,"minecraft:tuff":2,"minecraft:oak_log":10,"minecraft:diorite":17,"minecraft:dirt":9,"create:limestone":3,"create:crimsite":1,"minecraft:rotten_flesh":7,"minecraft:wheat_seeds":2,"minecraft:cobbled_deepslate":7,"minecraft:granite":25,"create:veridium":1,"minecraft:bread":17,"minecraft:sugar_cane":7,"minecraft:coal":61,"minecraft:cobblestone":183},"minecraft:custom":{"minecraft:time_since_rest":16568,"minecraft:interact_with_furnace":2,"minecraft:sprint_one_cm":50178,"minecraft:damage_taken":1203,"minecraft:walk_one_cm":138879,"minecraft:mob_kills":11,"minecraft:drop":1,"minecraft:damage_dealt":960,"minecraft:interact_with_crafting_table":10,"minecraft:swim_one_cm":11137,"minecraft:open_chest":3,"minecraft:fly_one_cm":123474,"minecraft:crouch_one_cm":7175,"minecraft:play_time":40562,"minecraft:deaths":2,"minecraft:sneak_time":3059,"minecraft:walk_under_water_one_cm":7049,"minecraft:jump":745,"minecraft:leave_game":3,"minecraft:time_since_death":37034,"minecraft:total_world_time":40562,"minecraft:walk_on_water_one_cm":4090,"minecraft:sleep_in_bed":2,"minecraft:climb_one_cm":676,"minecraft:fall_one_cm":18088},"minecraft:crafted":{"minecraft:oak_planks":40,"minecraft:crafting_table":1,"minecraft:stick":20,"minecraft:wooden_pickaxe":1,"minecraft:stone_pickaxe":5,"minecraft:stone_sword":1,"minecraft:furnace":1,"minecraft:torch":20,"minecraft:stone_axe":1},"minecraft:dropped":{"minecraft:cobblestone":1},"minecraft:killed_by":{"minecraft:player":2},"minecraft:broken":{"minecraft:stone_pickaxe":2},"minecraft:killed":{"minecraft:zombie":7,"minecraft:salmon":2},"minecraft:used":{"minecraft:stone_sword":20,"minecraft:apple":2,"minecraft:stone_pickaxe":319,"minecraft:bread":12,"create:veridium":1,"minecraft:wooden_pickaxe":5,"minecraft:sugar_cane":7,"minecraft:torch":15,"minecraft:stone_axe":8,"minecraft:dirt":8,"minecraft:crafting_table":4,"minecraft:furnace":1,"minecraft:oak_sapling":1},"minecraft:mined":{"minecraft:tuff":2,"pamhc2trees:pamcinnamon":1,"minecraft:iron_ore":11,"minecraft:crafting_table":4,"minecraft:granite":25,"minecraft:grass":20,"minecraft:grass_block":2,"minecraft:oak_log":10,"minecraft:coal_ore":69,"minecraft:gravel":1,"minecraft:dirt":7,"minecraft:tall_grass":2,"minecraft:stone":183,"minecraft:sugar_cane":5,"create:veridium":1,"create:crimsite":1,"minecraft:diorite":17,"create:limestone":3,"minecraft:oak_leaves":2,"minecraft:wall_torch":1,"minecraft:deepslate":7}},"DataVersion":3465}