{"stats":{"minecraft:broken":{"minecraft:stone_pickaxe":8,"minecraft:iron_sword":1,"minecraft:iron_pickaxe":3},"minecraft:picked_up":{"pamhc2crops:cornitem":1,"minecraft:wheat":217,"minecraft:lead":2,"minecraft:diamond_sword":1,"minecraft:oak_stairs":1,"minecraft:golden_sword":1,"minecraft:amethyst_block":30,"minecraft:string":74,"create:limestone":3,"minecraft:raw_copper":59,"minecraft:cobbled_deepslate":436,"minecraft:spruce_planks":2,"minecraft:calcite":12,"butcher:white_llama":1,"butcher:chicken_drained_corpse_item":6,"minecraft:melon_slice":6,"minecraft:furnace":8,"minecraft:stick":2,"minecraft:torch":26,"minecraft:porkchop":4,"minecraft:diorite":44,"minecraft:rotten_flesh":63,"create:scoria":3,"create:ochrum":2,"create:veridium":1,"travelersbackpack:gray_sleeping_bag":5,"spartanweaponry:iron_glaive":1,"minecraft:obsidian":14,"butcher:chickenfoot":1,"minecraft:snowball":124,"minecraft:cobblestone":1190,"minecraft:feather":12,"minecraft:lilac":1,"minecraft:jungle_log":4,"minecraft:andesite":180,"pamhc2trees:bananaitem":8,"minecraft:smoker":1,"minecraft:potato":7,"minecraft:flint":1,"minecraft:tuff":31,"create:raw_zinc":13,"pamhc2foodcore:juiceritem":1,"minecraft:dirt":222,"minecraft:lapis_lazuli":145,"minecraft:purple_carpet":1,"minecraft:bone":21,"minecraft:bow":2,"pamhc2trees:tamarinditem":4,"minecraft:wheat_seeds":632,"minecraft:raw_gold":65,"minecraft:grindstone":1,"minecraft:oak_planks":8,"minecraft:sand":35,"pamhc2trees:lycheeitem":8,"minecraft:grass_block":2,"minecraft:iron_hoe":2,"create:crimsite":1,"minecraft:diamond":26,"minecraft:granite":100,"minecraft:bone_meal":2,"minecraft:bread":30,"minecraft:chainmail_helmet":1,"minecraft:crafting_table":18,"minecraft:azure_bluet":1,"minecraft:chicken":14,"minecraft:brown_mushroom":1,"pamhc2crops:amaranthitem":3,"pamhc2crops:grapeitem":5,"pamhc2crops:parsnipitem":1,"minecraft:shield":1,"minecraft:white_carpet":1,"minecraft:iron_shovel":1,"minecraft:beef":7,"minecraft:oak_boat":14,"minecraft:light_gray_wool":43,"minecraft:sugar_cane":178,"minecraft:egg":182,"minecraft:raw_iron":213,"pamhc2trees:figitem":8,"minecraft:redstone":27,"pamhc2foodcore:fruitpunchitem":7,"minecraft:arrow":25,"butcher:chicken_head":1,"minecraft:white_wool":34,"minecraft:rail":1,"butcher:butchers_knife":2,"minecraft:salmon":17,"minecraft:leather":5,"minecraft:oak_log":79,"pamhc2trees:lemonitem":3,"minecraft:yellow_bed":2,"minecraft:cobblestone_stairs":1,"butcher:polarbear_corpse_item":1,"minecraft:iron_ingot":12,"minecraft:book":18,"minecraft:smooth_basalt":8,"minecraft:sweet_berries":24,"minecraft:dandelion":1,"minecraft:dripstone_block":4,"minecraft:gravel":2,"minecraft:amethyst_shard":4,"minecraft:spider_eye":8,"spartanweaponry:iron_battle_hammer":1,"minecraft:gray_wool":12,"pamhc2trees:guavaitem":8,"minecraft:warped_roots":1,"minecraft:coal":308,"butcher:chickenbeak":4,"minecraft:ender_pearl":3},"minecraft:custom":{"minecraft:animals_bred":116,"minecraft:interact_with_crafting_table":106,"minecraft:bell_ring":32,"minecraft:leave_game":11,"minecraft:time_since_death":128018,"minecraft:sprint_one_cm":779872,"minecraft:damage_blocked_by_shield":5805,"minecraft:drop":68,"minecraft:talked_to_villager":21,"minecraft:play_time":582095,"minecraft:deaths":7,"minecraft:jump":9633,"minecraft:walk_on_water_one_cm":82172,"minecraft:interact_with_furnace":105,"minecraft:traded_with_villager":5,"minecraft:sleep_in_bed":23,"minecraft:damage_dealt":18289,"minecraft:player_kills":2,"minecraft:crouch_one_cm":86608,"minecraft:mob_kills":134,"minecraft:climb_one_cm":21241,"minecraft:walk_one_cm":2260407,"minecraft:sneak_time":34136,"minecraft:walk_under_water_one_cm":66703,"minecraft:boat_one_cm":188439,"minecraft:total_world_time":582095,"minecraft:time_since_rest":50713,"minecraft:damage_taken":7646,"minecraft:swim_one_cm":159413,"minecraft:fly_one_cm":1219261,"minecraft:open_chest":167,"minecraft:fall_one_cm":188153},"minecraft:killed":{"minecraft:cave_spider":9,"minecraft:spider":10,"minecraft:skeleton":13,"minecraft:chicken":12,"minecraft:pig":3,"minecraft:salmon":16,"minecraft:creeper":3,"minecraft:pillager":1,"minecraft:zombie":48,"minecraft:cow":5,"minecraft:wandering_trader":1,"minecraft:polar_bear":1,"minecraft:enderman":4},"minecraft:crafted":{"minecraft:oak_planks":320,"minecraft:cooked_chicken":11,"minecraft:cobblestone_stairs":20,"minecraft:glass":22,"vanillaplustools:iron_hammer":1,"minecraft:iron_boots":4,"travelersbackpack:gray_sleeping_bag":3,"minecraft:chest":7,"minecraft:stone_hoe":2,"storagedrawers:oak_full_drawers_4":4,"minecraft:magenta_dye":2,"minecraft:oak_fence":15,"minecraft:emerald":5,"minecraft:crafting_table":3,"travelersbackpack:standard":1,"minecraft:wooden_pickaxe":3,"minecraft:iron_helmet":3,"minecraft:copper_ingot":53,"minecraft:iron_chestplate":3,"minecraft:paper":135,"minecraft:diamond_pickaxe":1,"minecraft:shield":3,"minecraft:stick":260,"minecraft:iron_ingot":157,"minecraft:iron_pickaxe":14,"minecraft:stone_sword":2,"minecraft:snow_block":15,"minecraft:gold_ingot":39,"travelersbackpack:magenta_sleeping_bag":1,"minecraft:shears":1,"minecraft:magenta_wool":2,"minecraft:furnace":4,"minecraft:bone_meal":12,"minecraft:white_carpet":3,"minecraft:flint_and_steel":1,"minecraft:ladder":15,"minecraft:iron_hoe":1,"minecraft:stone_pickaxe":12,"pamhc2foodcore:fruitpunchitem":1,"minecraft:cooked_beef":5,"travelersbackpack:backpack_tank":2,"minecraft:iron_sword":3,"minecraft:cooked_salmon":7,"minecraft:bucket":3,"minecraft:stone_axe":2,"minecraft:jungle_planks":16,"minecraft:bread":39,"minecraft:air":0,"minecraft:oak_boat":1,"minecraft:iron_shovel":2,"minecraft:iron_leggings":3,"minecraft:torch":544,"create:zinc_ingot":5},"minecraft:dropped":{"travelersbackpack:gray_sleeping_bag":1,"minecraft:dirt":68,"minecraft:snowball":63,"minecraft:bone_meal":7,"pamhc2trees:tamarinditem":1,"minecraft:bone":2,"minecraft:gravel":1,"minecraft:obsidian":4,"minecraft:rotten_flesh":4,"minecraft:salmon":1,"minecraft:purple_carpet":1,"minecraft:stone_hoe":1,"butcher:chickenfoot":1,"minecraft:wheat_seeds":3,"spartanweaponry:iron_boomerang":2,"butcher:butchers_knife":2,"minecraft:feather":2,"minecraft:cobblestone":272,"minecraft:granite":5,"minecraft:coal":3,"minecraft:redstone":18,"minecraft:stone_sword":1,"minecraft:raw_copper":6,"minecraft:tuff":18,"spartanweaponry:iron_spear":1,"minecraft:chicken":1,"minecraft:iron_hoe":2,"minecraft:shield":1,"minecraft:spruce_planks":2,"pamhc2foodcore:juiceritem":1,"minecraft:spider_eye":1,"minecraft:wooden_pickaxe":2,"pamhc2trees:figitem":7},"minecraft:used":{"minecraft:iron_shovel":184,"minecraft:ladder":15,"minecraft:chest":2,"minecraft:shield":74,"minecraft:iron_sword":263,"minecraft:rotten_flesh":27,"minecraft:iron_chestplate":1,"pamhc2crops:grapeitem":2,"pamhc2trees:tamarinditem":3,"minecraft:azure_bluet":1,"minecraft:snowball":1,"minecraft:obsidian":10,"butcher:chicken_head":1,"minecraft:bow":2,"minecraft:furnace":11,"minecraft:oak_sapling":1,"pamhc2trees:figitem":1,"minecraft:egg":155,"minecraft:stone_pickaxe":1286,"minecraft:wooden_pickaxe":15,"pamhc2trees:bananaitem":4,"spartanweaponry:iron_boomerang":14,"minecraft:sugar_cane":16,"minecraft:glow_berries":7,"minecraft:bread":91,"minecraft:melon_slice":6,"minecraft:diamond_sword":70,"minecraft:andesite":5,"minecraft:oak_boat":14,"pamhc2crops:amaranthitem":1,"minecraft:bone_meal":5,"minecraft:oak_fence":3,"minecraft:stone_sword":85,"minecraft:flint_and_steel":1,"create:veridium":1,"minecraft:cooked_salmon":7,"minecraft:stone_hoe":15,"minecraft:cooked_chicken":10,"minecraft:torch":584,"minecraft:dirt":58,"minecraft:white_carpet":3,"travelersbackpack:gray_sleeping_bag":5,"minecraft:granite":5,"minecraft:iron_hoe":12,"minecraft:iron_boots":2,"spartanweaponry:iron_battle_hammer":2,"minecraft:cooked_beef":4,"minecraft:cobbled_deepslate":99,"minecraft:wheat_seeds":242,"butcher:chicken_drained_corpse_item":6,"minecraft:water_bucket":45,"minecraft:cobblestone_stairs":16,"minecraft:warped_roots":1,"minecraft:rail":1,"minecraft:crafting_table":19,"minecraft:diamond_pickaxe":16,"minecraft:apple":5,"minecraft:iron_pickaxe":1180,"minecraft:stone_axe":82,"minecraft:cobblestone":433,"travelersbackpack:standard":9,"vanillaplustools:iron_hammer":52,"storagedrawers:oak_full_drawers_4":4,"minecraft:porkchop":4,"minecraft:bucket":49,"minecraft:yellow_bed":2,"minecraft:dandelion":1},"minecraft:mined":{"minecraft:large_amethyst_bud":1,"create:deepslate_zinc_ore":12,"minecraft:spruce_planks":1,"minecraft:cobblestone_stairs":1,"minecraft:jungle_leaves":4,"minecraft:obsidian":15,"minecraft:granite":113,"minecraft:budding_amethyst":3,"minecraft:grass_block":95,"minecraft:jungle_log":4,"minecraft:spawner":4,"minecraft:iron_ore":88,"minecraft:cobbled_deepslate":17,"minecraft:deepslate_lapis_ore":14,"minecraft:cave_vines":1,"minecraft:dirt_path":19,"minecraft:oak_stairs":1,"minecraft:small_amethyst_bud":2,"create:veridium":1,"create:limestone":3,"travelersbackpack:gray_sleeping_bag":5,"minecraft:deepslate_redstone_ore":2,"minecraft:brown_mushroom":1,"minecraft:smoker":1,"minecraft:amethyst_cluster":1,"minecraft:torch":4,"minecraft:calcite":12,"minecraft:melon":1,"create:scoria":3,"minecraft:cobblestone":108,"minecraft:sugar_cane":102,"minecraft:grindstone":1,"minecraft:oak_planks":6,"minecraft:wall_torch":7,"minecraft:amethyst_block":30,"minecraft:wheat":224,"minecraft:lilac":1,"minecraft:grass":143,"minecraft:oak_log":50,"minecraft:sand":36,"minecraft:dirt":41,"minecraft:smooth_basalt":9,"create:crimsite":1,"minecraft:oak_leaves":4,"minecraft:deepslate":465,"create:zinc_ore":1,"minecraft:tuff":31,"minecraft:deepslate_diamond_ore":26,"create:ochrum":2,"minecraft:spruce_leaves":1,"minecraft:furnace":8,"pamhc2trees:pamcinnamon":1,"butcher:chicken_drained_corpse":6,"minecraft:snow":2,"minecraft:andesite":188,"minecraft:bookshelf":6,"minecraft:deepslate_iron_ore":125,"minecraft:packed_ice":1,"minecraft:stone":1124,"minecraft:white_wool":4,"pamhc2crops:windygarden":2,"minecraft:snow_block":16,"butcher:polarbearcorpse":1,"minecraft:crafting_table":19,"minecraft:tall_grass":14,"minecraft:copper_ore":19,"minecraft:lapis_ore":9,"minecraft:deepslate_gold_ore":66,"minecraft:diorite":50,"butcher:llamacorpsewhite":1,"minecraft:white_carpet":1,"minecraft:yellow_bed":2,"minecraft:coal_ore":288,"minecraft:dripstone_block":4,"minecraft:gravel":3,"minecraft:cobweb":52},"minecraft:killed_by":{"minecraft:creeper":1,"minecraft:cave_spider":1,"minecraft:zombie":1,"minecraft:player":2,"minecraft:skeleton":1}},"DataVersion":3465}