{"stats":{"minecraft:used":{"minecraft:oak_fence":3,"minecraft:stone_sword":85,"minecraft:iron_shovel":163,"minecraft:flint_and_steel":1,"minecraft:ladder":15,"create:veridium":1,"minecraft:chest":2,"minecraft:shield":72,"minecraft:iron_sword":235,"minecraft:cooked_salmon":6,"minecraft:rotten_flesh":27,"minecraft:stone_hoe":12,"minecraft:iron_chestplate":1,"minecraft:torch":558,"minecraft:dirt":58,"travelersbackpack:gray_sleeping_bag":5,"minecraft:white_carpet":3,"minecraft:granite":5,"pamhc2trees:tamarinditem":3,"minecraft:azure_bluet":1,"minecraft:obsidian":10,"minecraft:iron_hoe":12,"minecraft:iron_boots":2,"minecraft:oak_sapling":1,"minecraft:furnace":11,"pamhc2trees:figitem":1,"minecraft:egg":15,"minecraft:cooked_beef":2,"minecraft:cobbled_deepslate":99,"minecraft:wheat_seeds":169,"minecraft:water_bucket":25,"minecraft:cobblestone_stairs":16,"minecraft:stone_pickaxe":1286,"pamhc2trees:bananaitem":4,"minecraft:wooden_pickaxe":15,"minecraft:sugar_cane":15,"minecraft:warped_roots":1,"minecraft:glow_berries":7,"minecraft:rail":1,"minecraft:crafting_table":18,"minecraft:diamond_pickaxe":16,"minecraft:apple":5,"minecraft:iron_pickaxe":1160,"minecraft:melon_slice":6,"minecraft:bread":73,"minecraft:stone_axe":72,"minecraft:cobblestone":388,"travelersbackpack:standard":9,"storagedrawers:oak_full_drawers_4":4,"minecraft:porkchop":4,"minecraft:andesite":5,"minecraft:bucket":29,"minecraft:yellow_bed":2,"minecraft:oak_boat":3,"minecraft:dandelion":1,"minecraft:bone_meal":5},"minecraft:killed_by":{"minecraft:player":2,"minecraft:creeper":1,"minecraft:cave_spider":1,"minecraft:skeleton":1,"minecraft:zombie":1},"minecraft:broken":{"minecraft:stone_pickaxe":8,"minecraft:iron_pickaxe":3},"minecraft:dropped":{"minecraft:stone_hoe":1,"minecraft:wheat_seeds":3,"minecraft:cobblestone":272,"travelersbackpack:gray_sleeping_bag":1,"minecraft:granite":5,"minecraft:coal":3,"minecraft:dirt":65,"minecraft:bone_meal":7,"pamhc2trees:tamarinditem":1,"minecraft:redstone":18,"minecraft:bone":2,"minecraft:gravel":1,"minecraft:stone_sword":1,"minecraft:raw_copper":6,"minecraft:tuff":18,"minecraft:rotten_flesh":4,"minecraft:iron_hoe":2,"minecraft:shield":1,"minecraft:spider_eye":1,"minecraft:wooden_pickaxe":2,"pamhc2trees:figitem":7},"minecraft:killed":{"minecraft:cave_spider":3,"minecraft:spider":9,"minecraft:skeleton":12,"minecraft:pig":3,"minecraft:salmon":12,"minecraft:creeper":3,"minecraft:pillager":1,"minecraft:zombie":45,"minecraft:cow":2,"minecraft:enderman":2},"minecraft:custom":{"minecraft:mob_kills":100,"minecraft:animals_bred":61,"minecraft:interact_with_crafting_table":94,"minecraft:bell_ring":18,"minecraft:leave_game":10,"minecraft:time_since_death":23283,"minecraft:climb_one_cm":17021,"minecraft:sprint_one_cm":528295,"minecraft:walk_one_cm":1976658,"minecraft:damage_blocked_by_shield":5625,"minecraft:drop":41,"minecraft:talked_to_villager":12,"minecraft:play_time":477360,"minecraft:sneak_time":28893,"minecraft:deaths":7,"minecraft:walk_under_water_one_cm":46501,"minecraft:boat_one_cm":5488,"minecraft:jump":7442,"minecraft:walk_on_water_one_cm":62086,"minecraft:total_world_time":477360,"minecraft:interact_with_furnace":83,"minecraft:traded_with_villager":5,"minecraft:sleep_in_bed":18,"minecraft:time_since_rest":23337,"minecraft:damage_taken":6414,"minecraft:damage_dealt":15826,"minecraft:player_kills":2,"minecraft:swim_one_cm":87652,"minecraft:fly_one_cm":848787,"minecraft:open_chest":120,"minecraft:crouch_one_cm":72090,"minecraft:fall_one_cm":135518},"minecraft:mined":{"create:zinc_ore":1,"minecraft:large_amethyst_bud":1,"create:deepslate_zinc_ore":12,"minecraft:tuff":30,"minecraft:deepslate_diamond_ore":26,"minecraft:cobblestone_stairs":1,"minecraft:jungle_leaves":4,"minecraft:obsidian":15,"minecraft:budding_amethyst":3,"minecraft:granite":103,"minecraft:grass_block":91,"minecraft:jungle_log":4,"minecraft:spawner":2,"pamhc2trees:pamcinnamon":1,"minecraft:furnace":8,"minecraft:iron_ore":84,"minecraft:cobbled_deepslate":17,"minecraft:andesite":132,"minecraft:deepslate_lapis_ore":14,"minecraft:cave_vines":1,"minecraft:deepslate_iron_ore":125,"minecraft:dirt_path":19,"minecraft:small_amethyst_bud":2,"minecraft:oak_stairs":1,"minecraft:stone":973,"create:veridium":1,"create:limestone":3,"travelersbackpack:gray_sleeping_bag":5,"minecraft:deepslate_redstone_ore":2,"pamhc2crops:windygarden":2,"minecraft:amethyst_cluster":1,"minecraft:crafting_table":19,"minecraft:torch":4,"minecraft:calcite":12,"minecraft:melon":1,"create:scoria":3,"minecraft:copper_ore":19,"minecraft:tall_grass":14,"minecraft:cobblestone":40,"minecraft:lapis_ore":7,"minecraft:deepslate_gold_ore":66,"minecraft:sugar_cane":87,"minecraft:oak_planks":5,"minecraft:diorite":38,"minecraft:amethyst_block":30,"minecraft:wall_torch":7,"minecraft:wheat":152,"minecraft:white_carpet":1,"minecraft:yellow_bed":2,"minecraft:grass":143,"minecraft:oak_log":50,"minecraft:coal_ore":211,"minecraft:gravel":3,"minecraft:sand":36,"minecraft:dirt":41,"minecraft:smooth_basalt":9,"minecraft:cobweb":3,"create:crimsite":1,"minecraft:oak_leaves":4,"minecraft:deepslate":464},"minecraft:picked_up":{"pamhc2crops:cornitem":1,"minecraft:crafting_table":18,"minecraft:wheat":147,"minecraft:azure_bluet":1,"minecraft:oak_stairs":1,"pamhc2crops:parsnipitem":1,"minecraft:shield":1,"minecraft:amethyst_block":30,"minecraft:string":12,"minecraft:raw_copper":59,"create:limestone":3,"minecraft:white_carpet":1,"minecraft:iron_shovel":1,"minecraft:cobbled_deepslate":436,"minecraft:beef":2,"minecraft:oak_boat":3,"minecraft:calcite":12,"minecraft:light_gray_wool":18,"minecraft:melon_slice":6,"minecraft:sugar_cane":150,"minecraft:furnace":8,"minecraft:egg":42,"minecraft:stick":2,"minecraft:raw_iron":209,"pamhc2trees:figitem":8,"minecraft:torch":23,"minecraft:porkchop":4,"minecraft:diorite":38,"minecraft:redstone":27,"pamhc2foodcore:fruitpunchitem":1,"minecraft:rotten_flesh":61,"minecraft:arrow":25,"create:scoria":3,"create:veridium":1,"travelersbackpack:gray_sleeping_bag":5,"minecraft:obsidian":14,"minecraft:rail":1,"minecraft:cobblestone":1006,"minecraft:white_wool":15,"minecraft:andesite":127,"minecraft:salmon":12,"minecraft:jungle_log":4,"pamhc2trees:bananaitem":8,"minecraft:leather":4,"minecraft:flint":1,"minecraft:tuff":31,"create:raw_zinc":13,"minecraft:oak_log":79,"minecraft:yellow_bed":2,"minecraft:cobblestone_stairs":1,"minecraft:lapis_lazuli":131,"minecraft:dirt":215,"minecraft:bone":16,"pamhc2trees:tamarinditem":4,"minecraft:bow":2,"minecraft:wheat_seeds":437,"minecraft:raw_gold":65,"minecraft:iron_ingot":12,"minecraft:oak_planks":7,"minecraft:smooth_basalt":8,"minecraft:dandelion":1,"minecraft:gravel":2,"minecraft:sand":35,"minecraft:amethyst_shard":4,"pamhc2trees:lycheeitem":8,"minecraft:grass_block":1,"minecraft:spider_eye":4,"minecraft:iron_hoe":2,"create:crimsite":1,"minecraft:diamond":26,"minecraft:granite":100,"minecraft:bone_meal":1,"pamhc2trees:guavaitem":8,"minecraft:gray_wool":8,"minecraft:bread":30,"minecraft:chainmail_helmet":1,"minecraft:warped_roots":1,"minecraft:coal":233,"minecraft:ender_pearl":3},"minecraft:crafted":{"minecraft:oak_planks":320,"minecraft:furnace":4,"minecraft:cobblestone_stairs":20,"minecraft:bone_meal":12,"minecraft:white_carpet":3,"minecraft:flint_and_steel":1,"minecraft:glass":22,"minecraft:iron_boots":4,"travelersbackpack:gray_sleeping_bag":3,"minecraft:ladder":15,"minecraft:iron_hoe":1,"minecraft:stone_pickaxe":12,"minecraft:chest":7,"minecraft:stone_hoe":1,"storagedrawers:oak_full_drawers_4":4,"minecraft:oak_fence":15,"minecraft:cooked_beef":2,"minecraft:emerald":5,"minecraft:crafting_table":3,"travelersbackpack:backpack_tank":2,"minecraft:iron_helmet":3,"minecraft:wooden_pickaxe":3,"travelersbackpack:standard":1,"minecraft:iron_sword":2,"minecraft:cooked_salmon":6,"minecraft:copper_ingot":53,"minecraft:bucket":3,"minecraft:stone_axe":2,"minecraft:bread":39,"minecraft:air":0,"minecraft:jungle_planks":16,"minecraft:oak_boat":1,"minecraft:iron_chestplate":3,"minecraft:paper":135,"minecraft:diamond_pickaxe":1,"minecraft:shield":3,"minecraft:stick":244,"minecraft:iron_ingot":157,"minecraft:iron_pickaxe":7,"minecraft:stone_sword":2,"minecraft:iron_leggings":3,"minecraft:iron_shovel":2,"minecraft:gold_ingot":15,"minecraft:torch":516,"create:zinc_ingot":5,"minecraft:shears":1}},"DataVersion":3465}