{"stats":{"minecraft:mined":{"minecraft:large_amethyst_bud":1,"create:deepslate_zinc_ore":12,"minecraft:spruce_planks":1,"minecraft:jungle_slab":1,"minecraft:cobblestone_stairs":2,"minecraft:jungle_leaves":4,"minecraft:brewing_stand":1,"minecraft:carved_pumpkin":7,"minecraft:obsidian":15,"minecraft:granite":221,"minecraft:budding_amethyst":3,"minecraft:grass_block":97,"minecraft:jungle_log":4,"minecraft:spawner":14,"minecraft:mossy_cobblestone_slab":1,"minecraft:iron_ore":97,"minecraft:cobbled_deepslate":23,"minecraft:pumpkin":8,"minecraft:deepslate_lapis_ore":14,"minecraft:cave_vines":1,"minecraft:dirt_path":19,"minecraft:oak_stairs":1,"minecraft:small_amethyst_bud":2,"create:veridium":1,"create:limestone":3,"travelersbackpack:gray_sleeping_bag":5,"minecraft:deepslate_redstone_ore":2,"minecraft:brown_mushroom":1,"minecraft:smoker":1,"minecraft:amethyst_cluster":1,"minecraft:torch":5,"minecraft:calcite":12,"minecraft:melon":1,"minecraft:polished_andesite_stairs":1,"create:scoria":3,"minecraft:cobblestone":234,"minecraft:grindstone":1,"minecraft:sugar_cane":156,"minecraft:oak_planks":12,"minecraft:wall_torch":8,"minecraft:amethyst_block":30,"minecraft:wheat":364,"minecraft:lilac":1,"minecraft:smooth_stone_slab":2,"minecraft:grass":145,"minecraft:oak_log":59,"minecraft:sand":53,"minecraft:dirt":49,"minecraft:smooth_basalt":9,"create:crimsite":1,"minecraft:oak_leaves":7,"minecraft:deepslate":480,"pamhc2crops:pamflaxcrop":1,"create:zinc_ore":1,"minecraft:tuff":50,"minecraft:mossy_cobblestone":9,"minecraft:deepslate_diamond_ore":26,"minecraft:jungle_planks":3,"create:ochrum":147,"minecraft:redstone_wire":1,"minecraft:spruce_leaves":1,"minecraft:oak_trapdoor":1,"minecraft:furnace":8,"pamhc2trees:pamcinnamon":1,"butcher:chicken_drained_corpse":6,"minecraft:snow":2,"minecraft:andesite":293,"minecraft:bookshelf":11,"minecraft:deepslate_iron_ore":125,"minecraft:packed_ice":7,"minecraft:stone":1905,"minecraft:white_wool":5,"pamhc2crops:windygarden":2,"minecraft:snow_block":16,"butcher:polarbearcorpse":3,"minecraft:crafting_table":19,"minecraft:tall_grass":14,"minecraft:copper_ore":19,"minecraft:lapis_ore":9,"minecraft:deepslate_gold_ore":66,"butcher:cowcorpse":3,"minecraft:diorite":116,"butcher:llamacorpsewhite":2,"travelersbackpack:magenta_sleeping_bag":4,"minecraft:ice":6,"minecraft:white_carpet":1,"minecraft:yellow_bed":2,"minecraft:coal_ore":361,"minecraft:gravel":39,"minecraft:dripstone_block":64,"minecraft:cobweb":70,"minecraft:polished_andesite":2},"minecraft:crafted":{"minecraft:oak_planks":356,"minecraft:cooked_chicken":11,"minecraft:cobblestone_stairs":20,"minecraft:glass":22,"vanillaplustools:iron_hammer":1,"minecraft:iron_boots":4,"travelersbackpack:gray_sleeping_bag":3,"minecraft:chest":7,"minecraft:stone_hoe":2,"storagedrawers:oak_full_drawers_4":4,"minecraft:magenta_dye":2,"minecraft:oak_fence":15,"minecraft:emerald":5,"born_in_chaos_v1:smoked_fish":4,"minecraft:crafting_table":5,"minecraft:iron_helmet":3,"minecraft:wooden_pickaxe":3,"travelersbackpack:standard":1,"minecraft:copper_ingot":53,"pamhc2foodcore:mayonaiseitem":1,"minecraft:iron_chestplate":3,"minecraft:paper":261,"minecraft:diamond_pickaxe":1,"minecraft:shield":4,"minecraft:stick":300,"minecraft:iron_ingot":166,"minecraft:iron_pickaxe":15,"minecraft:snow_block":15,"minecraft:stone_sword":2,"pamhc2foodcore:juiceritem":1,"minecraft:gold_ingot":52,"travelersbackpack:magenta_sleeping_bag":1,"minecraft:shears":1,"minecraft:magenta_wool":2,"minecraft:furnace":5,"minecraft:bone_meal":12,"minecraft:white_carpet":3,"minecraft:flint_and_steel":1,"minecraft:ladder":15,"minecraft:iron_hoe":1,"minecraft:stone_pickaxe":12,"pamhc2foodcore:fruitpunchitem":8,"minecraft:cooked_beef":16,"minecraft:enchanting_table":1,"travelersbackpack:backpack_tank":2,"minecraft:iron_sword":3,"minecraft:cooked_salmon":7,"minecraft:bucket":3,"minecraft:stone_axe":2,"minecraft:bread":39,"minecraft:air":0,"minecraft:jungle_planks":16,"minecraft:oak_boat":1,"minecraft:iron_shovel":2,"minecraft:iron_leggings":3,"minecraft:torch":696,"create:zinc_ingot":5},"minecraft:dropped":{"butcher:salt":47,"travelersbackpack:gray_sleeping_bag":2,"minecraft:leather":1,"mcdw:sword_claymore":1,"minecraft:emerald":1,"minecraft:dirt":69,"minecraft:snowball":63,"minecraft:bone_meal":7,"pamhc2trees:tamarinditem":1,"minecraft:bone":2,"minecraft:gravel":2,"minecraft:cobbled_deepslate":79,"born_in_chaos_v1:smoked_fish":4,"minecraft:obsidian":4,"minecraft:rotten_flesh":7,"butcher:wet_rag":1,"minecraft:salmon":1,"minecraft:carrot":1,"travelersbackpack:white_sleeping_bag":2,"minecraft:purple_carpet":1,"minecraft:egg":70,"minecraft:stone_hoe":1,"minecraft:iron_ingot":3,"butcher:chickenfoot":1,"minecraft:wheat_seeds":7,"minecraft:golden_helmet":2,"spartanweaponry:iron_boomerang":6,"butcher:butchers_knife":2,"minecraft:feather":5,"minecraft:cobblestone":272,"minecraft:granite":5,"minecraft:coal":3,"minecraft:diorite":19,"spartanweaponry:iron_battleaxe":1,"minecraft:redstone":18,"spartanweaponry:iron_battle_hammer":1,"minecraft:kelp":2,"create:ochrum":64,"minecraft:stone_sword":1,"minecraft:raw_copper":6,"minecraft:tuff":18,"spartanweaponry:iron_spear":1,"minecraft:raw_iron":5,"minecraft:chicken":1,"minecraft:iron_hoe":2,"butcher:cowcorpseitem":2,"minecraft:pumpkin_seeds":4,"minecraft:filled_map":2,"minecraft:diamond_sword":2,"minecraft:shield":1,"minecraft:spruce_planks":2,"pamhc2foodcore:juiceritem":1,"minecraft:spider_eye":1,"minecraft:wooden_pickaxe":2,"pamhc2trees:figitem":7},"minecraft:used":{"minecraft:iron_shovel":237,"butcher:polarbear_corpse_item":3,"minecraft:ladder":15,"minecraft:chest":2,"minecraft:shield":86,"minecraft:iron_sword":263,"minecraft:rotten_flesh":27,"minecraft:iron_chestplate":1,"pamhc2crops:grapeitem":2,"pamhc2trees:tamarinditem":3,"minecraft:snowball":4,"minecraft:azure_bluet":2,"minecraft:obsidian":10,"pamhc2crops:flaxitem":4,"spartanweaponry:iron_glaive":158,"butcher:chicken_head":1,"minecraft:bow":2,"minecraft:sweet_berries":15,"minecraft:oak_sapling":3,"minecraft:furnace":12,"minecraft:cooked_cod":2,"pamhc2trees:figitem":1,"minecraft:egg":322,"minecraft:diorite":17,"minecraft:stone_pickaxe":1286,"minecraft:oak_planks":9,"pamhc2trees:bananaitem":4,"pamhc2foodcore:fruitpunchitem":12,"minecraft:wooden_pickaxe":15,"minecraft:sugar_cane":20,"spartanweaponry:iron_boomerang":16,"minecraft:glow_berries":7,"minecraft:sand":3,"minecraft:shears":7,"minecraft:pumpkin_seeds":4,"minecraft:melon_slice":6,"minecraft:bread":120,"minecraft:diamond_sword":298,"minecraft:grindstone":1,"minecraft:andesite":5,"minecraft:oak_boat":30,"pamhc2crops:amaranthitem":1,"minecraft:bone_meal":5,"butcher:white_llama":2,"minecraft:oak_fence":3,"minecraft:enchanting_table":1,"minecraft:stone_sword":85,"minecraft:flint_and_steel":1,"minecraft:carved_pumpkin":7,"create:veridium":1,"born_in_chaos_v1:smoked_fish":1,"minecraft:cooked_salmon":10,"minecraft:stone_hoe":17,"minecraft:cooked_chicken":11,"minecraft:torch":739,"create:ochrum":67,"minecraft:brewing_stand":1,"minecraft:dirt":58,"travelersbackpack:gray_sleeping_bag":6,"minecraft:white_carpet":3,"pamhc2foodcore:mayonaiseitem":1,"minecraft:granite":5,"minecraft:birch_door":3,"minecraft:iron_hoe":24,"minecraft:iron_boots":3,"spartanweaponry:iron_battle_hammer":9,"minecraft:cooked_beef":5,"minecraft:cobbled_deepslate":162,"minecraft:pumpkin":8,"minecraft:wheat_seeds":384,"butcher:chicken_drained_corpse_item":6,"minecraft:water_bucket":60,"minecraft:cobblestone_stairs":16,"minecraft:snow_block":15,"minecraft:polished_andesite":1,"minecraft:warped_roots":1,"minecraft:rail":1,"minecraft:crafting_table":21,"travelersbackpack:magenta_sleeping_bag":4,"butcher:pig_corpse_item":1,"minecraft:smoker":1,"minecraft:diamond_pickaxe":16,"minecraft:apple":6,"minecraft:iron_pickaxe":1401,"minecraft:stone_axe":124,"minecraft:cobblestone":650,"travelersbackpack:standard":9,"vanillaplustools:iron_hammer":224,"storagedrawers:oak_full_drawers_4":4,"minecraft:porkchop":4,"minecraft:bucket":64,"minecraft:yellow_bed":2,"minecraft:dandelion":1},"minecraft:picked_up":{"pamhc2crops:cornitem":1,"minecraft:birch_door":10,"minecraft:wheat":351,"minecraft:lead":2,"minecraft:diamond_sword":2,"minecraft:oak_stairs":1,"minecraft:brewing_stand":1,"butcher:cowcorpseitem":2,"minecraft:golden_sword":1,"minecraft:amethyst_block":30,"darkestsouls:beast_blood_clump":2,"minecraft:string":74,"minecraft:raw_copper":59,"create:limestone":3,"minecraft:smooth_stone_slab":3,"darkestsouls:rune_fragment":3,"minecraft:cobbled_deepslate":443,"minecraft:spruce_planks":2,"minecraft:calcite":12,"butcher:white_llama":2,"butcher:chicken_drained_corpse_item":6,"butcher:salt":56,"minecraft:melon_slice":6,"minecraft:furnace":8,"minecraft:golden_helmet":2,"minecraft:stick":2,"minecraft:torch":37,"minecraft:porkchop":4,"minecraft:diorite":104,"minecraft:rotten_flesh":68,"create:scoria":3,"create:ochrum":163,"minecraft:carved_pumpkin":7,"create:veridium":1,"travelersbackpack:gray_sleeping_bag":6,"spartanweaponry:iron_glaive":1,"minecraft:obsidian":14,"butcher:chickenfoot":1,"minecraft:snowball":136,"minecraft:cobblestone":1631,"minecraft:feather":15,"minecraft:lilac":1,"butcher:pig_corpse_item":1,"minecraft:andesite":209,"minecraft:jungle_log":4,"pamhc2trees:bananaitem":8,"spartanweaponry:iron_battleaxe":1,"minecraft:smoker":1,"minecraft:potato":7,"minecraft:flint":3,"minecraft:tuff":31,"create:raw_zinc":13,"pamhc2foodcore:juiceritem":1,"minecraft:lapis_lazuli":145,"minecraft:dirt":228,"minecraft:purple_carpet":1,"minecraft:bone":21,"minecraft:bow":2,"pamhc2trees:tamarinditem":4,"minecraft:wheat_seeds":996,"minecraft:raw_gold":65,"minecraft:grindstone":1,"minecraft:oak_planks":17,"travelersbackpack:magenta_sleeping_bag":4,"minecraft:sand":52,"pamhc2trees:lycheeitem":8,"minecraft:grass_block":2,"minecraft:jungle_slab":1,"travelersbackpack:white_sleeping_bag":2,"minecraft:iron_hoe":2,"minecraft:polished_andesite":1,"create:crimsite":1,"butcher:rag":1,"minecraft:diamond":26,"minecraft:granite":197,"minecraft:bone_meal":3,"minecraft:emerald":1,"minecraft:chainmail_helmet":1,"minecraft:bread":30,"born_in_chaos_v1:rotten_fish":4,"minecraft:crafting_table":18,"pamhc2foodcore:mayonaiseitem":64,"minecraft:azure_bluet":2,"minecraft:chicken":14,"minecraft:brown_mushroom":1,"pamhc2crops:amaranthitem":3,"pamhc2crops:grapeitem":5,"pamhc2crops:parsnipitem":1,"minecraft:shield":1,"born_in_chaos_v1:smoked_fish":1,"minecraft:white_carpet":1,"minecraft:iron_shovel":1,"minecraft:beef":18,"minecraft:oak_boat":29,"minecraft:light_gray_wool":84,"minecraft:sugar_cane":281,"mcdw:sword_claymore":1,"minecraft:egg":424,"minecraft:raw_iron":223,"pamhc2trees:figitem":8,"minecraft:redstone":28,"pamhc2foodcore:fruitpunchitem":7,"minecraft:arrow":26,"butcher:chicken_head":1,"minecraft:white_wool":50,"minecraft:rail":1,"born_in_chaos_v1:corpse_maggot":1,"butcher:butchers_knife":2,"minecraft:salmon":17,"minecraft:leather":7,"minecraft:filled_map":1,"minecraft:oak_log":88,"pamhc2trees:lemonitem":24,"minecraft:yellow_bed":2,"pamhc2crops:flaxitem":4,"minecraft:cobblestone_stairs":1,"butcher:polarbear_corpse_item":3,"minecraft:kelp":2,"minecraft:iron_ingot":12,"darkestsouls:blood_stone_fragment":2,"minecraft:book":30,"minecraft:smooth_basalt":8,"minecraft:pumpkin":8,"minecraft:sweet_berries":24,"minecraft:dandelion":1,"minecraft:dripstone_block":52,"minecraft:gravel":24,"minecraft:amethyst_shard":4,"minecraft:spider_eye":8,"spartanweaponry:iron_battle_hammer":1,"minecraft:pumpkin_seeds":32,"pamhc2trees:guavaitem":8,"minecraft:gray_wool":16,"minecraft:warped_roots":1,"minecraft:coal":394,"butcher:chickenbeak":4,"minecraft:ender_pearl":3},"minecraft:killed_by":{"minecraft:creeper":1,"darkestsouls:leech":2,"minecraft:cave_spider":1,"minecraft:zombie":1,"minecraft:player":2,"minecraft:skeleton":1},"minecraft:broken":{"minecraft:iron_boots":1,"minecraft:stone_pickaxe":8,"minecraft:iron_sword":1,"minecraft:shield":1,"minecraft:iron_pickaxe":3},"minecraft:custom":{"minecraft:animals_bred":286,"minecraft:interact_with_crafting_table":119,"minecraft:open_barrel":1,"minecraft:bell_ring":32,"minecraft:leave_game":13,"minecraft:time_since_death":27821,"minecraft:sprint_one_cm":1348189,"minecraft:damage_blocked_by_shield":6828,"minecraft:drop":119,"minecraft:talked_to_villager":25,"minecraft:play_time":817170,"minecraft:deaths":9,"minecraft:jump":13160,"minecraft:walk_on_water_one_cm":168310,"minecraft:interact_with_furnace":120,"minecraft:traded_with_villager":5,"minecraft:sleep_in_bed":33,"minecraft:waystone_activated":1,"minecraft:damage_dealt":32786,"minecraft:player_kills":2,"minecraft:crouch_one_cm":143727,"minecraft:interact_with_smoker":5,"minecraft:horse_one_cm":97207,"minecraft:mob_kills":202,"minecraft:climb_one_cm":26997,"minecraft:walk_one_cm":2954097,"minecraft:sneak_time":53556,"minecraft:walk_under_water_one_cm":143388,"minecraft:boat_one_cm":896694,"minecraft:interact_with_blast_furnace":1,"minecraft:total_world_time":817170,"minecraft:time_since_rest":6704,"minecraft:damage_taken":10806,"minecraft:swim_one_cm":245986,"minecraft:fly_one_cm":1900942,"minecraft:open_chest":312,"minecraft:fall_one_cm":259299},"minecraft:killed":{"minecraft:cave_spider":9,"minecraft:spider":13,"darkestsouls:leech":1,"minecraft:skeleton":19,"minecraft:chicken":13,"minecraft:pig":3,"minecraft:salmon":16,"minecraft:creeper":3,"minecraft:pillager":1,"minecraft:zombie":84,"born_in_chaos_v1:corpse_fly":3,"minecraft:cow":11,"darkestsouls:church_doctor":1,"born_in_chaos_v1:maggot":1,"born_in_chaos_v1:corpse_fish":7,"minecraft:snow_golem":1,"minecraft:wandering_trader":1,"minecraft:polar_bear":1,"darkestsouls:cloaked_beast_patient":2,"minecraft:enderman":4}},"DataVersion":3465}