{"stats":{"minecraft:used":{"minecraft:stone_sword":85,"minecraft:iron_shovel":90,"minecraft:flint_and_steel":1,"create:veridium":1,"minecraft:chest":1,"minecraft:shield":49,"minecraft:iron_sword":119,"minecraft:cooked_salmon":6,"minecraft:stone_hoe":12,"minecraft:rotten_flesh":27,"minecraft:iron_chestplate":1,"minecraft:torch":363,"minecraft:dirt":12,"minecraft:granite":5,"minecraft:obsidian":10,"minecraft:iron_hoe":7,"minecraft:iron_boots":2,"minecraft:furnace":10,"minecraft:oak_sapling":1,"minecraft:cobbled_deepslate":1,"minecraft:wheat_seeds":20,"minecraft:stone_pickaxe":1171,"minecraft:wooden_pickaxe":15,"minecraft:sugar_cane":7,"minecraft:crafting_table":14,"minecraft:diamond_pickaxe":12,"minecraft:apple":5,"minecraft:bread":31,"minecraft:iron_pickaxe":352,"minecraft:stone_axe":45,"minecraft:cobblestone":267,"minecraft:porkchop":4,"minecraft:bucket":3,"minecraft:andesite":5,"minecraft:oak_boat":2},"minecraft:killed_by":{"minecraft:player":2,"minecraft:creeper":1,"minecraft:zombie":1},"minecraft:broken":{"minecraft:stone_pickaxe":7,"minecraft:iron_pickaxe":1},"minecraft:dropped":{"minecraft:stone_hoe":1,"minecraft:wheat_seeds":2,"minecraft:cobblestone":1,"minecraft:dirt":1,"minecraft:gravel":1,"minecraft:stone_sword":1,"minecraft:raw_copper":6,"minecraft:tuff":16,"minecraft:rotten_flesh":4,"minecraft:iron_hoe":2,"minecraft:wooden_pickaxe":2},"minecraft:killed":{"minecraft:spider":5,"minecraft:skeleton":7,"minecraft:pig":3,"minecraft:salmon":8,"minecraft:zombie":32,"minecraft:enderman":2},"minecraft:custom":{"minecraft:mob_kills":62,"minecraft:interact_with_crafting_table":47,"minecraft:bell_ring":18,"minecraft:leave_game":4,"minecraft:time_since_death":136121,"minecraft:climb_one_cm":676,"minecraft:sprint_one_cm":216971,"minecraft:walk_one_cm":1117325,"minecraft:damage_blocked_by_shield":3780,"minecraft:drop":13,"minecraft:talked_to_villager":9,"minecraft:play_time":235493,"minecraft:deaths":5,"minecraft:sneak_time":17073,"minecraft:walk_under_water_one_cm":36641,"minecraft:jump":4103,"minecraft:walk_on_water_one_cm":41131,"minecraft:total_world_time":235493,"minecraft:interact_with_furnace":44,"minecraft:traded_with_villager":1,"minecraft:sleep_in_bed":5,"minecraft:time_since_rest":9947,"minecraft:damage_taken":3938,"minecraft:damage_dealt":10203,"minecraft:swim_one_cm":78310,"minecraft:fly_one_cm":383505,"minecraft:player_kills":2,"minecraft:open_chest":21,"minecraft:crouch_one_cm":38482,"minecraft:fall_one_cm":67822},"minecraft:mined":{"create:deepslate_zinc_ore":9,"minecraft:tuff":17,"minecraft:deepslate_diamond_ore":18,"minecraft:obsidian":11,"minecraft:granite":92,"minecraft:grass_block":68,"minecraft:furnace":8,"pamhc2trees:pamcinnamon":1,"minecraft:iron_ore":64,"minecraft:cobbled_deepslate":1,"minecraft:andesite":48,"minecraft:deepslate_lapis_ore":6,"minecraft:deepslate_iron_ore":108,"minecraft:dirt_path":19,"minecraft:stone":644,"create:veridium":1,"create:limestone":3,"minecraft:crafting_table":15,"minecraft:torch":2,"minecraft:tall_grass":13,"minecraft:copper_ore":6,"minecraft:cobblestone":24,"minecraft:deepslate_gold_ore":29,"minecraft:lapis_ore":7,"minecraft:sugar_cane":28,"minecraft:oak_planks":5,"minecraft:diorite":38,"minecraft:wall_torch":7,"minecraft:wheat":9,"minecraft:grass":117,"minecraft:coal_ore":149,"minecraft:oak_log":35,"minecraft:gravel":1,"minecraft:dirt":23,"create:crimsite":1,"minecraft:oak_leaves":3,"minecraft:deepslate":250},"minecraft:picked_up":{"minecraft:crafting_table":14,"minecraft:wheat":9,"create:limestone":3,"minecraft:string":7,"minecraft:raw_copper":18,"minecraft:cobbled_deepslate":205,"minecraft:oak_boat":2,"minecraft:sugar_cane":50,"minecraft:furnace":8,"minecraft:raw_iron":172,"minecraft:torch":20,"minecraft:porkchop":4,"minecraft:diorite":38,"minecraft:rotten_flesh":42,"minecraft:arrow":15,"create:veridium":1,"minecraft:obsidian":10,"minecraft:cobblestone":676,"minecraft:salmon":8,"minecraft:andesite":48,"minecraft:flint":1,"minecraft:tuff":16,"create:raw_zinc":8,"minecraft:oak_log":35,"minecraft:lapis_lazuli":71,"minecraft:dirt":101,"minecraft:bone":7,"minecraft:bow":1,"minecraft:wheat_seeds":43,"minecraft:raw_gold":28,"minecraft:iron_ingot":11,"minecraft:oak_planks":6,"minecraft:gravel":1,"minecraft:spider_eye":3,"minecraft:iron_hoe":2,"create:crimsite":1,"minecraft:diamond":18,"minecraft:granite":91,"minecraft:bone_meal":1,"minecraft:warped_roots":1,"minecraft:bread":30,"minecraft:chainmail_helmet":1,"minecraft:coal":142,"minecraft:ender_pearl":2},"minecraft:crafted":{"minecraft:oak_planks":140,"minecraft:furnace":3,"minecraft:flint_and_steel":1,"minecraft:iron_boots":2,"minecraft:iron_hoe":1,"minecraft:stone_pickaxe":12,"minecraft:chest":1,"minecraft:stone_hoe":1,"minecraft:emerald":1,"minecraft:crafting_table":3,"minecraft:iron_helmet":2,"minecraft:wooden_pickaxe":3,"minecraft:iron_sword":2,"minecraft:cooked_salmon":6,"minecraft:bucket":3,"minecraft:stone_axe":2,"minecraft:air":0,"minecraft:oak_boat":1,"minecraft:iron_chestplate":2,"minecraft:paper":24,"minecraft:diamond_pickaxe":1,"minecraft:shield":2,"minecraft:stick":148,"minecraft:iron_pickaxe":3,"minecraft:iron_ingot":120,"minecraft:stone_sword":2,"minecraft:iron_leggings":2,"minecraft:iron_shovel":1,"minecraft:torch":368}},"DataVersion":3465}