{"stats":{"minecraft:used":{"minecraft:wheat_seeds":20,"minecraft:stone_sword":85,"minecraft:iron_shovel":90,"minecraft:stone_pickaxe":1155,"create:veridium":1,"minecraft:wooden_pickaxe":15,"minecraft:shield":49,"minecraft:cooked_salmon":6,"minecraft:iron_sword":119,"minecraft:sugar_cane":7,"minecraft:rotten_flesh":27,"minecraft:stone_hoe":12,"minecraft:iron_chestplate":1,"minecraft:torch":358,"minecraft:dirt":12,"minecraft:crafting_table":14,"minecraft:granite":5,"minecraft:iron_hoe":7,"minecraft:diamond_pickaxe":12,"minecraft:apple":5,"minecraft:bread":31,"minecraft:iron_pickaxe":329,"minecraft:iron_boots":2,"minecraft:stone_axe":45,"minecraft:cobblestone":251,"minecraft:oak_sapling":1,"minecraft:furnace":8,"minecraft:porkchop":4,"minecraft:andesite":5,"minecraft:bucket":3,"minecraft:oak_boat":2,"minecraft:cobbled_deepslate":1},"minecraft:killed_by":{"minecraft:player":2,"minecraft:creeper":1,"minecraft:zombie":1},"minecraft:broken":{"minecraft:stone_pickaxe":7},"minecraft:dropped":{"minecraft:stone_hoe":1,"minecraft:gravel":1,"minecraft:wheat_seeds":2,"minecraft:stone_sword":1,"minecraft:raw_copper":6,"minecraft:tuff":16,"minecraft:cobblestone":1,"minecraft:iron_hoe":2,"minecraft:dirt":1,"minecraft:wooden_pickaxe":2},"minecraft:killed":{"minecraft:pig":3,"minecraft:salmon":8,"minecraft:spider":5,"minecraft:skeleton":7,"minecraft:zombie":32,"minecraft:enderman":2},"minecraft:mined":{"create:deepslate_zinc_ore":9,"minecraft:tuff":17,"minecraft:deepslate_diamond_ore":18,"minecraft:obsidian":11,"minecraft:crafting_table":15,"minecraft:torch":2,"minecraft:granite":92,"minecraft:grass_block":68,"minecraft:copper_ore":6,"minecraft:tall_grass":13,"minecraft:cobblestone":24,"minecraft:lapis_ore":7,"minecraft:deepslate_gold_ore":29,"minecraft:oak_planks":5,"minecraft:sugar_cane":25,"minecraft:diorite":38,"minecraft:wall_torch":6,"pamhc2trees:pamcinnamon":1,"minecraft:furnace":7,"minecraft:iron_ore":64,"minecraft:wheat":9,"minecraft:cobbled_deepslate":1,"minecraft:andesite":48,"minecraft:deepslate_lapis_ore":6,"minecraft:grass":116,"minecraft:oak_log":35,"minecraft:coal_ore":149,"minecraft:dirt_path":19,"minecraft:deepslate_iron_ore":108,"minecraft:gravel":1,"minecraft:dirt":23,"minecraft:stone":606,"create:veridium":1,"create:crimsite":1,"create:limestone":3,"minecraft:oak_leaves":3,"minecraft:deepslate":250},"minecraft:custom":{"minecraft:interact_with_furnace":38,"minecraft:mob_kills":62,"minecraft:interact_with_crafting_table":42,"minecraft:bell_ring":18,"minecraft:leave_game":4,"minecraft:time_since_death":124121,"minecraft:sleep_in_bed":3,"minecraft:climb_one_cm":676,"minecraft:time_since_rest":9012,"minecraft:sprint_one_cm":198562,"minecraft:damage_taken":3886,"minecraft:walk_one_cm":1078159,"minecraft:damage_blocked_by_shield":3780,"minecraft:drop":12,"minecraft:damage_dealt":10203,"minecraft:player_kills":2,"minecraft:swim_one_cm":77892,"minecraft:talked_to_villager":7,"minecraft:fly_one_cm":349738,"minecraft:open_chest":11,"minecraft:play_time":223493,"minecraft:crouch_one_cm":38187,"minecraft:sneak_time":17018,"minecraft:deaths":5,"minecraft:walk_under_water_one_cm":36282,"minecraft:jump":3946,"minecraft:walk_on_water_one_cm":39979,"minecraft:total_world_time":223493,"minecraft:fall_one_cm":64813},"minecraft:picked_up":{"minecraft:crafting_table":14,"minecraft:wheat":9,"minecraft:andesite":48,"minecraft:salmon":8,"minecraft:tuff":16,"create:raw_zinc":8,"minecraft:oak_log":35,"minecraft:dirt":101,"minecraft:lapis_lazuli":71,"minecraft:string":7,"minecraft:raw_copper":18,"create:limestone":3,"minecraft:bone":7,"minecraft:bow":1,"minecraft:wheat_seeds":43,"minecraft:cobbled_deepslate":205,"minecraft:raw_gold":28,"minecraft:iron_ingot":7,"minecraft:oak_boat":2,"minecraft:sugar_cane":43,"minecraft:oak_planks":6,"minecraft:furnace":7,"minecraft:raw_iron":172,"minecraft:torch":19,"minecraft:gravel":1,"minecraft:porkchop":4,"minecraft:diorite":38,"minecraft:spider_eye":3,"minecraft:iron_hoe":2,"minecraft:arrow":15,"create:crimsite":1,"minecraft:rotten_flesh":42,"minecraft:diamond":18,"minecraft:granite":91,"minecraft:bone_meal":1,"create:veridium":1,"minecraft:chainmail_helmet":1,"minecraft:bread":30,"minecraft:obsidian":10,"minecraft:coal":142,"minecraft:cobblestone":638,"minecraft:ender_pearl":2},"minecraft:crafted":{"minecraft:oak_planks":136,"minecraft:crafting_table":3,"minecraft:wooden_pickaxe":3,"minecraft:iron_helmet":2,"minecraft:iron_sword":2,"minecraft:furnace":2,"minecraft:cooked_salmon":6,"minecraft:bucket":3,"minecraft:stone_axe":2,"minecraft:air":0,"minecraft:oak_boat":1,"minecraft:iron_boots":2,"minecraft:iron_chestplate":2,"minecraft:diamond_pickaxe":1,"minecraft:shield":2,"minecraft:iron_hoe":1,"minecraft:stick":144,"minecraft:iron_ingot":120,"minecraft:iron_pickaxe":2,"minecraft:stone_pickaxe":12,"minecraft:stone_sword":2,"minecraft:iron_shovel":1,"minecraft:iron_leggings":2,"minecraft:torch":368,"minecraft:stone_hoe":1}},"DataVersion":3465}