{"stats":{"minecraft:picked_up":{"minecraft:crafting_table":12,"minecraft:salmon":8,"minecraft:andesite":48,"create:raw_zinc":8,"minecraft:tuff":16,"minecraft:oak_log":34,"minecraft:string":5,"minecraft:lapis_lazuli":71,"minecraft:dirt":23,"minecraft:raw_copper":18,"create:limestone":3,"minecraft:bone":6,"minecraft:bow":1,"minecraft:wheat_seeds":15,"minecraft:cobbled_deepslate":205,"minecraft:raw_gold":22,"minecraft:iron_ingot":7,"minecraft:sugar_cane":7,"minecraft:oak_planks":6,"minecraft:furnace":7,"minecraft:raw_iron":169,"minecraft:torch":18,"minecraft:gravel":1,"minecraft:porkchop":4,"minecraft:diorite":38,"minecraft:spider_eye":3,"minecraft:arrow":13,"create:crimsite":1,"minecraft:rotten_flesh":41,"minecraft:diamond":13,"minecraft:granite":91,"minecraft:bone_meal":1,"create:veridium":1,"minecraft:chainmail_helmet":1,"minecraft:bread":30,"minecraft:coal":141,"minecraft:cobblestone":635},"minecraft:custom":{"minecraft:interact_with_furnace":36,"minecraft:mob_kills":53,"minecraft:interact_with_crafting_table":37,"minecraft:bell_ring":18,"minecraft:leave_game":4,"minecraft:time_since_death":89831,"minecraft:sleep_in_bed":2,"minecraft:climb_one_cm":676,"minecraft:time_since_rest":89862,"minecraft:sprint_one_cm":138558,"minecraft:damage_taken":3420,"minecraft:walk_one_cm":918104,"minecraft:damage_blocked_by_shield":3270,"minecraft:drop":8,"minecraft:damage_dealt":7902,"minecraft:talked_to_villager":1,"minecraft:player_kills":2,"minecraft:swim_one_cm":77892,"minecraft:fly_one_cm":281283,"minecraft:open_chest":7,"minecraft:crouch_one_cm":32673,"minecraft:play_time":189203,"minecraft:deaths":5,"minecraft:sneak_time":15296,"minecraft:walk_under_water_one_cm":33750,"minecraft:jump":3298,"minecraft:walk_on_water_one_cm":32142,"minecraft:total_world_time":189203,"minecraft:fall_one_cm":53524},"minecraft:crafted":{"minecraft:oak_planks":136,"minecraft:crafting_table":3,"minecraft:wooden_pickaxe":3,"minecraft:iron_helmet":2,"minecraft:iron_sword":2,"minecraft:furnace":2,"minecraft:cooked_salmon":6,"minecraft:bucket":3,"minecraft:stone_axe":2,"minecraft:air":0,"minecraft:iron_boots":2,"minecraft:iron_chestplate":2,"minecraft:shield":2,"minecraft:stick":120,"minecraft:iron_ingot":91,"minecraft:iron_pickaxe":2,"minecraft:stone_pickaxe":11,"minecraft:stone_sword":2,"minecraft:iron_leggings":2,"minecraft:torch":296,"minecraft:stone_hoe":1},"minecraft:dropped":{"minecraft:gravel":1,"minecraft:wheat_seeds":2,"minecraft:raw_copper":6,"minecraft:tuff":16,"minecraft:cobblestone":1,"minecraft:dirt":1,"minecraft:wooden_pickaxe":2},"minecraft:killed_by":{"minecraft:player":2,"minecraft:creeper":1,"minecraft:zombie":1},"minecraft:broken":{"minecraft:stone_pickaxe":7},"minecraft:killed":{"minecraft:pig":3,"minecraft:salmon":8,"minecraft:spider":5,"minecraft:skeleton":6,"minecraft:zombie":27},"minecraft:used":{"minecraft:wheat_seeds":11,"minecraft:stone_sword":85,"minecraft:stone_pickaxe":1155,"create:veridium":1,"minecraft:shield":42,"minecraft:wooden_pickaxe":15,"minecraft:iron_sword":74,"minecraft:cooked_salmon":6,"minecraft:stone_hoe":12,"minecraft:rotten_flesh":27,"minecraft:sugar_cane":7,"minecraft:iron_chestplate":1,"minecraft:torch":289,"minecraft:dirt":12,"minecraft:crafting_table":12,"minecraft:granite":5,"minecraft:apple":5,"minecraft:bread":18,"minecraft:iron_pickaxe":290,"minecraft:iron_boots":2,"minecraft:stone_axe":41,"minecraft:cobblestone":177,"minecraft:furnace":7,"minecraft:oak_sapling":1,"minecraft:porkchop":4,"minecraft:andesite":5,"minecraft:bucket":2,"minecraft:cobbled_deepslate":1},"minecraft:mined":{"create:deepslate_zinc_ore":9,"minecraft:tuff":17,"minecraft:deepslate_diamond_ore":13,"minecraft:crafting_table":13,"minecraft:torch":2,"minecraft:granite":92,"minecraft:grass_block":2,"minecraft:tall_grass":13,"minecraft:copper_ore":6,"minecraft:cobblestone":23,"minecraft:deepslate_gold_ore":22,"minecraft:lapis_ore":7,"minecraft:oak_planks":5,"minecraft:sugar_cane":5,"minecraft:diorite":38,"minecraft:wall_torch":6,"minecraft:furnace":7,"pamhc2trees:pamcinnamon":1,"minecraft:iron_ore":64,"minecraft:cobbled_deepslate":1,"minecraft:andesite":48,"minecraft:deepslate_lapis_ore":6,"minecraft:grass":113,"minecraft:oak_log":34,"minecraft:coal_ore":149,"minecraft:deepslate_iron_ore":105,"minecraft:gravel":1,"minecraft:dirt":21,"minecraft:stone":606,"create:veridium":1,"create:crimsite":1,"create:limestone":3,"minecraft:oak_leaves":2,"minecraft:deepslate":226}},"DataVersion":3465}