{"stats":{"minecraft:picked_up":{"minecraft:crafting_table":6,"minecraft:salmon":2,"minecraft:andesite":22,"create:raw_zinc":8,"minecraft:tuff":16,"minecraft:oak_log":10,"minecraft:lapis_lazuli":28,"minecraft:dirt":18,"minecraft:raw_copper":6,"create:limestone":3,"minecraft:bone":2,"minecraft:bow":1,"minecraft:wheat_seeds":2,"minecraft:cobbled_deepslate":75,"minecraft:raw_gold":12,"minecraft:iron_ingot":4,"minecraft:sugar_cane":7,"minecraft:oak_planks":6,"minecraft:furnace":3,"minecraft:raw_iron":75,"minecraft:torch":15,"minecraft:gravel":1,"minecraft:diorite":38,"minecraft:spider_eye":1,"minecraft:arrow":5,"create:crimsite":1,"minecraft:rotten_flesh":9,"minecraft:diamond":10,"minecraft:granite":58,"create:veridium":1,"minecraft:bread":17,"minecraft:coal":63,"minecraft:cobblestone":313},"minecraft:custom":{"minecraft:interact_with_furnace":16,"minecraft:mob_kills":17,"minecraft:interact_with_crafting_table":18,"minecraft:leave_game":4,"minecraft:time_since_death":71675,"minecraft:sleep_in_bed":2,"minecraft:climb_one_cm":676,"minecraft:time_since_rest":51209,"minecraft:sprint_one_cm":56485,"minecraft:damage_taken":1388,"minecraft:walk_one_cm":259389,"minecraft:damage_blocked_by_shield":900,"minecraft:drop":6,"minecraft:damage_dealt":1857,"minecraft:swim_one_cm":24004,"minecraft:fly_one_cm":125475,"minecraft:open_chest":3,"minecraft:crouch_one_cm":16209,"minecraft:play_time":75203,"minecraft:deaths":2,"minecraft:sneak_time":7763,"minecraft:walk_under_water_one_cm":17199,"minecraft:jump":1105,"minecraft:walk_on_water_one_cm":13692,"minecraft:total_world_time":75203,"minecraft:fall_one_cm":20687},"minecraft:crafted":{"minecraft:oak_planks":40,"minecraft:crafting_table":1,"minecraft:wooden_pickaxe":1,"minecraft:iron_helmet":1,"minecraft:iron_sword":1,"minecraft:furnace":1,"minecraft:bucket":1,"minecraft:stone_axe":1,"minecraft:air":0,"minecraft:iron_boots":1,"minecraft:iron_chestplate":1,"minecraft:shield":1,"minecraft:stick":48,"minecraft:iron_ingot":36,"minecraft:iron_pickaxe":1,"minecraft:stone_pickaxe":5,"minecraft:stone_sword":1,"minecraft:iron_leggings":1,"minecraft:torch":120},"minecraft:dropped":{"minecraft:gravel":1,"minecraft:wheat_seeds":2,"minecraft:raw_copper":6,"minecraft:tuff":16,"minecraft:cobblestone":1,"minecraft:wooden_pickaxe":1},"minecraft:killed_by":{"minecraft:player":2},"minecraft:broken":{"minecraft:stone_pickaxe":4},"minecraft:killed":{"minecraft:salmon":2,"minecraft:spider":1,"minecraft:skeleton":2,"minecraft:zombie":9},"minecraft:used":{"minecraft:stone_sword":22,"minecraft:stone_pickaxe":622,"create:veridium":1,"minecraft:shield":17,"minecraft:wooden_pickaxe":5,"minecraft:iron_sword":19,"minecraft:sugar_cane":7,"minecraft:iron_chestplate":1,"minecraft:torch":120,"minecraft:dirt":9,"minecraft:crafting_table":6,"minecraft:apple":5,"minecraft:bread":16,"minecraft:iron_pickaxe":93,"minecraft:iron_boots":1,"minecraft:stone_axe":16,"minecraft:cobblestone":91,"minecraft:furnace":3,"minecraft:oak_sapling":1,"minecraft:bucket":1},"minecraft:mined":{"create:deepslate_zinc_ore":9,"minecraft:tuff":16,"minecraft:deepslate_diamond_ore":10,"minecraft:crafting_table":7,"minecraft:torch":2,"minecraft:granite":59,"minecraft:grass_block":2,"minecraft:tall_grass":2,"minecraft:copper_ore":2,"minecraft:cobblestone":20,"minecraft:deepslate_gold_ore":12,"minecraft:lapis_ore":7,"minecraft:oak_planks":5,"minecraft:sugar_cane":5,"minecraft:diorite":38,"minecraft:wall_torch":5,"minecraft:furnace":3,"pamhc2trees:pamcinnamon":1,"minecraft:iron_ore":37,"minecraft:andesite":22,"minecraft:grass":20,"minecraft:oak_log":10,"minecraft:coal_ore":71,"minecraft:deepslate_iron_ore":38,"minecraft:gravel":1,"minecraft:dirt":16,"minecraft:stone":292,"create:veridium":1,"create:crimsite":1,"create:limestone":3,"minecraft:oak_leaves":2,"minecraft:deepslate":71}},"DataVersion":3465}